solid OpenSCAD_Model
  facet normal -0.338727 -0.940885 0
    outer loop
      vertex -49.0959 -29.288 0
      vertex -47.234 -29.9583 5
      vertex -49.0959 -29.288 5
    endloop
  endfacet
  facet normal -0.338727 -0.940885 -0
    outer loop
      vertex -47.234 -29.9583 5
      vertex -49.0959 -29.288 0
      vertex -47.234 -29.9583 0
    endloop
  endfacet
  facet normal -0.999506 -0.031432 0
    outer loop
      vertex -68.9378 -1.9779 0
      vertex -69 0 5
      vertex -69 0 0
    endloop
  endfacet
  facet normal -0.999506 -0.031432 0
    outer loop
      vertex -69 0 5
      vertex -68.9378 -1.9779 0
      vertex -68.9378 -1.9779 5
    endloop
  endfacet
  facet normal -0.827081 -0.562083 0
    outer loop
      vertex -62.984 -18.5152 0
      vertex -64.0963 -16.8785 5
      vertex -64.0963 -16.8785 0
    endloop
  endfacet
  facet normal -0.827081 -0.562083 0
    outer loop
      vertex -64.0963 -16.8785 5
      vertex -62.984 -18.5152 0
      vertex -62.984 -18.5152 5
    endloop
  endfacet
  facet normal -0.218107 0.975925 0
    outer loop
      vertex -43.4025 30.942 0
      vertex -45.3337 30.5104 5
      vertex -43.4025 30.942 5
    endloop
  endfacet
  facet normal -0.218107 0.975925 0
    outer loop
      vertex -45.3337 30.5104 5
      vertex -43.4025 30.942 0
      vertex -45.3337 30.5104 0
    endloop
  endfacet
  facet normal 0 -1 0
    outer loop
      vertex -37.5 -31.5 0
      vertex 37.5 -31.5 5
      vertex -37.5 -31.5 5
    endloop
  endfacet
  facet normal 0 -1 -0
    outer loop
      vertex 37.5 -31.5 5
      vertex -37.5 -31.5 0
      vertex 37.5 -31.5 0
    endloop
  endfacet
  facet normal 0.0940936 -0.995563 0
    outer loop
      vertex 39.4779 -31.4378 0
      vertex 41.448 -31.2516 5
      vertex 39.4779 -31.4378 5
    endloop
  endfacet
  facet normal 0.0940936 -0.995563 0
    outer loop
      vertex 41.448 -31.2516 5
      vertex 39.4779 -31.4378 0
      vertex 41.448 -31.2516 0
    endloop
  endfacet
  facet normal 0.827081 0.562083 0
    outer loop
      vertex 64.0963 16.8785 5
      vertex 62.984 18.5152 0
      vertex 62.984 18.5152 5
    endloop
  endfacet
  facet normal 0.827081 0.562083 0
    outer loop
      vertex 62.984 18.5152 0
      vertex 64.0963 16.8785 5
      vertex 64.0963 16.8785 0
    endloop
  endfacet
  facet normal -0.975925 0.218105 0
    outer loop
      vertex -68.442 5.90251 0
      vertex -68.0104 7.83373 5
      vertex -68.0104 7.83373 0
    endloop
  endfacet
  facet normal -0.975925 0.218105 0
    outer loop
      vertex -68.0104 7.83373 5
      vertex -68.442 5.90251 0
      vertex -68.442 5.90251 5
    endloop
  endfacet
  facet normal -0.860726 0.509068 0
    outer loop
      vertex -65.1037 15.1752 0
      vertex -64.0963 16.8785 5
      vertex -64.0963 16.8785 0
    endloop
  endfacet
  facet normal -0.860726 0.509068 0
    outer loop
      vertex -64.0963 16.8785 5
      vertex -65.1037 15.1752 0
      vertex -65.1037 15.1752 5
    endloop
  endfacet
  facet normal -0.891006 -0.453992 0
    outer loop
      vertex -65.1037 -15.1752 0
      vertex -66.0021 -13.412 5
      vertex -66.0021 -13.412 0
    endloop
  endfacet
  facet normal -0.891006 -0.453992 0
    outer loop
      vertex -66.0021 -13.412 5
      vertex -65.1037 -15.1752 0
      vertex -65.1037 -15.1752 5
    endloop
  endfacet
  facet normal 0.218107 -0.975925 0
    outer loop
      vertex 43.4025 -30.942 0
      vertex 45.3337 -30.5104 5
      vertex 43.4025 -30.942 5
    endloop
  endfacet
  facet normal 0.218107 -0.975925 0
    outer loop
      vertex 45.3337 -30.5104 5
      vertex 43.4025 -30.942 0
      vertex 45.3337 -30.5104 0
    endloop
  endfacet
  facet normal -0.612866 -0.790187 0
    outer loop
      vertex -57.5789 -24.2712 0
      vertex -56.0152 -25.484 5
      vertex -57.5789 -24.2712 5
    endloop
  endfacet
  facet normal -0.612866 -0.790187 -0
    outer loop
      vertex -56.0152 -25.484 5
      vertex -57.5789 -24.2712 0
      vertex -56.0152 -25.484 0
    endloop
  endfacet
  facet normal -0.707107 0.707107 0
    outer loop
      vertex -60.4625 21.5632 0
      vertex -59.0632 22.9625 5
      vertex -59.0632 22.9625 0
    endloop
  endfacet
  facet normal -0.707107 0.707107 0
    outer loop
      vertex -59.0632 22.9625 5
      vertex -60.4625 21.5632 0
      vertex -60.4625 21.5632 5
    endloop
  endfacet
  facet normal -0.827081 0.562083 0
    outer loop
      vertex -64.0963 16.8785 0
      vertex -62.984 18.5152 5
      vertex -62.984 18.5152 0
    endloop
  endfacet
  facet normal -0.827081 0.562083 0
    outer loop
      vertex -62.984 18.5152 5
      vertex -64.0963 16.8785 0
      vertex -64.0963 16.8785 5
    endloop
  endfacet
  facet normal -0.338727 0.940885 0
    outer loop
      vertex -47.234 29.9583 0
      vertex -49.0959 29.288 5
      vertex -47.234 29.9583 5
    endloop
  endfacet
  facet normal -0.338727 0.940885 0
    outer loop
      vertex -49.0959 29.288 5
      vertex -47.234 29.9583 0
      vertex -49.0959 29.288 0
    endloop
  endfacet
  facet normal -0.278997 -0.960292 0
    outer loop
      vertex -47.234 -29.9583 0
      vertex -45.3337 -30.5104 5
      vertex -47.234 -29.9583 5
    endloop
  endfacet
  facet normal -0.278997 -0.960292 -0
    outer loop
      vertex -45.3337 -30.5104 5
      vertex -47.234 -29.9583 0
      vertex -45.3337 -30.5104 0
    endloop
  endfacet
  facet normal -0.960292 -0.278997 0
    outer loop
      vertex -67.4583 -9.73403 0
      vertex -68.0104 -7.83373 5
      vertex -68.0104 -7.83373 0
    endloop
  endfacet
  facet normal -0.960292 -0.278997 0
    outer loop
      vertex -68.0104 -7.83373 5
      vertex -67.4583 -9.73403 0
      vertex -67.4583 -9.73403 5
    endloop
  endfacet
  facet normal -0.278997 0.960292 0
    outer loop
      vertex -45.3337 30.5104 0
      vertex -47.234 29.9583 5
      vertex -45.3337 30.5104 5
    endloop
  endfacet
  facet normal -0.278997 0.960292 0
    outer loop
      vertex -47.234 29.9583 5
      vertex -45.3337 30.5104 0
      vertex -47.234 29.9583 0
    endloop
  endfacet
  facet normal 0.995563 0.0940936 0
    outer loop
      vertex 68.9378 1.9779 5
      vertex 68.7516 3.948 0
      vertex 68.7516 3.948 5
    endloop
  endfacet
  facet normal 0.995563 0.0940936 0
    outer loop
      vertex 68.7516 3.948 0
      vertex 68.9378 1.9779 5
      vertex 68.9378 1.9779 0
    endloop
  endfacet
  facet normal -0.453992 -0.891006 0
    outer loop
      vertex -52.6752 -27.6037 0
      vertex -50.912 -28.5021 5
      vertex -52.6752 -27.6037 5
    endloop
  endfacet
  facet normal -0.453992 -0.891006 -0
    outer loop
      vertex -50.912 -28.5021 5
      vertex -52.6752 -27.6037 0
      vertex -50.912 -28.5021 0
    endloop
  endfacet
  facet normal 0.987686 -0.156452 0
    outer loop
      vertex 68.442 -5.90251 5
      vertex 68.7516 -3.948 0
      vertex 68.7516 -3.948 5
    endloop
  endfacet
  facet normal 0.987686 -0.156452 0
    outer loop
      vertex 68.7516 -3.948 0
      vertex 68.442 -5.90251 5
      vertex 68.442 -5.90251 0
    endloop
  endfacet
  facet normal 0 1 -0
    outer loop
      vertex 37.5 31.5 0
      vertex -37.5 31.5 5
      vertex 37.5 31.5 5
    endloop
  endfacet
  facet normal 0 1 0
    outer loop
      vertex -37.5 31.5 5
      vertex 37.5 31.5 0
      vertex -37.5 31.5 0
    endloop
  endfacet
  facet normal 0.156453 0.987685 -0
    outer loop
      vertex 43.4025 30.942 0
      vertex 41.448 31.2516 5
      vertex 43.4025 30.942 5
    endloop
  endfacet
  facet normal 0.156453 0.987685 0
    outer loop
      vertex 41.448 31.2516 5
      vertex 43.4025 30.942 0
      vertex 41.448 31.2516 0
    endloop
  endfacet
  facet normal -0.156453 -0.987685 0
    outer loop
      vertex -43.4025 -30.942 0
      vertex -41.448 -31.2516 5
      vertex -43.4025 -30.942 5
    endloop
  endfacet
  facet normal -0.156453 -0.987685 -0
    outer loop
      vertex -41.448 -31.2516 5
      vertex -43.4025 -30.942 0
      vertex -41.448 -31.2516 0
    endloop
  endfacet
  facet normal -0.0940936 0.995563 0
    outer loop
      vertex -39.4779 31.4378 0
      vertex -41.448 31.2516 5
      vertex -39.4779 31.4378 5
    endloop
  endfacet
  facet normal -0.0940936 0.995563 0
    outer loop
      vertex -41.448 31.2516 5
      vertex -39.4779 31.4378 0
      vertex -41.448 31.2516 0
    endloop
  endfacet
  facet normal 0.612866 0.790187 -0
    outer loop
      vertex 57.5789 24.2712 0
      vertex 56.0152 25.484 5
      vertex 57.5789 24.2712 5
    endloop
  endfacet
  facet normal 0.612866 0.790187 0
    outer loop
      vertex 56.0152 25.484 5
      vertex 57.5789 24.2712 0
      vertex 56.0152 25.484 0
    endloop
  endfacet
  facet normal -0.940883 0.338731 0
    outer loop
      vertex -67.4583 9.73403 0
      vertex -66.788 11.5959 5
      vertex -66.788 11.5959 0
    endloop
  endfacet
  facet normal -0.940883 0.338731 0
    outer loop
      vertex -66.788 11.5959 5
      vertex -67.4583 9.73403 0
      vertex -67.4583 9.73403 5
    endloop
  endfacet
  facet normal -0.750083 0.661344 0
    outer loop
      vertex -61.7712 20.0789 0
      vertex -60.4625 21.5632 5
      vertex -60.4625 21.5632 0
    endloop
  endfacet
  facet normal -0.750083 0.661344 0
    outer loop
      vertex -60.4625 21.5632 5
      vertex -61.7712 20.0789 0
      vertex -61.7712 20.0789 5
    endloop
  endfacet
  facet normal 0.750083 0.661344 0
    outer loop
      vertex 61.7712 20.0789 5
      vertex 60.4625 21.5632 0
      vertex 60.4625 21.5632 5
    endloop
  endfacet
  facet normal 0.750083 0.661344 0
    outer loop
      vertex 60.4625 21.5632 0
      vertex 61.7712 20.0789 5
      vertex 61.7712 20.0789 0
    endloop
  endfacet
  facet normal -0.975925 -0.218105 0
    outer loop
      vertex -68.0104 -7.83373 0
      vertex -68.442 -5.90251 5
      vertex -68.442 -5.90251 0
    endloop
  endfacet
  facet normal -0.975925 -0.218105 0
    outer loop
      vertex -68.442 -5.90251 5
      vertex -68.0104 -7.83373 0
      vertex -68.0104 -7.83373 5
    endloop
  endfacet
  facet normal -0.661344 0.750083 0
    outer loop
      vertex -57.5789 24.2712 0
      vertex -59.0632 22.9625 5
      vertex -57.5789 24.2712 5
    endloop
  endfacet
  facet normal -0.661344 0.750083 0
    outer loop
      vertex -59.0632 22.9625 5
      vertex -57.5789 24.2712 0
      vertex -59.0632 22.9625 0
    endloop
  endfacet
  facet normal 0.031432 -0.999506 0
    outer loop
      vertex 37.5 -31.5 0
      vertex 39.4779 -31.4378 5
      vertex 37.5 -31.5 5
    endloop
  endfacet
  facet normal 0.031432 -0.999506 0
    outer loop
      vertex 39.4779 -31.4378 5
      vertex 37.5 -31.5 0
      vertex 39.4779 -31.4378 0
    endloop
  endfacet
  facet normal -0.790187 0.612866 0
    outer loop
      vertex -62.984 18.5152 0
      vertex -61.7712 20.0789 5
      vertex -61.7712 20.0789 0
    endloop
  endfacet
  facet normal -0.790187 0.612866 0
    outer loop
      vertex -61.7712 20.0789 5
      vertex -62.984 18.5152 0
      vertex -62.984 18.5152 5
    endloop
  endfacet
  facet normal 0.860726 0.509068 0
    outer loop
      vertex 65.1037 15.1752 5
      vertex 64.0963 16.8785 0
      vertex 64.0963 16.8785 5
    endloop
  endfacet
  facet normal 0.860726 0.509068 0
    outer loop
      vertex 64.0963 16.8785 0
      vertex 65.1037 15.1752 5
      vertex 65.1037 15.1752 0
    endloop
  endfacet
  facet normal 0.612866 -0.790187 0
    outer loop
      vertex 56.0152 -25.484 0
      vertex 57.5789 -24.2712 5
      vertex 56.0152 -25.484 5
    endloop
  endfacet
  facet normal 0.612866 -0.790187 0
    outer loop
      vertex 57.5789 -24.2712 5
      vertex 56.0152 -25.484 0
      vertex 57.5789 -24.2712 0
    endloop
  endfacet
  facet normal -0.940883 -0.338731 0
    outer loop
      vertex -66.788 -11.5959 0
      vertex -67.4583 -9.73403 5
      vertex -67.4583 -9.73403 0
    endloop
  endfacet
  facet normal -0.940883 -0.338731 0
    outer loop
      vertex -67.4583 -9.73403 5
      vertex -66.788 -11.5959 0
      vertex -66.788 -11.5959 5
    endloop
  endfacet
  facet normal 0.562083 0.827081 -0
    outer loop
      vertex 56.0152 25.484 0
      vertex 54.3785 26.5963 5
      vertex 56.0152 25.484 5
    endloop
  endfacet
  facet normal 0.562083 0.827081 0
    outer loop
      vertex 54.3785 26.5963 5
      vertex 56.0152 25.484 0
      vertex 54.3785 26.5963 0
    endloop
  endfacet
  facet normal 0.031432 0.999506 -0
    outer loop
      vertex 39.4779 31.4378 0
      vertex 37.5 31.5 5
      vertex 39.4779 31.4378 5
    endloop
  endfacet
  facet normal 0.031432 0.999506 0
    outer loop
      vertex 37.5 31.5 5
      vertex 39.4779 31.4378 0
      vertex 37.5 31.5 0
    endloop
  endfacet
  facet normal -0.995563 -0.0940936 0
    outer loop
      vertex -68.7516 -3.948 0
      vertex -68.9378 -1.9779 5
      vertex -68.9378 -1.9779 0
    endloop
  endfacet
  facet normal -0.995563 -0.0940936 0
    outer loop
      vertex -68.9378 -1.9779 5
      vertex -68.7516 -3.948 0
      vertex -68.7516 -3.948 5
    endloop
  endfacet
  facet normal -0.999506 0.031432 0
    outer loop
      vertex -69 0 0
      vertex -68.9378 1.9779 5
      vertex -68.9378 1.9779 0
    endloop
  endfacet
  facet normal -0.999506 0.031432 0
    outer loop
      vertex -68.9378 1.9779 5
      vertex -69 0 0
      vertex -69 0 5
    endloop
  endfacet
  facet normal 0.860726 -0.509068 0
    outer loop
      vertex 64.0963 -16.8785 5
      vertex 65.1037 -15.1752 0
      vertex 65.1037 -15.1752 5
    endloop
  endfacet
  facet normal 0.860726 -0.509068 0
    outer loop
      vertex 65.1037 -15.1752 0
      vertex 64.0963 -16.8785 5
      vertex 64.0963 -16.8785 0
    endloop
  endfacet
  facet normal -0.661344 -0.750083 0
    outer loop
      vertex -59.0632 -22.9625 0
      vertex -57.5789 -24.2712 5
      vertex -59.0632 -22.9625 5
    endloop
  endfacet
  facet normal -0.661344 -0.750083 -0
    outer loop
      vertex -57.5789 -24.2712 5
      vertex -59.0632 -22.9625 0
      vertex -57.5789 -24.2712 0
    endloop
  endfacet
  facet normal 0.453992 0.891006 -0
    outer loop
      vertex 52.6752 27.6037 0
      vertex 50.912 28.5021 5
      vertex 52.6752 27.6037 5
    endloop
  endfacet
  facet normal 0.453992 0.891006 0
    outer loop
      vertex 50.912 28.5021 5
      vertex 52.6752 27.6037 0
      vertex 50.912 28.5021 0
    endloop
  endfacet
  facet normal 0.987686 0.156452 0
    outer loop
      vertex 68.7516 3.948 5
      vertex 68.442 5.90251 0
      vertex 68.442 5.90251 5
    endloop
  endfacet
  facet normal 0.987686 0.156452 0
    outer loop
      vertex 68.442 5.90251 0
      vertex 68.7516 3.948 5
      vertex 68.7516 3.948 0
    endloop
  endfacet
  facet normal 0.218107 0.975925 -0
    outer loop
      vertex 45.3337 30.5104 0
      vertex 43.4025 30.942 5
      vertex 45.3337 30.5104 5
    endloop
  endfacet
  facet normal 0.218107 0.975925 0
    outer loop
      vertex 43.4025 30.942 5
      vertex 45.3337 30.5104 0
      vertex 43.4025 30.942 0
    endloop
  endfacet
  facet normal 0.891006 -0.453992 0
    outer loop
      vertex 65.1037 -15.1752 5
      vertex 66.0021 -13.412 0
      vertex 66.0021 -13.412 5
    endloop
  endfacet
  facet normal 0.891006 -0.453992 0
    outer loop
      vertex 66.0021 -13.412 0
      vertex 65.1037 -15.1752 5
      vertex 65.1037 -15.1752 0
    endloop
  endfacet
  facet normal 0.661344 0.750083 -0
    outer loop
      vertex 59.0632 22.9625 0
      vertex 57.5789 24.2712 5
      vertex 59.0632 22.9625 5
    endloop
  endfacet
  facet normal 0.661344 0.750083 0
    outer loop
      vertex 57.5789 24.2712 5
      vertex 59.0632 22.9625 0
      vertex 57.5789 24.2712 0
    endloop
  endfacet
  facet normal 0.397149 -0.917754 0
    outer loop
      vertex 49.0959 -29.288 0
      vertex 50.912 -28.5021 5
      vertex 49.0959 -29.288 5
    endloop
  endfacet
  facet normal 0.397149 -0.917754 0
    outer loop
      vertex 50.912 -28.5021 5
      vertex 49.0959 -29.288 0
      vertex 50.912 -28.5021 0
    endloop
  endfacet
  facet normal 0.891006 0.453992 0
    outer loop
      vertex 66.0021 13.412 5
      vertex 65.1037 15.1752 0
      vertex 65.1037 15.1752 5
    endloop
  endfacet
  facet normal 0.891006 0.453992 0
    outer loop
      vertex 65.1037 15.1752 0
      vertex 66.0021 13.412 5
      vertex 66.0021 13.412 0
    endloop
  endfacet
  facet normal -0.860726 -0.509068 0
    outer loop
      vertex -64.0963 -16.8785 0
      vertex -65.1037 -15.1752 5
      vertex -65.1037 -15.1752 0
    endloop
  endfacet
  facet normal -0.860726 -0.509068 0
    outer loop
      vertex -65.1037 -15.1752 5
      vertex -64.0963 -16.8785 0
      vertex -64.0963 -16.8785 5
    endloop
  endfacet
  facet normal 0.707107 0.707107 0
    outer loop
      vertex 60.4625 21.5632 5
      vertex 59.0632 22.9625 0
      vertex 59.0632 22.9625 5
    endloop
  endfacet
  facet normal 0.707107 0.707107 0
    outer loop
      vertex 59.0632 22.9625 0
      vertex 60.4625 21.5632 5
      vertex 60.4625 21.5632 0
    endloop
  endfacet
  facet normal 0.750083 -0.661344 0
    outer loop
      vertex 60.4625 -21.5632 5
      vertex 61.7712 -20.0789 0
      vertex 61.7712 -20.0789 5
    endloop
  endfacet
  facet normal 0.750083 -0.661344 0
    outer loop
      vertex 61.7712 -20.0789 0
      vertex 60.4625 -21.5632 5
      vertex 60.4625 -21.5632 0
    endloop
  endfacet
  facet normal 0.509068 0.860726 -0
    outer loop
      vertex 54.3785 26.5963 0
      vertex 52.6752 27.6037 5
      vertex 54.3785 26.5963 5
    endloop
  endfacet
  facet normal 0.509068 0.860726 0
    outer loop
      vertex 52.6752 27.6037 5
      vertex 54.3785 26.5963 0
      vertex 52.6752 27.6037 0
    endloop
  endfacet
  facet normal -0.397149 0.917754 0
    outer loop
      vertex -49.0959 29.288 0
      vertex -50.912 28.5021 5
      vertex -49.0959 29.288 5
    endloop
  endfacet
  facet normal -0.397149 0.917754 0
    outer loop
      vertex -50.912 28.5021 5
      vertex -49.0959 29.288 0
      vertex -50.912 28.5021 0
    endloop
  endfacet
  facet normal 0.975925 0.218105 0
    outer loop
      vertex 68.442 5.90251 5
      vertex 68.0104 7.83373 0
      vertex 68.0104 7.83373 5
    endloop
  endfacet
  facet normal 0.975925 0.218105 0
    outer loop
      vertex 68.0104 7.83373 0
      vertex 68.442 5.90251 5
      vertex 68.442 5.90251 0
    endloop
  endfacet
  facet normal -0.509068 -0.860726 0
    outer loop
      vertex -54.3785 -26.5963 0
      vertex -52.6752 -27.6037 5
      vertex -54.3785 -26.5963 5
    endloop
  endfacet
  facet normal -0.509068 -0.860726 -0
    outer loop
      vertex -52.6752 -27.6037 5
      vertex -54.3785 -26.5963 0
      vertex -52.6752 -27.6037 0
    endloop
  endfacet
  facet normal 0.999506 0.031432 0
    outer loop
      vertex 69 0 5
      vertex 68.9378 1.9779 0
      vertex 68.9378 1.9779 5
    endloop
  endfacet
  facet normal 0.999506 0.031432 0
    outer loop
      vertex 68.9378 1.9779 0
      vertex 69 0 5
      vertex 69 0 0
    endloop
  endfacet
  facet normal -0.612866 0.790187 0
    outer loop
      vertex -56.0152 25.484 0
      vertex -57.5789 24.2712 5
      vertex -56.0152 25.484 5
    endloop
  endfacet
  facet normal -0.612866 0.790187 0
    outer loop
      vertex -57.5789 24.2712 5
      vertex -56.0152 25.484 0
      vertex -57.5789 24.2712 0
    endloop
  endfacet
  facet normal 0.0940936 0.995563 -0
    outer loop
      vertex 41.448 31.2516 0
      vertex 39.4779 31.4378 5
      vertex 41.448 31.2516 5
    endloop
  endfacet
  facet normal 0.0940936 0.995563 0
    outer loop
      vertex 39.4779 31.4378 5
      vertex 41.448 31.2516 0
      vertex 39.4779 31.4378 0
    endloop
  endfacet
  facet normal -0.987686 0.156452 0
    outer loop
      vertex -68.7516 3.948 0
      vertex -68.442 5.90251 5
      vertex -68.442 5.90251 0
    endloop
  endfacet
  facet normal -0.987686 0.156452 0
    outer loop
      vertex -68.442 5.90251 5
      vertex -68.7516 3.948 0
      vertex -68.7516 3.948 5
    endloop
  endfacet
  facet normal -0.995563 0.0940936 0
    outer loop
      vertex -68.9378 1.9779 0
      vertex -68.7516 3.948 5
      vertex -68.7516 3.948 0
    endloop
  endfacet
  facet normal -0.995563 0.0940936 0
    outer loop
      vertex -68.7516 3.948 5
      vertex -68.9378 1.9779 0
      vertex -68.9378 1.9779 5
    endloop
  endfacet
  facet normal -0.960292 0.278997 0
    outer loop
      vertex -68.0104 7.83373 0
      vertex -67.4583 9.73403 5
      vertex -67.4583 9.73403 0
    endloop
  endfacet
  facet normal -0.960292 0.278997 0
    outer loop
      vertex -67.4583 9.73403 5
      vertex -68.0104 7.83373 0
      vertex -68.0104 7.83373 5
    endloop
  endfacet
  facet normal -0.987686 -0.156452 0
    outer loop
      vertex -68.442 -5.90251 0
      vertex -68.7516 -3.948 5
      vertex -68.7516 -3.948 0
    endloop
  endfacet
  facet normal -0.987686 -0.156452 0
    outer loop
      vertex -68.7516 -3.948 5
      vertex -68.442 -5.90251 0
      vertex -68.442 -5.90251 5
    endloop
  endfacet
  facet normal 0.917754 0.397149 0
    outer loop
      vertex 66.788 11.5959 5
      vertex 66.0021 13.412 0
      vertex 66.0021 13.412 5
    endloop
  endfacet
  facet normal 0.917754 0.397149 0
    outer loop
      vertex 66.0021 13.412 0
      vertex 66.788 11.5959 5
      vertex 66.788 11.5959 0
    endloop
  endfacet
  facet normal 0.156453 -0.987685 0
    outer loop
      vertex 41.448 -31.2516 0
      vertex 43.4025 -30.942 5
      vertex 41.448 -31.2516 5
    endloop
  endfacet
  facet normal 0.156453 -0.987685 0
    outer loop
      vertex 43.4025 -30.942 5
      vertex 41.448 -31.2516 0
      vertex 43.4025 -30.942 0
    endloop
  endfacet
  facet normal -0.156453 0.987685 0
    outer loop
      vertex -41.448 31.2516 0
      vertex -43.4025 30.942 5
      vertex -41.448 31.2516 5
    endloop
  endfacet
  facet normal -0.156453 0.987685 0
    outer loop
      vertex -43.4025 30.942 5
      vertex -41.448 31.2516 0
      vertex -43.4025 30.942 0
    endloop
  endfacet
  facet normal -0.707107 -0.707107 0
    outer loop
      vertex -59.0632 -22.9625 0
      vertex -60.4625 -21.5632 5
      vertex -60.4625 -21.5632 0
    endloop
  endfacet
  facet normal -0.707107 -0.707107 0
    outer loop
      vertex -60.4625 -21.5632 5
      vertex -59.0632 -22.9625 0
      vertex -59.0632 -22.9625 5
    endloop
  endfacet
  facet normal 0.661344 -0.750083 0
    outer loop
      vertex 57.5789 -24.2712 0
      vertex 59.0632 -22.9625 5
      vertex 57.5789 -24.2712 5
    endloop
  endfacet
  facet normal 0.661344 -0.750083 0
    outer loop
      vertex 59.0632 -22.9625 5
      vertex 57.5789 -24.2712 0
      vertex 59.0632 -22.9625 0
    endloop
  endfacet
  facet normal 0.790187 0.612866 0
    outer loop
      vertex 62.984 18.5152 5
      vertex 61.7712 20.0789 0
      vertex 61.7712 20.0789 5
    endloop
  endfacet
  facet normal 0.790187 0.612866 0
    outer loop
      vertex 61.7712 20.0789 0
      vertex 62.984 18.5152 5
      vertex 62.984 18.5152 0
    endloop
  endfacet
  facet normal -0.750083 -0.661344 0
    outer loop
      vertex -60.4625 -21.5632 0
      vertex -61.7712 -20.0789 5
      vertex -61.7712 -20.0789 0
    endloop
  endfacet
  facet normal -0.750083 -0.661344 0
    outer loop
      vertex -61.7712 -20.0789 5
      vertex -60.4625 -21.5632 0
      vertex -60.4625 -21.5632 5
    endloop
  endfacet
  facet normal -0.397149 -0.917754 0
    outer loop
      vertex -50.912 -28.5021 0
      vertex -49.0959 -29.288 5
      vertex -50.912 -28.5021 5
    endloop
  endfacet
  facet normal -0.397149 -0.917754 -0
    outer loop
      vertex -49.0959 -29.288 5
      vertex -50.912 -28.5021 0
      vertex -49.0959 -29.288 0
    endloop
  endfacet
  facet normal 0.562083 -0.827081 0
    outer loop
      vertex 54.3785 -26.5963 0
      vertex 56.0152 -25.484 5
      vertex 54.3785 -26.5963 5
    endloop
  endfacet
  facet normal 0.562083 -0.827081 0
    outer loop
      vertex 56.0152 -25.484 5
      vertex 54.3785 -26.5963 0
      vertex 56.0152 -25.484 0
    endloop
  endfacet
  facet normal 0.940883 0.338731 0
    outer loop
      vertex 67.4583 9.73403 5
      vertex 66.788 11.5959 0
      vertex 66.788 11.5959 5
    endloop
  endfacet
  facet normal 0.940883 0.338731 0
    outer loop
      vertex 66.788 11.5959 0
      vertex 67.4583 9.73403 5
      vertex 67.4583 9.73403 0
    endloop
  endfacet
  facet normal -0.509068 0.860726 0
    outer loop
      vertex -52.6752 27.6037 0
      vertex -54.3785 26.5963 5
      vertex -52.6752 27.6037 5
    endloop
  endfacet
  facet normal -0.509068 0.860726 0
    outer loop
      vertex -54.3785 26.5963 5
      vertex -52.6752 27.6037 0
      vertex -54.3785 26.5963 0
    endloop
  endfacet
  facet normal 0.999506 -0.031432 0
    outer loop
      vertex 68.9378 -1.9779 5
      vertex 69 0 0
      vertex 69 0 5
    endloop
  endfacet
  facet normal 0.999506 -0.031432 0
    outer loop
      vertex 69 0 0
      vertex 68.9378 -1.9779 5
      vertex 68.9378 -1.9779 0
    endloop
  endfacet
  facet normal -0.453992 0.891006 0
    outer loop
      vertex -50.912 28.5021 0
      vertex -52.6752 27.6037 5
      vertex -50.912 28.5021 5
    endloop
  endfacet
  facet normal -0.453992 0.891006 0
    outer loop
      vertex -52.6752 27.6037 5
      vertex -50.912 28.5021 0
      vertex -52.6752 27.6037 0
    endloop
  endfacet
  facet normal -0.218107 -0.975925 0
    outer loop
      vertex -45.3337 -30.5104 0
      vertex -43.4025 -30.942 5
      vertex -45.3337 -30.5104 5
    endloop
  endfacet
  facet normal -0.218107 -0.975925 -0
    outer loop
      vertex -43.4025 -30.942 5
      vertex -45.3337 -30.5104 0
      vertex -43.4025 -30.942 0
    endloop
  endfacet
  facet normal 0.960292 0.278997 0
    outer loop
      vertex 68.0104 7.83373 5
      vertex 67.4583 9.73403 0
      vertex 67.4583 9.73403 5
    endloop
  endfacet
  facet normal 0.960292 0.278997 0
    outer loop
      vertex 67.4583 9.73403 0
      vertex 68.0104 7.83373 5
      vertex 68.0104 7.83373 0
    endloop
  endfacet
  facet normal -0.031432 0.999506 0
    outer loop
      vertex -37.5 31.5 0
      vertex -39.4779 31.4378 5
      vertex -37.5 31.5 5
    endloop
  endfacet
  facet normal -0.031432 0.999506 0
    outer loop
      vertex -39.4779 31.4378 5
      vertex -37.5 31.5 0
      vertex -39.4779 31.4378 0
    endloop
  endfacet
  facet normal 0.707107 -0.707107 0
    outer loop
      vertex 59.0632 -22.9625 5
      vertex 60.4625 -21.5632 0
      vertex 60.4625 -21.5632 5
    endloop
  endfacet
  facet normal 0.707107 -0.707107 0
    outer loop
      vertex 60.4625 -21.5632 0
      vertex 59.0632 -22.9625 5
      vertex 59.0632 -22.9625 0
    endloop
  endfacet
  facet normal 0.278997 0.960292 -0
    outer loop
      vertex 47.234 29.9583 0
      vertex 45.3337 30.5104 5
      vertex 47.234 29.9583 5
    endloop
  endfacet
  facet normal 0.278997 0.960292 0
    outer loop
      vertex 45.3337 30.5104 5
      vertex 47.234 29.9583 0
      vertex 45.3337 30.5104 0
    endloop
  endfacet
  facet normal 0.338727 -0.940885 0
    outer loop
      vertex 47.234 -29.9583 0
      vertex 49.0959 -29.288 5
      vertex 47.234 -29.9583 5
    endloop
  endfacet
  facet normal 0.338727 -0.940885 0
    outer loop
      vertex 49.0959 -29.288 5
      vertex 47.234 -29.9583 0
      vertex 49.0959 -29.288 0
    endloop
  endfacet
  facet normal -0.917754 -0.397149 0
    outer loop
      vertex -66.0021 -13.412 0
      vertex -66.788 -11.5959 5
      vertex -66.788 -11.5959 0
    endloop
  endfacet
  facet normal -0.917754 -0.397149 0
    outer loop
      vertex -66.788 -11.5959 5
      vertex -66.0021 -13.412 0
      vertex -66.0021 -13.412 5
    endloop
  endfacet
  facet normal 0.960292 -0.278997 0
    outer loop
      vertex 67.4583 -9.73403 5
      vertex 68.0104 -7.83373 0
      vertex 68.0104 -7.83373 5
    endloop
  endfacet
  facet normal 0.960292 -0.278997 0
    outer loop
      vertex 68.0104 -7.83373 0
      vertex 67.4583 -9.73403 5
      vertex 67.4583 -9.73403 0
    endloop
  endfacet
  facet normal 0.790187 -0.612866 0
    outer loop
      vertex 61.7712 -20.0789 5
      vertex 62.984 -18.5152 0
      vertex 62.984 -18.5152 5
    endloop
  endfacet
  facet normal 0.790187 -0.612866 0
    outer loop
      vertex 62.984 -18.5152 0
      vertex 61.7712 -20.0789 5
      vertex 61.7712 -20.0789 0
    endloop
  endfacet
  facet normal 0.278997 -0.960292 0
    outer loop
      vertex 45.3337 -30.5104 0
      vertex 47.234 -29.9583 5
      vertex 45.3337 -30.5104 5
    endloop
  endfacet
  facet normal 0.278997 -0.960292 0
    outer loop
      vertex 47.234 -29.9583 5
      vertex 45.3337 -30.5104 0
      vertex 47.234 -29.9583 0
    endloop
  endfacet
  facet normal 0.509068 -0.860726 0
    outer loop
      vertex 52.6752 -27.6037 0
      vertex 54.3785 -26.5963 5
      vertex 52.6752 -27.6037 5
    endloop
  endfacet
  facet normal 0.509068 -0.860726 0
    outer loop
      vertex 54.3785 -26.5963 5
      vertex 52.6752 -27.6037 0
      vertex 54.3785 -26.5963 0
    endloop
  endfacet
  facet normal -0.891006 0.453992 0
    outer loop
      vertex -66.0021 13.412 0
      vertex -65.1037 15.1752 5
      vertex -65.1037 15.1752 0
    endloop
  endfacet
  facet normal -0.891006 0.453992 0
    outer loop
      vertex -65.1037 15.1752 5
      vertex -66.0021 13.412 0
      vertex -66.0021 13.412 5
    endloop
  endfacet
  facet normal 0.827081 -0.562083 0
    outer loop
      vertex 62.984 -18.5152 5
      vertex 64.0963 -16.8785 0
      vertex 64.0963 -16.8785 5
    endloop
  endfacet
  facet normal 0.827081 -0.562083 0
    outer loop
      vertex 64.0963 -16.8785 0
      vertex 62.984 -18.5152 5
      vertex 62.984 -18.5152 0
    endloop
  endfacet
  facet normal -0.790187 -0.612866 0
    outer loop
      vertex -61.7712 -20.0789 0
      vertex -62.984 -18.5152 5
      vertex -62.984 -18.5152 0
    endloop
  endfacet
  facet normal -0.790187 -0.612866 0
    outer loop
      vertex -62.984 -18.5152 5
      vertex -61.7712 -20.0789 0
      vertex -61.7712 -20.0789 5
    endloop
  endfacet
  facet normal -0.031432 -0.999506 0
    outer loop
      vertex -39.4779 -31.4378 0
      vertex -37.5 -31.5 5
      vertex -39.4779 -31.4378 5
    endloop
  endfacet
  facet normal -0.031432 -0.999506 -0
    outer loop
      vertex -37.5 -31.5 5
      vertex -39.4779 -31.4378 0
      vertex -37.5 -31.5 0
    endloop
  endfacet
  facet normal -0.0940936 -0.995563 0
    outer loop
      vertex -41.448 -31.2516 0
      vertex -39.4779 -31.4378 5
      vertex -41.448 -31.2516 5
    endloop
  endfacet
  facet normal -0.0940936 -0.995563 -0
    outer loop
      vertex -39.4779 -31.4378 5
      vertex -41.448 -31.2516 0
      vertex -39.4779 -31.4378 0
    endloop
  endfacet
  facet normal -0.917754 0.397149 0
    outer loop
      vertex -66.788 11.5959 0
      vertex -66.0021 13.412 5
      vertex -66.0021 13.412 0
    endloop
  endfacet
  facet normal -0.917754 0.397149 0
    outer loop
      vertex -66.0021 13.412 5
      vertex -66.788 11.5959 0
      vertex -66.788 11.5959 5
    endloop
  endfacet
  facet normal 0 0 1
    outer loop
      vertex -44.6967 -15.2938 5
      vertex -49.0218 -17.6245 5
      vertex -49.01 -18 5
    endloop
  endfacet
  facet normal 0 0 1
    outer loop
      vertex -47.4507 -13.6622 5
      vertex -49.0218 -17.6239 5
      vertex -49.0218 -17.6245 5
    endloop
  endfacet
  facet normal 0 0 1
    outer loop
      vertex -47.4507 -13.6622 5
      vertex -49.0219 -17.6233 5
      vertex -49.0218 -17.6239 5
    endloop
  endfacet
  facet normal 0 0 1
    outer loop
      vertex -50.3846 -14.1818 5
      vertex -48.274 -13.0236 5
      vertex -49.0556 -12.3345 5
    endloop
  endfacet
  facet normal 0 0 1
    outer loop
      vertex -47.4507 -13.6622 5
      vertex -49.0572 -17.2493 5
      vertex -49.0219 -17.6233 5
    endloop
  endfacet
  facet normal 0 0 1
    outer loop
      vertex -50.6331 -13.9 5
      vertex -49.0556 -12.3345 5
      vertex -49.0705 -12.3213 5
    endloop
  endfacet
  facet normal 0 0 1
    outer loop
      vertex -47.4507 -13.6622 5
      vertex -49.116 -16.8782 5
      vertex -49.0572 -17.2493 5
    endloop
  endfacet
  facet normal 0 0 1
    outer loop
      vertex -47.4507 -13.6622 5
      vertex -49.1161 -16.8776 5
      vertex -49.116 -16.8782 5
    endloop
  endfacet
  facet normal 0 0 1
    outer loop
      vertex -47.4507 -13.6622 5
      vertex -49.1162 -16.877 5
      vertex -49.1161 -16.8776 5
    endloop
  endfacet
  facet normal 0 0 1
    outer loop
      vertex -47.4507 -13.6622 5
      vertex -49.1982 -16.5103 5
      vertex -49.1162 -16.877 5
    endloop
  endfacet
  facet normal 0 0 1
    outer loop
      vertex -47.4507 -13.6622 5
      vertex -49.1984 -16.5097 5
      vertex -49.1982 -16.5103 5
    endloop
  endfacet
  facet normal 0 0 1
    outer loop
      vertex -47.4507 -13.6622 5
      vertex -49.3032 -16.149 5
      vertex -49.1984 -16.5097 5
    endloop
  endfacet
  facet normal 0 0 1
    outer loop
      vertex -47.4507 -13.6622 5
      vertex -49.4304 -15.7955 5
      vertex -49.3032 -16.149 5
    endloop
  endfacet
  facet normal 0 0 1
    outer loop
      vertex -47.4507 -13.6622 5
      vertex -49.4306 -15.7949 5
      vertex -49.4304 -15.7955 5
    endloop
  endfacet
  facet normal 0 0 1
    outer loop
      vertex -47.4507 -13.6622 5
      vertex -49.5801 -15.4496 5
      vertex -49.4306 -15.7949 5
    endloop
  endfacet
  facet normal 0 0 1
    outer loop
      vertex -47.4507 -13.6622 5
      vertex -49.5804 -15.449 5
      vertex -49.5801 -15.4496 5
    endloop
  endfacet
  facet normal 0 0 1
    outer loop
      vertex -47.4507 -13.6622 5
      vertex -49.7509 -15.1143 5
      vertex -49.5804 -15.449 5
    endloop
  endfacet
  facet normal 0 0 1
    outer loop
      vertex -50.9 -13.6331 5
      vertex -49.0705 -12.3213 5
      vertex -49.8213 -11.5705 5
    endloop
  endfacet
  facet normal 0 0 1
    outer loop
      vertex -51.4787 -13.1544 5
      vertex -49.8213 -11.5705 5
      vertex -49.8345 -11.5556 5
    endloop
  endfacet
  facet normal 0 0 1
    outer loop
      vertex -48.274 -13.0236 5
      vertex -49.9422 -14.7909 5
      vertex -49.7509 -15.1143 5
    endloop
  endfacet
  facet normal 0 0 1
    outer loop
      vertex -48.274 -13.0236 5
      vertex -49.9425 -14.7904 5
      vertex -49.9422 -14.7909 5
    endloop
  endfacet
  facet normal 0 0 1
    outer loop
      vertex -48.274 -13.0236 5
      vertex -49.9428 -14.7899 5
      vertex -49.9425 -14.7904 5
    endloop
  endfacet
  facet normal 0 0 1
    outer loop
      vertex -48.274 -13.0236 5
      vertex -50.154 -14.4792 5
      vertex -49.9428 -14.7899 5
    endloop
  endfacet
  facet normal 0 0 1
    outer loop
      vertex -48.274 -13.0236 5
      vertex -50.1544 -14.4787 5
      vertex -50.154 -14.4792 5
    endloop
  endfacet
  facet normal 0 0 1
    outer loop
      vertex -48.274 -13.0236 5
      vertex -50.3846 -14.1818 5
      vertex -50.1544 -14.4787 5
    endloop
  endfacet
  facet normal 0 0 1
    outer loop
      vertex -51.7899 -12.9428 5
      vertex -49.8345 -11.5556 5
      vertex -50.5236 -10.774 5
    endloop
  endfacet
  facet normal 0 0 1
    outer loop
      vertex -49.0556 -12.3345 5
      vertex -50.6331 -13.9 5
      vertex -50.3846 -14.1818 5
    endloop
  endfacet
  facet normal 0 0 1
    outer loop
      vertex -49.0705 -12.3213 5
      vertex -50.6335 -13.8996 5
      vertex -50.6331 -13.9 5
    endloop
  endfacet
  facet normal 0 0 1
    outer loop
      vertex -49.0705 -12.3213 5
      vertex -50.8996 -13.6335 5
      vertex -50.6335 -13.8996 5
    endloop
  endfacet
  facet normal 0 0 1
    outer loop
      vertex -49.0705 -12.3213 5
      vertex -50.9 -13.6331 5
      vertex -50.8996 -13.6335 5
    endloop
  endfacet
  facet normal 0 0 1
    outer loop
      vertex -52.4496 -12.5801 5
      vertex -50.5236 -10.774 5
      vertex -51.1622 -9.95074 5
    endloop
  endfacet
  facet normal 0 0 1
    outer loop
      vertex -52.7955 -12.4304 5
      vertex -51.1622 -9.95074 5
      vertex -51.1744 -9.935 5
    endloop
  endfacet
  facet normal 0 0 1
    outer loop
      vertex -49.8213 -11.5705 5
      vertex -51.1818 -13.3846 5
      vertex -50.9 -13.6331 5
    endloop
  endfacet
  facet normal 0 0 1
    outer loop
      vertex -49.8213 -11.5705 5
      vertex -51.4787 -13.1544 5
      vertex -51.1818 -13.3846 5
    endloop
  endfacet
  facet normal 0 0 1
    outer loop
      vertex -49.8345 -11.5556 5
      vertex -51.4792 -13.154 5
      vertex -51.4787 -13.1544 5
    endloop
  endfacet
  facet normal 0 0 1
    outer loop
      vertex -53.5097 -12.1984 5
      vertex -51.1744 -9.935 5
      vertex -51.76 -9.07325 5
    endloop
  endfacet
  facet normal 0 0 1
    outer loop
      vertex -53.877 -12.1162 5
      vertex -51.76 -9.07325 5
      vertex -51.7712 -9.05678 5
    endloop
  endfacet
  facet normal 0 0 1
    outer loop
      vertex -49.8345 -11.5556 5
      vertex -51.7899 -12.9428 5
      vertex -51.4792 -13.154 5
    endloop
  endfacet
  facet normal 0 0 1
    outer loop
      vertex -50.5236 -10.774 5
      vertex -51.7904 -12.9425 5
      vertex -51.7899 -12.9428 5
    endloop
  endfacet
  facet normal 0 0 1
    outer loop
      vertex -50.5236 -10.774 5
      vertex -51.7909 -12.9422 5
      vertex -51.7904 -12.9425 5
    endloop
  endfacet
  facet normal 0 0 1
    outer loop
      vertex -50.5236 -10.774 5
      vertex -52.1143 -12.7509 5
      vertex -51.7909 -12.9422 5
    endloop
  endfacet
  facet normal 0 0 1
    outer loop
      vertex -54.2493 -12.0572 5
      vertex -51.7712 -9.05678 5
      vertex -52.3016 -8.15996 5
    endloop
  endfacet
  facet normal 0 0 1
    outer loop
      vertex -54.6239 -12.0218 5
      vertex -52.3016 -8.15996 5
      vertex -52.3117 -8.14281 5
    endloop
  endfacet
  facet normal 0 0 1
    outer loop
      vertex -54.6245 -12.0218 5
      vertex -52.3117 -8.14281 5
      vertex -52.3208 -8.12506 5
    endloop
  endfacet
  facet normal 0 0 1
    outer loop
      vertex -50.5236 -10.774 5
      vertex -52.449 -12.5804 5
      vertex -52.1143 -12.7509 5
    endloop
  endfacet
  facet normal 0 0 1
    outer loop
      vertex -50.5236 -10.774 5
      vertex -52.4496 -12.5801 5
      vertex -52.449 -12.5804 5
    endloop
  endfacet
  facet normal 0 0 1
    outer loop
      vertex -55 -12.01 5
      vertex -52.3208 -8.12506 5
      vertex -52.7938 -7.19671 5
    endloop
  endfacet
  facet normal 0 0 1
    outer loop
      vertex -51.1622 -9.95074 5
      vertex -52.7949 -12.4306 5
      vertex -52.4496 -12.5801 5
    endloop
  endfacet
  facet normal 0 0 1
    outer loop
      vertex -51.1622 -9.95074 5
      vertex -52.7955 -12.4304 5
      vertex -52.7949 -12.4306 5
    endloop
  endfacet
  facet normal 0 0 1
    outer loop
      vertex -51.1744 -9.935 5
      vertex -53.149 -12.3032 5
      vertex -52.7955 -12.4304 5
    endloop
  endfacet
  facet normal 0 0 1
    outer loop
      vertex -55.7507 -12.0572 5
      vertex -52.7938 -7.19671 5
      vertex -53.2076 -6.24048 5
    endloop
  endfacet
  facet normal 0 0 1
    outer loop
      vertex -56.123 -12.1162 5
      vertex -53.2076 -6.24048 5
      vertex -53.2155 -6.2222 5
    endloop
  endfacet
  facet normal 0 0 1
    outer loop
      vertex -51.1744 -9.935 5
      vertex -53.5097 -12.1984 5
      vertex -53.149 -12.3032 5
    endloop
  endfacet
  facet normal 0 0 1
    outer loop
      vertex -51.76 -9.07325 5
      vertex -53.5103 -12.1982 5
      vertex -53.5097 -12.1984 5
    endloop
  endfacet
  facet normal 0 0 1
    outer loop
      vertex -56.4903 -12.1984 5
      vertex -53.2155 -6.2222 5
      vertex -53.5684 -5.24188 5
    endloop
  endfacet
  facet normal 0 0 1
    outer loop
      vertex -56.851 -12.3032 5
      vertex -53.5684 -5.24188 5
      vertex -53.5752 -5.22314 5
    endloop
  endfacet
  facet normal 0 0 1
    outer loop
      vertex -57.2051 -12.4306 5
      vertex -53.5752 -5.22314 5
      vertex -53.8659 -4.22259 5
    endloop
  endfacet
  facet normal 0 0 1
    outer loop
      vertex -57.5504 -12.5801 5
      vertex -53.8659 -4.22259 5
      vertex -53.8714 -4.20347 5
    endloop
  endfacet
  facet normal 0 0 1
    outer loop
      vertex -51.76 -9.07325 5
      vertex -53.877 -12.1162 5
      vertex -53.5103 -12.1982 5
    endloop
  endfacet
  facet normal 0 0 1
    outer loop
      vertex -51.7712 -9.05678 5
      vertex -53.8776 -12.1161 5
      vertex -53.877 -12.1162 5
    endloop
  endfacet
  facet normal 0 0 1
    outer loop
      vertex -51.7712 -9.05678 5
      vertex -53.8782 -12.116 5
      vertex -53.8776 -12.1161 5
    endloop
  endfacet
  facet normal 0 0 1
    outer loop
      vertex -68.0104 -7.83373 5
      vertex -53.8714 -4.20347 5
      vertex -54.0987 -3.18664 5
    endloop
  endfacet
  facet normal 0 0 1
    outer loop
      vertex -68.442 -5.90251 5
      vertex -54.0987 -3.18664 5
      vertex -54.1031 -3.1672 5
    endloop
  endfacet
  facet normal 0 0 1
    outer loop
      vertex -68.442 -5.90251 5
      vertex -54.1031 -3.1672 5
      vertex -54.1062 -3.14753 5
    endloop
  endfacet
  facet normal 0 0 1
    outer loop
      vertex -51.7712 -9.05678 5
      vertex -54.2493 -12.0572 5
      vertex -53.8782 -12.116 5
    endloop
  endfacet
  facet normal 0 0 1
    outer loop
      vertex -68.442 -5.90251 5
      vertex -54.1062 -3.14753 5
      vertex -54.2692 -2.11844 5
    endloop
  endfacet
  facet normal 0 0 1
    outer loop
      vertex -68.7516 -3.948 5
      vertex -54.2692 -2.11844 5
      vertex -54.271 -2.09861 5
    endloop
  endfacet
  facet normal 0 0 1
    outer loop
      vertex -68.7516 -3.948 5
      vertex -54.271 -2.09861 5
      vertex -54.3691 -1.06131 5
    endloop
  endfacet
  facet normal 0 0 1
    outer loop
      vertex -68.9378 -1.9779 5
      vertex -54.3691 -1.06131 5
      vertex -54.4018 -0.0199091 5
    endloop
  endfacet
  facet normal -0 0 1
    outer loop
      vertex -69 0 5
      vertex -54.4018 -0.0199091 5
      vertex -54.4024 0 5
    endloop
  endfacet
  facet normal 0 0 1
    outer loop
      vertex -53.2155 6.2222 5
      vertex -56.4903 12.1984 5
      vertex -53.5684 5.24188 5
    endloop
  endfacet
  facet normal 0 0 1
    outer loop
      vertex -52.3016 -8.15996 5
      vertex -54.6233 -12.0219 5
      vertex -54.2493 -12.0572 5
    endloop
  endfacet
  facet normal 0 0 1
    outer loop
      vertex -56.851 12.3032 5
      vertex -53.5684 5.24188 5
      vertex -56.4903 12.1984 5
    endloop
  endfacet
  facet normal 0 0 1
    outer loop
      vertex -52.3016 -8.15996 5
      vertex -54.6239 -12.0218 5
      vertex -54.6233 -12.0219 5
    endloop
  endfacet
  facet normal 0 0 1
    outer loop
      vertex -53.5684 5.24188 5
      vertex -56.851 12.3032 5
      vertex -53.5752 5.22314 5
    endloop
  endfacet
  facet normal 0 0 1
    outer loop
      vertex -52.3117 -8.14281 5
      vertex -54.6245 -12.0218 5
      vertex -54.6239 -12.0218 5
    endloop
  endfacet
  facet normal 0 0 1
    outer loop
      vertex -57.2045 12.4304 5
      vertex -53.5752 5.22314 5
      vertex -56.851 12.3032 5
    endloop
  endfacet
  facet normal 0 0 1
    outer loop
      vertex -52.3208 -8.12506 5
      vertex -55 -12.01 5
      vertex -54.6245 -12.0218 5
    endloop
  endfacet
  facet normal 0 0 1
    outer loop
      vertex -57.2051 12.4306 5
      vertex -53.5752 5.22314 5
      vertex -57.2045 12.4304 5
    endloop
  endfacet
  facet normal 0 0 1
    outer loop
      vertex -52.7938 -7.19671 5
      vertex -55.3755 -12.0218 5
      vertex -55 -12.01 5
    endloop
  endfacet
  facet normal 0 0 1
    outer loop
      vertex -53.5752 5.22314 5
      vertex -57.2051 12.4306 5
      vertex -53.8659 4.22259 5
    endloop
  endfacet
  facet normal 0 0 1
    outer loop
      vertex -52.7938 -7.19671 5
      vertex -55.3761 -12.0218 5
      vertex -55.3755 -12.0218 5
    endloop
  endfacet
  facet normal 0 0 1
    outer loop
      vertex -57.5504 12.5801 5
      vertex -53.8659 4.22259 5
      vertex -57.2051 12.4306 5
    endloop
  endfacet
  facet normal 0 0 1
    outer loop
      vertex -52.7938 -7.19671 5
      vertex -55.3767 -12.0219 5
      vertex -55.3761 -12.0218 5
    endloop
  endfacet
  facet normal 0 0 1
    outer loop
      vertex -53.8659 4.22259 5
      vertex -57.5504 12.5801 5
      vertex -53.8714 4.20347 5
    endloop
  endfacet
  facet normal 0 0 1
    outer loop
      vertex -52.7938 -7.19671 5
      vertex -55.7507 -12.0572 5
      vertex -55.3767 -12.0219 5
    endloop
  endfacet
  facet normal -0 0 1
    outer loop
      vertex -68.0104 7.83373 5
      vertex -53.8714 4.20347 5
      vertex -57.5504 12.5801 5
    endloop
  endfacet
  facet normal 0 0 1
    outer loop
      vertex -54.4018 -0.0199091 5
      vertex -69 0 5
      vertex -68.9378 -1.9779 5
    endloop
  endfacet
  facet normal 0 0 1
    outer loop
      vertex -53.8714 4.20347 5
      vertex -68.0104 7.83373 5
      vertex -54.0987 3.18664 5
    endloop
  endfacet
  facet normal 0 0 1
    outer loop
      vertex -54.3691 -1.06131 5
      vertex -68.9378 -1.9779 5
      vertex -68.7516 -3.948 5
    endloop
  endfacet
  facet normal -0 0 1
    outer loop
      vertex -68.442 5.90251 5
      vertex -54.0987 3.18664 5
      vertex -68.0104 7.83373 5
    endloop
  endfacet
  facet normal 0 0 1
    outer loop
      vertex -53.2076 -6.24048 5
      vertex -56.1218 -12.116 5
      vertex -55.7507 -12.0572 5
    endloop
  endfacet
  facet normal 0 0 1
    outer loop
      vertex -54.0987 3.18664 5
      vertex -68.442 5.90251 5
      vertex -54.1031 3.1672 5
    endloop
  endfacet
  facet normal 0 0 1
    outer loop
      vertex -53.2076 -6.24048 5
      vertex -56.1224 -12.1161 5
      vertex -56.1218 -12.116 5
    endloop
  endfacet
  facet normal 0 0 1
    outer loop
      vertex -54.1031 3.1672 5
      vertex -68.442 5.90251 5
      vertex -54.1062 3.14753 5
    endloop
  endfacet
  facet normal 0 0 1
    outer loop
      vertex -53.2076 -6.24048 5
      vertex -56.123 -12.1162 5
      vertex -56.1224 -12.1161 5
    endloop
  endfacet
  facet normal 0 0 1
    outer loop
      vertex -54.1062 3.14753 5
      vertex -68.442 5.90251 5
      vertex -54.2692 2.11844 5
    endloop
  endfacet
  facet normal 0 0 1
    outer loop
      vertex -53.2155 -6.2222 5
      vertex -56.4897 -12.1982 5
      vertex -56.123 -12.1162 5
    endloop
  endfacet
  facet normal 0 0 1
    outer loop
      vertex -54.271 2.09861 5
      vertex -68.7516 3.948 5
      vertex -54.3691 1.06131 5
    endloop
  endfacet
  facet normal 0 0 1
    outer loop
      vertex -54.2692 -2.11844 5
      vertex -68.7516 -3.948 5
      vertex -68.442 -5.90251 5
    endloop
  endfacet
  facet normal -0 0 1
    outer loop
      vertex -68.9378 1.9779 5
      vertex -54.3691 1.06131 5
      vertex -68.7516 3.948 5
    endloop
  endfacet
  facet normal 0 0 1
    outer loop
      vertex -53.2155 -6.2222 5
      vertex -56.4903 -12.1984 5
      vertex -56.4897 -12.1982 5
    endloop
  endfacet
  facet normal -0 0 1
    outer loop
      vertex -68.7516 3.948 5
      vertex -54.2692 2.11844 5
      vertex -68.442 5.90251 5
    endloop
  endfacet
  facet normal 0 0 1
    outer loop
      vertex -53.5684 -5.24188 5
      vertex -56.851 -12.3032 5
      vertex -56.4903 -12.1984 5
    endloop
  endfacet
  facet normal 0 0 1
    outer loop
      vertex -68.0104 7.83373 5
      vertex -57.5504 12.5801 5
      vertex -57.551 12.5804 5
    endloop
  endfacet
  facet normal 0 0 1
    outer loop
      vertex -54.0987 -3.18664 5
      vertex -68.442 -5.90251 5
      vertex -68.0104 -7.83373 5
    endloop
  endfacet
  facet normal 0 0 1
    outer loop
      vertex -68.0104 7.83373 5
      vertex -57.551 12.5804 5
      vertex -57.8857 12.7509 5
    endloop
  endfacet
  facet normal 0 0 1
    outer loop
      vertex -53.5752 -5.22314 5
      vertex -57.2045 -12.4304 5
      vertex -56.851 -12.3032 5
    endloop
  endfacet
  facet normal 0 0 1
    outer loop
      vertex -67.4583 9.73403 5
      vertex -57.8857 12.7509 5
      vertex -58.2091 12.9422 5
    endloop
  endfacet
  facet normal 0 0 1
    outer loop
      vertex -53.5752 -5.22314 5
      vertex -57.2051 -12.4306 5
      vertex -57.2045 -12.4304 5
    endloop
  endfacet
  facet normal 0 0 1
    outer loop
      vertex -67.4583 9.73403 5
      vertex -58.2091 12.9422 5
      vertex -58.2096 12.9425 5
    endloop
  endfacet
  facet normal 0 0 1
    outer loop
      vertex -53.8659 -4.22259 5
      vertex -57.5504 -12.5801 5
      vertex -57.2051 -12.4306 5
    endloop
  endfacet
  facet normal 0 0 1
    outer loop
      vertex -67.4583 9.73403 5
      vertex -58.2096 12.9425 5
      vertex -58.2101 12.9428 5
    endloop
  endfacet
  facet normal 0 0 1
    outer loop
      vertex -53.8714 -4.20347 5
      vertex -68.0104 -7.83373 5
      vertex -57.5504 -12.5801 5
    endloop
  endfacet
  facet normal 0 0 1
    outer loop
      vertex -67.4583 9.73403 5
      vertex -58.2101 12.9428 5
      vertex -58.5208 13.154 5
    endloop
  endfacet
  facet normal 0 0 1
    outer loop
      vertex -57.5504 -12.5801 5
      vertex -68.0104 -7.83373 5
      vertex -57.551 -12.5804 5
    endloop
  endfacet
  facet normal 0 0 1
    outer loop
      vertex -67.4583 9.73403 5
      vertex -58.5208 13.154 5
      vertex -58.5213 13.1544 5
    endloop
  endfacet
  facet normal 0 0 1
    outer loop
      vertex -57.551 -12.5804 5
      vertex -68.0104 -7.83373 5
      vertex -57.8857 -12.7509 5
    endloop
  endfacet
  facet normal 0 0 1
    outer loop
      vertex -66.788 11.5959 5
      vertex -58.5213 13.1544 5
      vertex -58.8182 13.3846 5
    endloop
  endfacet
  facet normal -0 -0 1
    outer loop
      vertex -67.4583 -9.73403 5
      vertex -57.8857 -12.7509 5
      vertex -68.0104 -7.83373 5
    endloop
  endfacet
  facet normal 0 0 1
    outer loop
      vertex -66.788 11.5959 5
      vertex -58.8182 13.3846 5
      vertex -59.1 13.6331 5
    endloop
  endfacet
  facet normal 0 0 1
    outer loop
      vertex -57.8857 -12.7509 5
      vertex -67.4583 -9.73403 5
      vertex -58.2091 -12.9422 5
    endloop
  endfacet
  facet normal 0 0 1
    outer loop
      vertex -66.788 11.5959 5
      vertex -59.1 13.6331 5
      vertex -59.1004 13.6335 5
    endloop
  endfacet
  facet normal 0 0 1
    outer loop
      vertex -58.2091 -12.9422 5
      vertex -67.4583 -9.73403 5
      vertex -58.2096 -12.9425 5
    endloop
  endfacet
  facet normal 0 0 1
    outer loop
      vertex -66.788 11.5959 5
      vertex -59.1004 13.6335 5
      vertex -59.3665 13.8996 5
    endloop
  endfacet
  facet normal 0 0 1
    outer loop
      vertex -58.2096 -12.9425 5
      vertex -67.4583 -9.73403 5
      vertex -58.2101 -12.9428 5
    endloop
  endfacet
  facet normal 0 0 1
    outer loop
      vertex -66.0021 13.412 5
      vertex -59.3665 13.8996 5
      vertex -59.3669 13.9 5
    endloop
  endfacet
  facet normal 0 0 1
    outer loop
      vertex -58.2101 -12.9428 5
      vertex -67.4583 -9.73403 5
      vertex -58.5208 -13.154 5
    endloop
  endfacet
  facet normal 0 0 1
    outer loop
      vertex -66.0021 13.412 5
      vertex -59.3669 13.9 5
      vertex -59.6154 14.1818 5
    endloop
  endfacet
  facet normal 0 0 1
    outer loop
      vertex -58.5208 -13.154 5
      vertex -67.4583 -9.73403 5
      vertex -58.5213 -13.1544 5
    endloop
  endfacet
  facet normal 0 0 1
    outer loop
      vertex -66.0021 13.412 5
      vertex -59.6154 14.1818 5
      vertex -59.8456 14.4787 5
    endloop
  endfacet
  facet normal -0 -0 1
    outer loop
      vertex -66.788 -11.5959 5
      vertex -58.5213 -13.1544 5
      vertex -67.4583 -9.73403 5
    endloop
  endfacet
  facet normal 0 0 1
    outer loop
      vertex -66.0021 13.412 5
      vertex -59.8456 14.4787 5
      vertex -59.846 14.4792 5
    endloop
  endfacet
  facet normal 0 0 1
    outer loop
      vertex -58.5213 -13.1544 5
      vertex -66.788 -11.5959 5
      vertex -58.8182 -13.3846 5
    endloop
  endfacet
  facet normal 0 0 1
    outer loop
      vertex -66.0021 13.412 5
      vertex -59.846 14.4792 5
      vertex -60.0572 14.7899 5
    endloop
  endfacet
  facet normal 0 0 1
    outer loop
      vertex -58.8182 -13.3846 5
      vertex -66.788 -11.5959 5
      vertex -59.1 -13.6331 5
    endloop
  endfacet
  facet normal 0 0 1
    outer loop
      vertex -65.1037 15.1752 5
      vertex -60.0572 14.7899 5
      vertex -60.0575 14.7904 5
    endloop
  endfacet
  facet normal 0 0 1
    outer loop
      vertex -59.1 -13.6331 5
      vertex -66.788 -11.5959 5
      vertex -59.1004 -13.6335 5
    endloop
  endfacet
  facet normal 0 0 1
    outer loop
      vertex -65.1037 15.1752 5
      vertex -60.0575 14.7904 5
      vertex -60.0578 14.7909 5
    endloop
  endfacet
  facet normal 0 0 1
    outer loop
      vertex -59.1004 -13.6335 5
      vertex -66.788 -11.5959 5
      vertex -59.3665 -13.8996 5
    endloop
  endfacet
  facet normal 0 0 1
    outer loop
      vertex -65.1037 15.1752 5
      vertex -60.0578 14.7909 5
      vertex -60.2491 15.1143 5
    endloop
  endfacet
  facet normal -0 -0 1
    outer loop
      vertex -66.0021 -13.412 5
      vertex -59.3665 -13.8996 5
      vertex -66.788 -11.5959 5
    endloop
  endfacet
  facet normal -0 0 1
    outer loop
      vertex -65.1037 15.1752 5
      vertex -60.2491 15.1143 5
      vertex -60.4196 15.449 5
    endloop
  endfacet
  facet normal 0 0 1
    outer loop
      vertex -59.3665 -13.8996 5
      vertex -66.0021 -13.412 5
      vertex -59.3669 -13.9 5
    endloop
  endfacet
  facet normal 0 0 1
    outer loop
      vertex -65.1037 15.1752 5
      vertex -60.4196 15.449 5
      vertex -60.4199 15.4496 5
    endloop
  endfacet
  facet normal 0 0 1
    outer loop
      vertex -59.3669 -13.9 5
      vertex -66.0021 -13.412 5
      vertex -59.6154 -14.1818 5
    endloop
  endfacet
  facet normal 0 0 1
    outer loop
      vertex -65.1037 15.1752 5
      vertex -60.4199 15.4496 5
      vertex -60.5694 15.7949 5
    endloop
  endfacet
  facet normal 0 0 1
    outer loop
      vertex -59.6154 -14.1818 5
      vertex -66.0021 -13.412 5
      vertex -59.8456 -14.4787 5
    endloop
  endfacet
  facet normal 0 0 1
    outer loop
      vertex -64.0963 16.8785 5
      vertex -60.5694 15.7949 5
      vertex -60.5696 15.7955 5
    endloop
  endfacet
  facet normal 0 0 1
    outer loop
      vertex -59.8456 -14.4787 5
      vertex -66.0021 -13.412 5
      vertex -59.846 -14.4792 5
    endloop
  endfacet
  facet normal 0 0 1
    outer loop
      vertex -64.0963 16.8785 5
      vertex -60.5696 15.7955 5
      vertex -60.6968 16.149 5
    endloop
  endfacet
  facet normal 0 0 1
    outer loop
      vertex -59.846 -14.4792 5
      vertex -66.0021 -13.412 5
      vertex -60.0572 -14.7899 5
    endloop
  endfacet
  facet normal 0 0 1
    outer loop
      vertex -64.0963 16.8785 5
      vertex -60.6968 16.149 5
      vertex -60.8016 16.5097 5
    endloop
  endfacet
  facet normal 0 -0 1
    outer loop
      vertex -65.1037 -15.1752 5
      vertex -60.0572 -14.7899 5
      vertex -66.0021 -13.412 5
    endloop
  endfacet
  facet normal 0 0 1
    outer loop
      vertex -64.0963 16.8785 5
      vertex -60.8016 16.5097 5
      vertex -60.8018 16.5103 5
    endloop
  endfacet
  facet normal 0 0 1
    outer loop
      vertex -60.0572 -14.7899 5
      vertex -65.1037 -15.1752 5
      vertex -60.0575 -14.7904 5
    endloop
  endfacet
  facet normal 0 0 1
    outer loop
      vertex -64.0963 16.8785 5
      vertex -60.8018 16.5103 5
      vertex -60.8838 16.877 5
    endloop
  endfacet
  facet normal 0 0 1
    outer loop
      vertex -60.0575 -14.7904 5
      vertex -65.1037 -15.1752 5
      vertex -60.0578 -14.7909 5
    endloop
  endfacet
  facet normal 0 0 1
    outer loop
      vertex -64.0963 16.8785 5
      vertex -60.8838 16.877 5
      vertex -60.8839 16.8776 5
    endloop
  endfacet
  facet normal 0 0 1
    outer loop
      vertex -60.0578 -14.7909 5
      vertex -65.1037 -15.1752 5
      vertex -60.2491 -15.1143 5
    endloop
  endfacet
  facet normal 0 0 1
    outer loop
      vertex -64.0963 16.8785 5
      vertex -60.8839 16.8776 5
      vertex -60.884 16.8782 5
    endloop
  endfacet
  facet normal 0 0 1
    outer loop
      vertex -60.2491 -15.1143 5
      vertex -65.1037 -15.1752 5
      vertex -60.4196 -15.449 5
    endloop
  endfacet
  facet normal -0 0 1
    outer loop
      vertex -64.0963 16.8785 5
      vertex -60.884 16.8782 5
      vertex -60.9428 17.2493 5
    endloop
  endfacet
  facet normal 0 0 1
    outer loop
      vertex -60.4196 -15.449 5
      vertex -65.1037 -15.1752 5
      vertex -60.4199 -15.4496 5
    endloop
  endfacet
  facet normal 0 0 1
    outer loop
      vertex -62.984 18.5152 5
      vertex -60.9428 17.2493 5
      vertex -60.9781 17.6233 5
    endloop
  endfacet
  facet normal 0 0 1
    outer loop
      vertex -60.4199 -15.4496 5
      vertex -65.1037 -15.1752 5
      vertex -60.5694 -15.7949 5
    endloop
  endfacet
  facet normal 0 0 1
    outer loop
      vertex -62.984 18.5152 5
      vertex -60.9781 17.6233 5
      vertex -60.9782 17.6239 5
    endloop
  endfacet
  facet normal 0 -0 1
    outer loop
      vertex -64.0963 -16.8785 5
      vertex -60.5694 -15.7949 5
      vertex -65.1037 -15.1752 5
    endloop
  endfacet
  facet normal 0 0 1
    outer loop
      vertex -62.984 18.5152 5
      vertex -60.9782 17.6239 5
      vertex -60.9782 17.6245 5
    endloop
  endfacet
  facet normal 0 0 1
    outer loop
      vertex -60.5694 -15.7949 5
      vertex -64.0963 -16.8785 5
      vertex -60.5696 -15.7955 5
    endloop
  endfacet
  facet normal 0 0 1
    outer loop
      vertex -62.984 18.5152 5
      vertex -60.9782 17.6245 5
      vertex -60.99 18 5
    endloop
  endfacet
  facet normal 0 0 1
    outer loop
      vertex -60.5696 -15.7955 5
      vertex -64.0963 -16.8785 5
      vertex -60.6968 -16.149 5
    endloop
  endfacet
  facet normal -0 0 1
    outer loop
      vertex -49.1161 16.8776 5
      vertex -45.66 14.8016 5
      vertex -49.116 16.8782 5
    endloop
  endfacet
  facet normal -0 0 1
    outer loop
      vertex -49.1162 16.877 5
      vertex -45.66 14.8016 5
      vertex -49.1161 16.8776 5
    endloop
  endfacet
  facet normal 0 0 1
    outer loop
      vertex -45.66 14.8016 5
      vertex -49.1162 16.877 5
      vertex -46.5568 14.2712 5
    endloop
  endfacet
  facet normal -0 0 1
    outer loop
      vertex -49.1982 16.5103 5
      vertex -46.5568 14.2712 5
      vertex -49.1162 16.877 5
    endloop
  endfacet
  facet normal -0 0 1
    outer loop
      vertex -49.1984 16.5097 5
      vertex -46.5568 14.2712 5
      vertex -49.1982 16.5103 5
    endloop
  endfacet
  facet normal -0 0 1
    outer loop
      vertex -49.3032 16.149 5
      vertex -46.5568 14.2712 5
      vertex -49.1984 16.5097 5
    endloop
  endfacet
  facet normal 0 0 1
    outer loop
      vertex -46.5568 14.2712 5
      vertex -49.3032 16.149 5
      vertex -46.5733 14.26 5
    endloop
  endfacet
  facet normal -0 0 1
    outer loop
      vertex -49.4304 15.7955 5
      vertex -46.5733 14.26 5
      vertex -49.3032 16.149 5
    endloop
  endfacet
  facet normal 0 0 1
    outer loop
      vertex -46.5733 14.26 5
      vertex -49.4304 15.7955 5
      vertex -47.435 13.6744 5
    endloop
  endfacet
  facet normal -0 0 1
    outer loop
      vertex -49.4306 15.7949 5
      vertex -47.435 13.6744 5
      vertex -49.4304 15.7955 5
    endloop
  endfacet
  facet normal -0 0 1
    outer loop
      vertex -49.5801 15.4496 5
      vertex -47.435 13.6744 5
      vertex -49.4306 15.7949 5
    endloop
  endfacet
  facet normal 0 0 1
    outer loop
      vertex -47.435 13.6744 5
      vertex -49.5801 15.4496 5
      vertex -47.4507 13.6622 5
    endloop
  endfacet
  facet normal -0 0 1
    outer loop
      vertex -49.5804 15.449 5
      vertex -47.4507 13.6622 5
      vertex -49.5801 15.4496 5
    endloop
  endfacet
  facet normal -0 0 1
    outer loop
      vertex -49.7509 15.1143 5
      vertex -47.4507 13.6622 5
      vertex -49.5804 15.449 5
    endloop
  endfacet
  facet normal 0 0 1
    outer loop
      vertex -47.4507 13.6622 5
      vertex -49.7509 15.1143 5
      vertex -48.274 13.0236 5
    endloop
  endfacet
  facet normal -0 0 1
    outer loop
      vertex -49.9422 14.7909 5
      vertex -48.274 13.0236 5
      vertex -49.7509 15.1143 5
    endloop
  endfacet
  facet normal -0 0 1
    outer loop
      vertex -49.9425 14.7904 5
      vertex -48.274 13.0236 5
      vertex -49.9422 14.7909 5
    endloop
  endfacet
  facet normal -0 0 1
    outer loop
      vertex -49.9428 14.7899 5
      vertex -48.274 13.0236 5
      vertex -49.9425 14.7904 5
    endloop
  endfacet
  facet normal -0 0 1
    outer loop
      vertex -50.154 14.4792 5
      vertex -48.274 13.0236 5
      vertex -49.9428 14.7899 5
    endloop
  endfacet
  facet normal -0 0 1
    outer loop
      vertex -50.1544 14.4787 5
      vertex -48.274 13.0236 5
      vertex -50.154 14.4792 5
    endloop
  endfacet
  facet normal -0 0 1
    outer loop
      vertex -50.3846 14.1818 5
      vertex -48.274 13.0236 5
      vertex -50.1544 14.4787 5
    endloop
  endfacet
  facet normal 0 0 1
    outer loop
      vertex -48.274 13.0236 5
      vertex -50.3846 14.1818 5
      vertex -49.0556 12.3345 5
    endloop
  endfacet
  facet normal -0 0 1
    outer loop
      vertex -50.6331 13.9 5
      vertex -49.0556 12.3345 5
      vertex -50.3846 14.1818 5
    endloop
  endfacet
  facet normal 0 0 1
    outer loop
      vertex -49.0556 12.3345 5
      vertex -50.6331 13.9 5
      vertex -49.0705 12.3213 5
    endloop
  endfacet
  facet normal -0 0 1
    outer loop
      vertex -50.6335 13.8996 5
      vertex -49.0705 12.3213 5
      vertex -50.6331 13.9 5
    endloop
  endfacet
  facet normal -0 0 1
    outer loop
      vertex -50.8996 13.6335 5
      vertex -49.0705 12.3213 5
      vertex -50.6335 13.8996 5
    endloop
  endfacet
  facet normal -0 0 1
    outer loop
      vertex -50.9 13.6331 5
      vertex -49.0705 12.3213 5
      vertex -50.8996 13.6335 5
    endloop
  endfacet
  facet normal 0 0 1
    outer loop
      vertex -49.0705 12.3213 5
      vertex -50.9 13.6331 5
      vertex -49.8213 11.5705 5
    endloop
  endfacet
  facet normal -0 0 1
    outer loop
      vertex -51.1818 13.3846 5
      vertex -49.8213 11.5705 5
      vertex -50.9 13.6331 5
    endloop
  endfacet
  facet normal -0 0 1
    outer loop
      vertex -51.4787 13.1544 5
      vertex -49.8213 11.5705 5
      vertex -51.1818 13.3846 5
    endloop
  endfacet
  facet normal 0 0 1
    outer loop
      vertex -49.8213 11.5705 5
      vertex -51.4787 13.1544 5
      vertex -49.8345 11.5556 5
    endloop
  endfacet
  facet normal -0 0 1
    outer loop
      vertex -51.4792 13.154 5
      vertex -49.8345 11.5556 5
      vertex -51.4787 13.1544 5
    endloop
  endfacet
  facet normal -0 0 1
    outer loop
      vertex -51.7899 12.9428 5
      vertex -49.8345 11.5556 5
      vertex -51.4792 13.154 5
    endloop
  endfacet
  facet normal 0 0 1
    outer loop
      vertex -49.8345 11.5556 5
      vertex -51.7899 12.9428 5
      vertex -50.5236 10.774 5
    endloop
  endfacet
  facet normal -0 0 1
    outer loop
      vertex -51.7904 12.9425 5
      vertex -50.5236 10.774 5
      vertex -51.7899 12.9428 5
    endloop
  endfacet
  facet normal -0 0 1
    outer loop
      vertex -51.7909 12.9422 5
      vertex -50.5236 10.774 5
      vertex -51.7904 12.9425 5
    endloop
  endfacet
  facet normal -0 0 1
    outer loop
      vertex -52.1143 12.7509 5
      vertex -50.5236 10.774 5
      vertex -51.7909 12.9422 5
    endloop
  endfacet
  facet normal -0 0 1
    outer loop
      vertex -52.449 12.5804 5
      vertex -50.5236 10.774 5
      vertex -52.1143 12.7509 5
    endloop
  endfacet
  facet normal -0 0 1
    outer loop
      vertex -52.4496 12.5801 5
      vertex -50.5236 10.774 5
      vertex -52.449 12.5804 5
    endloop
  endfacet
  facet normal 0 0 1
    outer loop
      vertex -50.5236 10.774 5
      vertex -52.4496 12.5801 5
      vertex -51.1622 9.95074 5
    endloop
  endfacet
  facet normal -0 0 1
    outer loop
      vertex -52.7949 12.4306 5
      vertex -51.1622 9.95074 5
      vertex -52.4496 12.5801 5
    endloop
  endfacet
  facet normal -0 0 1
    outer loop
      vertex -52.7955 12.4304 5
      vertex -51.1622 9.95074 5
      vertex -52.7949 12.4306 5
    endloop
  endfacet
  facet normal 0 0 1
    outer loop
      vertex -51.1622 9.95074 5
      vertex -52.7955 12.4304 5
      vertex -51.1744 9.935 5
    endloop
  endfacet
  facet normal -0 0 1
    outer loop
      vertex -53.149 12.3032 5
      vertex -51.1744 9.935 5
      vertex -52.7955 12.4304 5
    endloop
  endfacet
  facet normal -0 0 1
    outer loop
      vertex -53.5097 12.1984 5
      vertex -51.1744 9.935 5
      vertex -53.149 12.3032 5
    endloop
  endfacet
  facet normal 0 0 1
    outer loop
      vertex -51.1744 9.935 5
      vertex -53.5097 12.1984 5
      vertex -51.76 9.07325 5
    endloop
  endfacet
  facet normal -0 0 1
    outer loop
      vertex -53.5103 12.1982 5
      vertex -51.76 9.07325 5
      vertex -53.5097 12.1984 5
    endloop
  endfacet
  facet normal -0 0 1
    outer loop
      vertex -53.877 12.1162 5
      vertex -51.76 9.07325 5
      vertex -53.5103 12.1982 5
    endloop
  endfacet
  facet normal 0 0 1
    outer loop
      vertex -51.76 9.07325 5
      vertex -53.877 12.1162 5
      vertex -51.7712 9.05678 5
    endloop
  endfacet
  facet normal -0 0 1
    outer loop
      vertex -53.8776 12.1161 5
      vertex -51.7712 9.05678 5
      vertex -53.877 12.1162 5
    endloop
  endfacet
  facet normal -0 0 1
    outer loop
      vertex -53.8782 12.116 5
      vertex -51.7712 9.05678 5
      vertex -53.8776 12.1161 5
    endloop
  endfacet
  facet normal -0 0 1
    outer loop
      vertex -54.2493 12.0572 5
      vertex -51.7712 9.05678 5
      vertex -53.8782 12.116 5
    endloop
  endfacet
  facet normal 0 0 1
    outer loop
      vertex -51.7712 9.05678 5
      vertex -54.2493 12.0572 5
      vertex -52.3016 8.15996 5
    endloop
  endfacet
  facet normal -0 0 1
    outer loop
      vertex -54.6233 12.0219 5
      vertex -52.3016 8.15996 5
      vertex -54.2493 12.0572 5
    endloop
  endfacet
  facet normal -0 0 1
    outer loop
      vertex -54.6239 12.0218 5
      vertex -52.3016 8.15996 5
      vertex -54.6233 12.0219 5
    endloop
  endfacet
  facet normal 0 0 1
    outer loop
      vertex -52.3016 8.15996 5
      vertex -54.6239 12.0218 5
      vertex -52.3117 8.14281 5
    endloop
  endfacet
  facet normal -0 0 1
    outer loop
      vertex -54.6245 12.0218 5
      vertex -52.3117 8.14281 5
      vertex -54.6239 12.0218 5
    endloop
  endfacet
  facet normal 0 0 1
    outer loop
      vertex -52.3117 8.14281 5
      vertex -54.6245 12.0218 5
      vertex -52.3208 8.12506 5
    endloop
  endfacet
  facet normal -0 0 1
    outer loop
      vertex -55 12.01 5
      vertex -52.3208 8.12506 5
      vertex -54.6245 12.0218 5
    endloop
  endfacet
  facet normal 0 0 1
    outer loop
      vertex -52.3208 8.12506 5
      vertex -55 12.01 5
      vertex -52.7938 7.19671 5
    endloop
  endfacet
  facet normal 0 0 1
    outer loop
      vertex -55.3755 12.0218 5
      vertex -52.7938 7.19671 5
      vertex -55 12.01 5
    endloop
  endfacet
  facet normal -0 0 1
    outer loop
      vertex -55.3761 12.0218 5
      vertex -52.7938 7.19671 5
      vertex -55.3755 12.0218 5
    endloop
  endfacet
  facet normal 0 0 1
    outer loop
      vertex -55.3767 12.0219 5
      vertex -52.7938 7.19671 5
      vertex -55.3761 12.0218 5
    endloop
  endfacet
  facet normal 0 0 1
    outer loop
      vertex -55.7507 12.0572 5
      vertex -52.7938 7.19671 5
      vertex -55.3767 12.0219 5
    endloop
  endfacet
  facet normal 0 0 1
    outer loop
      vertex -52.7938 7.19671 5
      vertex -55.7507 12.0572 5
      vertex -53.2076 6.24048 5
    endloop
  endfacet
  facet normal 0 0 1
    outer loop
      vertex -56.1218 12.116 5
      vertex -53.2076 6.24048 5
      vertex -55.7507 12.0572 5
    endloop
  endfacet
  facet normal 0 0 1
    outer loop
      vertex -56.1224 12.1161 5
      vertex -53.2076 6.24048 5
      vertex -56.1218 12.116 5
    endloop
  endfacet
  facet normal 0 0 1
    outer loop
      vertex -56.123 12.1162 5
      vertex -53.2076 6.24048 5
      vertex -56.1224 12.1161 5
    endloop
  endfacet
  facet normal 0 0 1
    outer loop
      vertex -53.2076 6.24048 5
      vertex -56.123 12.1162 5
      vertex -53.2155 6.2222 5
    endloop
  endfacet
  facet normal 0 0 1
    outer loop
      vertex -56.4897 12.1982 5
      vertex -53.2155 6.2222 5
      vertex -56.123 12.1162 5
    endloop
  endfacet
  facet normal 0 0 1
    outer loop
      vertex -56.4903 12.1984 5
      vertex -53.2155 6.2222 5
      vertex -56.4897 12.1982 5
    endloop
  endfacet
  facet normal 0 0 1
    outer loop
      vertex 60.5696 15.7955 5
      vertex 64.0963 16.8785 5
      vertex 60.6968 16.149 5
    endloop
  endfacet
  facet normal 0 0 1
    outer loop
      vertex 69 0 5
      vertex 60.9782 -17.6245 5
      vertex 60.99 -18 5
    endloop
  endfacet
  facet normal 0 0 1
    outer loop
      vertex 60.5694 15.7949 5
      vertex 64.0963 16.8785 5
      vertex 60.5696 15.7955 5
    endloop
  endfacet
  facet normal 0 0 1
    outer loop
      vertex 69 0 5
      vertex 60.9782 -17.6239 5
      vertex 60.9782 -17.6245 5
    endloop
  endfacet
  facet normal 0 0 1
    outer loop
      vertex 64.0963 16.8785 5
      vertex 60.5694 15.7949 5
      vertex 65.1037 15.1752 5
    endloop
  endfacet
  facet normal 0 0 1
    outer loop
      vertex 69 0 5
      vertex 60.9781 -17.6233 5
      vertex 60.9782 -17.6239 5
    endloop
  endfacet
  facet normal -0 0 1
    outer loop
      vertex 60.4199 15.4496 5
      vertex 65.1037 15.1752 5
      vertex 60.5694 15.7949 5
    endloop
  endfacet
  facet normal 0 0 1
    outer loop
      vertex 69 0 5
      vertex 60.9428 -17.2493 5
      vertex 60.9781 -17.6233 5
    endloop
  endfacet
  facet normal -0 0 1
    outer loop
      vertex 60.4196 15.449 5
      vertex 65.1037 15.1752 5
      vertex 60.4199 15.4496 5
    endloop
  endfacet
  facet normal 0 0 1
    outer loop
      vertex 69 0 5
      vertex 60.884 -16.8782 5
      vertex 60.9428 -17.2493 5
    endloop
  endfacet
  facet normal 0 0 1
    outer loop
      vertex 60.2491 15.1143 5
      vertex 65.1037 15.1752 5
      vertex 60.4196 15.449 5
    endloop
  endfacet
  facet normal 0 0 1
    outer loop
      vertex 69 0 5
      vertex 60.8839 -16.8776 5
      vertex 60.884 -16.8782 5
    endloop
  endfacet
  facet normal 0 0 1
    outer loop
      vertex 60.0578 14.7909 5
      vertex 65.1037 15.1752 5
      vertex 60.2491 15.1143 5
    endloop
  endfacet
  facet normal 0 0 1
    outer loop
      vertex 69 0 5
      vertex 60.8838 -16.877 5
      vertex 60.8839 -16.8776 5
    endloop
  endfacet
  facet normal 0 0 1
    outer loop
      vertex 60.0575 14.7904 5
      vertex 65.1037 15.1752 5
      vertex 60.0578 14.7909 5
    endloop
  endfacet
  facet normal 0 0 1
    outer loop
      vertex 69 0 5
      vertex 60.8018 -16.5103 5
      vertex 60.8838 -16.877 5
    endloop
  endfacet
  facet normal 0 0 1
    outer loop
      vertex 60.0572 14.7899 5
      vertex 65.1037 15.1752 5
      vertex 60.0575 14.7904 5
    endloop
  endfacet
  facet normal 0 0 1
    outer loop
      vertex 69 0 5
      vertex 60.8016 -16.5097 5
      vertex 60.8018 -16.5103 5
    endloop
  endfacet
  facet normal 0 0 1
    outer loop
      vertex 65.1037 15.1752 5
      vertex 60.0572 14.7899 5
      vertex 66.0021 13.412 5
    endloop
  endfacet
  facet normal 0 0 1
    outer loop
      vertex 69 0 5
      vertex 60.6968 -16.149 5
      vertex 60.8016 -16.5097 5
    endloop
  endfacet
  facet normal -0 0 1
    outer loop
      vertex 59.846 14.4792 5
      vertex 66.0021 13.412 5
      vertex 60.0572 14.7899 5
    endloop
  endfacet
  facet normal 0 0 1
    outer loop
      vertex 69 0 5
      vertex 60.5696 -15.7955 5
      vertex 60.6968 -16.149 5
    endloop
  endfacet
  facet normal -0 0 1
    outer loop
      vertex 59.8456 14.4787 5
      vertex 66.0021 13.412 5
      vertex 59.846 14.4792 5
    endloop
  endfacet
  facet normal 0 0 1
    outer loop
      vertex 69 0 5
      vertex 60.5694 -15.7949 5
      vertex 60.5696 -15.7955 5
    endloop
  endfacet
  facet normal -0 0 1
    outer loop
      vertex 59.6154 14.1818 5
      vertex 66.0021 13.412 5
      vertex 59.8456 14.4787 5
    endloop
  endfacet
  facet normal 0 0 1
    outer loop
      vertex 69 0 5
      vertex 60.4199 -15.4496 5
      vertex 60.5694 -15.7949 5
    endloop
  endfacet
  facet normal -0 0 1
    outer loop
      vertex 59.3669 13.9 5
      vertex 66.0021 13.412 5
      vertex 59.6154 14.1818 5
    endloop
  endfacet
  facet normal 0 0 1
    outer loop
      vertex 69 0 5
      vertex 60.4196 -15.449 5
      vertex 60.4199 -15.4496 5
    endloop
  endfacet
  facet normal -0 0 1
    outer loop
      vertex 59.3665 13.8996 5
      vertex 66.0021 13.412 5
      vertex 59.3669 13.9 5
    endloop
  endfacet
  facet normal 0 0 1
    outer loop
      vertex 69 0 5
      vertex 60.2491 -15.1143 5
      vertex 60.4196 -15.449 5
    endloop
  endfacet
  facet normal 0 0 1
    outer loop
      vertex 66.0021 13.412 5
      vertex 59.3665 13.8996 5
      vertex 66.788 11.5959 5
    endloop
  endfacet
  facet normal 0 0 1
    outer loop
      vertex 69 0 5
      vertex 60.0578 -14.7909 5
      vertex 60.2491 -15.1143 5
    endloop
  endfacet
  facet normal -0 0 1
    outer loop
      vertex 59.1004 13.6335 5
      vertex 66.788 11.5959 5
      vertex 59.3665 13.8996 5
    endloop
  endfacet
  facet normal 0 0 1
    outer loop
      vertex 69 0 5
      vertex 60.0575 -14.7904 5
      vertex 60.0578 -14.7909 5
    endloop
  endfacet
  facet normal -0 0 1
    outer loop
      vertex 59.1 13.6331 5
      vertex 66.788 11.5959 5
      vertex 59.1004 13.6335 5
    endloop
  endfacet
  facet normal 0 0 1
    outer loop
      vertex 69 0 5
      vertex 60.0572 -14.7899 5
      vertex 60.0575 -14.7904 5
    endloop
  endfacet
  facet normal -0 0 1
    outer loop
      vertex 58.8182 13.3846 5
      vertex 66.788 11.5959 5
      vertex 59.1 13.6331 5
    endloop
  endfacet
  facet normal 0 0 1
    outer loop
      vertex 69 0 5
      vertex 59.846 -14.4792 5
      vertex 60.0572 -14.7899 5
    endloop
  endfacet
  facet normal -0 0 1
    outer loop
      vertex 58.5213 13.1544 5
      vertex 66.788 11.5959 5
      vertex 58.8182 13.3846 5
    endloop
  endfacet
  facet normal 0 0 1
    outer loop
      vertex 69 0 5
      vertex 59.8456 -14.4787 5
      vertex 59.846 -14.4792 5
    endloop
  endfacet
  facet normal 0 0 1
    outer loop
      vertex 66.788 11.5959 5
      vertex 58.5213 13.1544 5
      vertex 67.4583 9.73403 5
    endloop
  endfacet
  facet normal 0 0 1
    outer loop
      vertex 69 0 5
      vertex 59.6154 -14.1818 5
      vertex 59.8456 -14.4787 5
    endloop
  endfacet
  facet normal -0 0 1
    outer loop
      vertex 58.5208 13.154 5
      vertex 67.4583 9.73403 5
      vertex 58.5213 13.1544 5
    endloop
  endfacet
  facet normal 0 0 1
    outer loop
      vertex 54.4018 -0.0199091 5
      vertex 69 0 5
      vertex 54.4024 0 5
    endloop
  endfacet
  facet normal -0 0 1
    outer loop
      vertex 58.2101 12.9428 5
      vertex 67.4583 9.73403 5
      vertex 58.5208 13.154 5
    endloop
  endfacet
  facet normal 0 0 1
    outer loop
      vertex 69 0 5
      vertex 59.3669 -13.9 5
      vertex 59.6154 -14.1818 5
    endloop
  endfacet
  facet normal -0 0 1
    outer loop
      vertex 58.2096 12.9425 5
      vertex 67.4583 9.73403 5
      vertex 58.2101 12.9428 5
    endloop
  endfacet
  facet normal 0 0 1
    outer loop
      vertex 69 0 5
      vertex 59.3665 -13.8996 5
      vertex 59.3669 -13.9 5
    endloop
  endfacet
  facet normal -0 0 1
    outer loop
      vertex 58.2091 12.9422 5
      vertex 67.4583 9.73403 5
      vertex 58.2096 12.9425 5
    endloop
  endfacet
  facet normal 0 0 1
    outer loop
      vertex 54.3691 -1.06131 5
      vertex 69 0 5
      vertex 54.4018 -0.0199091 5
    endloop
  endfacet
  facet normal -0 0 1
    outer loop
      vertex 57.8857 12.7509 5
      vertex 67.4583 9.73403 5
      vertex 58.2091 12.9422 5
    endloop
  endfacet
  facet normal 0 0 1
    outer loop
      vertex 54.271 -2.09861 5
      vertex 69 0 5
      vertex 54.3691 -1.06131 5
    endloop
  endfacet
  facet normal 0 0 1
    outer loop
      vertex 67.4583 9.73403 5
      vertex 57.8857 12.7509 5
      vertex 68.0104 7.83373 5
    endloop
  endfacet
  facet normal 0 0 1
    outer loop
      vertex 69 0 5
      vertex 59.1004 -13.6335 5
      vertex 59.3665 -13.8996 5
    endloop
  endfacet
  facet normal -0 0 1
    outer loop
      vertex 57.551 12.5804 5
      vertex 68.0104 7.83373 5
      vertex 57.8857 12.7509 5
    endloop
  endfacet
  facet normal 0 0 1
    outer loop
      vertex 69 0 5
      vertex 59.1 -13.6331 5
      vertex 59.1004 -13.6335 5
    endloop
  endfacet
  facet normal 0 0 1
    outer loop
      vertex 68.0104 7.83373 5
      vertex 53.8714 4.20347 5
      vertex 68.442 5.90251 5
    endloop
  endfacet
  facet normal 0 0 1
    outer loop
      vertex 54.2692 -2.11844 5
      vertex 69 0 5
      vertex 54.271 -2.09861 5
    endloop
  endfacet
  facet normal 0 -0 1
    outer loop
      vertex 54.0987 3.18664 5
      vertex 68.442 5.90251 5
      vertex 53.8714 4.20347 5
    endloop
  endfacet
  facet normal 0 0 1
    outer loop
      vertex 69 0 5
      vertex 58.8182 -13.3846 5
      vertex 59.1 -13.6331 5
    endloop
  endfacet
  facet normal 0 0 1
    outer loop
      vertex 68.442 5.90251 5
      vertex 54.1062 3.14753 5
      vertex 68.7516 3.948 5
    endloop
  endfacet
  facet normal 0 0 1
    outer loop
      vertex 54.1062 -3.14753 5
      vertex 69 0 5
      vertex 54.2692 -2.11844 5
    endloop
  endfacet
  facet normal 0 -0 1
    outer loop
      vertex 54.1031 3.1672 5
      vertex 68.442 5.90251 5
      vertex 54.0987 3.18664 5
    endloop
  endfacet
  facet normal 0 0 1
    outer loop
      vertex 69 0 5
      vertex 58.5213 -13.1544 5
      vertex 58.8182 -13.3846 5
    endloop
  endfacet
  facet normal 0 0 1
    outer loop
      vertex 68.0104 7.83373 5
      vertex 57.551 12.5804 5
      vertex 53.8714 4.20347 5
    endloop
  endfacet
  facet normal 0 0 1
    outer loop
      vertex 69 0 5
      vertex 58.5208 -13.154 5
      vertex 58.5213 -13.1544 5
    endloop
  endfacet
  facet normal 0 0 1
    outer loop
      vertex 53.8714 4.20347 5
      vertex 57.551 12.5804 5
      vertex 57.5504 12.5801 5
    endloop
  endfacet
  facet normal 0 0 1
    outer loop
      vertex 54.1031 -3.1672 5
      vertex 69 0 5
      vertex 54.1062 -3.14753 5
    endloop
  endfacet
  facet normal 0 0 1
    outer loop
      vertex 53.8659 4.22259 5
      vertex 57.5504 12.5801 5
      vertex 57.2051 12.4306 5
    endloop
  endfacet
  facet normal 0 0 1
    outer loop
      vertex 69 0 5
      vertex 58.2101 -12.9428 5
      vertex 58.5208 -13.154 5
    endloop
  endfacet
  facet normal 0 0 1
    outer loop
      vertex 53.5752 5.22314 5
      vertex 57.2051 12.4306 5
      vertex 57.2045 12.4304 5
    endloop
  endfacet
  facet normal 0 0 1
    outer loop
      vertex 54.0987 -3.18664 5
      vertex 69 0 5
      vertex 54.1031 -3.1672 5
    endloop
  endfacet
  facet normal 0 0 1
    outer loop
      vertex 53.5752 5.22314 5
      vertex 57.2045 12.4304 5
      vertex 56.851 12.3032 5
    endloop
  endfacet
  facet normal 0 0 1
    outer loop
      vertex 69 0 5
      vertex 58.2096 -12.9425 5
      vertex 58.2101 -12.9428 5
    endloop
  endfacet
  facet normal 0 0 1
    outer loop
      vertex 53.5684 5.24188 5
      vertex 56.851 12.3032 5
      vertex 56.4903 12.1984 5
    endloop
  endfacet
  facet normal 0 -0 1
    outer loop
      vertex 58.2091 -12.9422 5
      vertex 69 0 5
      vertex 54.0987 -3.18664 5
    endloop
  endfacet
  facet normal 0 0 1
    outer loop
      vertex 53.2155 6.2222 5
      vertex 56.4903 12.1984 5
      vertex 56.4897 12.1982 5
    endloop
  endfacet
  facet normal 0 0 1
    outer loop
      vertex 69 0 5
      vertex 58.2091 -12.9422 5
      vertex 58.2096 -12.9425 5
    endloop
  endfacet
  facet normal 0 0 1
    outer loop
      vertex 53.2155 6.2222 5
      vertex 56.4897 12.1982 5
      vertex 56.123 12.1162 5
    endloop
  endfacet
  facet normal 0 0 1
    outer loop
      vertex 58.2091 -12.9422 5
      vertex 54.0987 -3.18664 5
      vertex 57.8857 -12.7509 5
    endloop
  endfacet
  facet normal 0 0 1
    outer loop
      vertex 53.2076 6.24048 5
      vertex 56.123 12.1162 5
      vertex 56.1224 12.1161 5
    endloop
  endfacet
  facet normal -0 0 1
    outer loop
      vertex 53.8714 -4.20347 5
      vertex 57.8857 -12.7509 5
      vertex 54.0987 -3.18664 5
    endloop
  endfacet
  facet normal 0 0 1
    outer loop
      vertex 53.2076 6.24048 5
      vertex 56.1224 12.1161 5
      vertex 56.1218 12.116 5
    endloop
  endfacet
  facet normal 0 0 1
    outer loop
      vertex 57.8857 -12.7509 5
      vertex 53.8714 -4.20347 5
      vertex 57.551 -12.5804 5
    endloop
  endfacet
  facet normal 0 0 1
    outer loop
      vertex 53.2076 6.24048 5
      vertex 56.1218 12.116 5
      vertex 55.7507 12.0572 5
    endloop
  endfacet
  facet normal 0 0 1
    outer loop
      vertex 57.551 -12.5804 5
      vertex 53.8714 -4.20347 5
      vertex 57.5504 -12.5801 5
    endloop
  endfacet
  facet normal 0 0 1
    outer loop
      vertex 52.7938 7.19671 5
      vertex 55.7507 12.0572 5
      vertex 55.3767 12.0219 5
    endloop
  endfacet
  facet normal -0 0 1
    outer loop
      vertex 53.8659 -4.22259 5
      vertex 57.5504 -12.5801 5
      vertex 53.8714 -4.20347 5
    endloop
  endfacet
  facet normal 0 0 1
    outer loop
      vertex 52.7938 7.19671 5
      vertex 55.3767 12.0219 5
      vertex 55.3761 12.0218 5
    endloop
  endfacet
  facet normal 0 0 1
    outer loop
      vertex 57.5504 -12.5801 5
      vertex 53.8659 -4.22259 5
      vertex 57.2051 -12.4306 5
    endloop
  endfacet
  facet normal 0 0 1
    outer loop
      vertex 52.7938 7.19671 5
      vertex 55.3761 12.0218 5
      vertex 55.3755 12.0218 5
    endloop
  endfacet
  facet normal -0 0 1
    outer loop
      vertex 53.5752 -5.22314 5
      vertex 57.2051 -12.4306 5
      vertex 53.8659 -4.22259 5
    endloop
  endfacet
  facet normal 0 0 1
    outer loop
      vertex 52.7938 7.19671 5
      vertex 55.3755 12.0218 5
      vertex 55 12.01 5
    endloop
  endfacet
  facet normal 0 0 1
    outer loop
      vertex 57.2051 -12.4306 5
      vertex 53.5752 -5.22314 5
      vertex 57.2045 -12.4304 5
    endloop
  endfacet
  facet normal 0 0 1
    outer loop
      vertex 52.3208 8.12506 5
      vertex 55 12.01 5
      vertex 54.6245 12.0218 5
    endloop
  endfacet
  facet normal 0 0 1
    outer loop
      vertex 57.2045 -12.4304 5
      vertex 53.5752 -5.22314 5
      vertex 56.851 -12.3032 5
    endloop
  endfacet
  facet normal 0 0 1
    outer loop
      vertex 52.3117 8.14281 5
      vertex 54.6245 12.0218 5
      vertex 54.6239 12.0218 5
    endloop
  endfacet
  facet normal -0 0 1
    outer loop
      vertex 53.5684 -5.24188 5
      vertex 56.851 -12.3032 5
      vertex 53.5752 -5.22314 5
    endloop
  endfacet
  facet normal 0 0 1
    outer loop
      vertex 52.3016 8.15996 5
      vertex 54.6239 12.0218 5
      vertex 54.6233 12.0219 5
    endloop
  endfacet
  facet normal 0 0 1
    outer loop
      vertex 56.851 -12.3032 5
      vertex 53.5684 -5.24188 5
      vertex 56.4903 -12.1984 5
    endloop
  endfacet
  facet normal -0 0 1
    outer loop
      vertex 53.2155 -6.2222 5
      vertex 56.4903 -12.1984 5
      vertex 53.5684 -5.24188 5
    endloop
  endfacet
  facet normal 0 0 1
    outer loop
      vertex 69 0 5
      vertex 54.4018 0.0199091 5
      vertex 54.4024 0 5
    endloop
  endfacet
  facet normal 0 0 1
    outer loop
      vertex 69 0 5
      vertex 54.3691 1.06131 5
      vertex 54.4018 0.0199091 5
    endloop
  endfacet
  facet normal 0 0 1
    outer loop
      vertex 68.9378 1.9779 5
      vertex 54.3691 1.06131 5
      vertex 69 0 5
    endloop
  endfacet
  facet normal 0 -0 1
    outer loop
      vertex 54.3691 1.06131 5
      vertex 68.9378 1.9779 5
      vertex 54.271 2.09861 5
    endloop
  endfacet
  facet normal 0 0 1
    outer loop
      vertex 52.3016 8.15996 5
      vertex 54.6233 12.0219 5
      vertex 54.2493 12.0572 5
    endloop
  endfacet
  facet normal 0 0 1
    outer loop
      vertex 68.7516 3.948 5
      vertex 54.271 2.09861 5
      vertex 68.9378 1.9779 5
    endloop
  endfacet
  facet normal 0 -0 1
    outer loop
      vertex 54.271 2.09861 5
      vertex 68.7516 3.948 5
      vertex 54.2692 2.11844 5
    endloop
  endfacet
  facet normal 0 -0 1
    outer loop
      vertex 54.2692 2.11844 5
      vertex 68.7516 3.948 5
      vertex 54.1062 3.14753 5
    endloop
  endfacet
  facet normal 0 0 1
    outer loop
      vertex 51.7712 9.05678 5
      vertex 54.2493 12.0572 5
      vertex 53.8782 12.116 5
    endloop
  endfacet
  facet normal 0 0 1
    outer loop
      vertex 51.7712 9.05678 5
      vertex 53.8782 12.116 5
      vertex 53.8776 12.1161 5
    endloop
  endfacet
  facet normal 0 0 1
    outer loop
      vertex 51.7712 9.05678 5
      vertex 53.8776 12.1161 5
      vertex 53.877 12.1162 5
    endloop
  endfacet
  facet normal 0 -0 1
    outer loop
      vertex 54.1062 3.14753 5
      vertex 68.442 5.90251 5
      vertex 54.1031 3.1672 5
    endloop
  endfacet
  facet normal 0 0 1
    outer loop
      vertex 57.5504 12.5801 5
      vertex 53.8659 4.22259 5
      vertex 53.8714 4.20347 5
    endloop
  endfacet
  facet normal 0 0 1
    outer loop
      vertex 57.2051 12.4306 5
      vertex 53.5752 5.22314 5
      vertex 53.8659 4.22259 5
    endloop
  endfacet
  facet normal 0 0 1
    outer loop
      vertex 56.851 12.3032 5
      vertex 53.5684 5.24188 5
      vertex 53.5752 5.22314 5
    endloop
  endfacet
  facet normal 0 0 1
    outer loop
      vertex 51.76 9.07325 5
      vertex 53.877 12.1162 5
      vertex 53.5103 12.1982 5
    endloop
  endfacet
  facet normal 0 0 1
    outer loop
      vertex 51.76 9.07325 5
      vertex 53.5103 12.1982 5
      vertex 53.5097 12.1984 5
    endloop
  endfacet
  facet normal 0 0 1
    outer loop
      vertex 56.4903 12.1984 5
      vertex 53.2155 6.2222 5
      vertex 53.5684 5.24188 5
    endloop
  endfacet
  facet normal 0 0 1
    outer loop
      vertex 56.123 12.1162 5
      vertex 53.2076 6.24048 5
      vertex 53.2155 6.2222 5
    endloop
  endfacet
  facet normal 0 0 1
    outer loop
      vertex 51.1744 9.935 5
      vertex 53.5097 12.1984 5
      vertex 53.149 12.3032 5
    endloop
  endfacet
  facet normal 0 0 1
    outer loop
      vertex 51.1744 9.935 5
      vertex 53.149 12.3032 5
      vertex 52.7955 12.4304 5
    endloop
  endfacet
  facet normal 0 0 1
    outer loop
      vertex 51.1622 9.95074 5
      vertex 52.7955 12.4304 5
      vertex 52.7949 12.4306 5
    endloop
  endfacet
  facet normal 0 0 1
    outer loop
      vertex 55.7507 12.0572 5
      vertex 52.7938 7.19671 5
      vertex 53.2076 6.24048 5
    endloop
  endfacet
  facet normal 0 0 1
    outer loop
      vertex 51.1622 9.95074 5
      vertex 52.7949 12.4306 5
      vertex 52.4496 12.5801 5
    endloop
  endfacet
  facet normal 0 0 1
    outer loop
      vertex 50.5236 10.774 5
      vertex 52.4496 12.5801 5
      vertex 52.449 12.5804 5
    endloop
  endfacet
  facet normal 0 0 1
    outer loop
      vertex 55 12.01 5
      vertex 52.3208 8.12506 5
      vertex 52.7938 7.19671 5
    endloop
  endfacet
  facet normal 0 0 1
    outer loop
      vertex 54.6245 12.0218 5
      vertex 52.3117 8.14281 5
      vertex 52.3208 8.12506 5
    endloop
  endfacet
  facet normal 0 0 1
    outer loop
      vertex 54.6239 12.0218 5
      vertex 52.3016 8.15996 5
      vertex 52.3117 8.14281 5
    endloop
  endfacet
  facet normal 0 0 1
    outer loop
      vertex 50.5236 10.774 5
      vertex 52.449 12.5804 5
      vertex 52.1143 12.7509 5
    endloop
  endfacet
  facet normal 0 0 1
    outer loop
      vertex 50.5236 10.774 5
      vertex 52.1143 12.7509 5
      vertex 51.7909 12.9422 5
    endloop
  endfacet
  facet normal 0 0 1
    outer loop
      vertex 50.5236 10.774 5
      vertex 51.7909 12.9422 5
      vertex 51.7904 12.9425 5
    endloop
  endfacet
  facet normal 0 0 1
    outer loop
      vertex 50.5236 10.774 5
      vertex 51.7904 12.9425 5
      vertex 51.7899 12.9428 5
    endloop
  endfacet
  facet normal 0 0 1
    outer loop
      vertex 54.2493 12.0572 5
      vertex 51.7712 9.05678 5
      vertex 52.3016 8.15996 5
    endloop
  endfacet
  facet normal 0 0 1
    outer loop
      vertex 53.877 12.1162 5
      vertex 51.76 9.07325 5
      vertex 51.7712 9.05678 5
    endloop
  endfacet
  facet normal 0 0 1
    outer loop
      vertex 49.8345 11.5556 5
      vertex 51.7899 12.9428 5
      vertex 51.4792 13.154 5
    endloop
  endfacet
  facet normal 0 0 1
    outer loop
      vertex 49.8345 11.5556 5
      vertex 51.4792 13.154 5
      vertex 51.4787 13.1544 5
    endloop
  endfacet
  facet normal 0 0 1
    outer loop
      vertex 49.8213 11.5705 5
      vertex 51.4787 13.1544 5
      vertex 51.1818 13.3846 5
    endloop
  endfacet
  facet normal 0 0 1
    outer loop
      vertex 53.5097 12.1984 5
      vertex 51.1744 9.935 5
      vertex 51.76 9.07325 5
    endloop
  endfacet
  facet normal 0 0 1
    outer loop
      vertex 52.7955 12.4304 5
      vertex 51.1622 9.95074 5
      vertex 51.1744 9.935 5
    endloop
  endfacet
  facet normal 0 0 1
    outer loop
      vertex 49.8213 11.5705 5
      vertex 51.1818 13.3846 5
      vertex 50.9 13.6331 5
    endloop
  endfacet
  facet normal 0 0 1
    outer loop
      vertex 49.0705 12.3213 5
      vertex 50.9 13.6331 5
      vertex 50.8996 13.6335 5
    endloop
  endfacet
  facet normal 0 0 1
    outer loop
      vertex 49.0705 12.3213 5
      vertex 50.8996 13.6335 5
      vertex 50.6335 13.8996 5
    endloop
  endfacet
  facet normal 0 0 1
    outer loop
      vertex 49.0705 12.3213 5
      vertex 50.6335 13.8996 5
      vertex 50.6331 13.9 5
    endloop
  endfacet
  facet normal 0 0 1
    outer loop
      vertex 52.4496 12.5801 5
      vertex 50.5236 10.774 5
      vertex 51.1622 9.95074 5
    endloop
  endfacet
  facet normal 0 0 1
    outer loop
      vertex 49.0556 12.3345 5
      vertex 50.6331 13.9 5
      vertex 50.3846 14.1818 5
    endloop
  endfacet
  facet normal 0 0 1
    outer loop
      vertex 48.274 13.0236 5
      vertex 50.3846 14.1818 5
      vertex 50.1544 14.4787 5
    endloop
  endfacet
  facet normal 0 0 1
    outer loop
      vertex 48.274 13.0236 5
      vertex 50.1544 14.4787 5
      vertex 50.154 14.4792 5
    endloop
  endfacet
  facet normal 0 0 1
    outer loop
      vertex 48.274 13.0236 5
      vertex 50.154 14.4792 5
      vertex 49.9428 14.7899 5
    endloop
  endfacet
  facet normal 0 0 1
    outer loop
      vertex 48.274 13.0236 5
      vertex 49.9428 14.7899 5
      vertex 49.9425 14.7904 5
    endloop
  endfacet
  facet normal 0 0 1
    outer loop
      vertex 48.274 13.0236 5
      vertex 49.9425 14.7904 5
      vertex 49.9422 14.7909 5
    endloop
  endfacet
  facet normal 0 0 1
    outer loop
      vertex 51.7899 12.9428 5
      vertex 49.8345 11.5556 5
      vertex 50.5236 10.774 5
    endloop
  endfacet
  facet normal 0 0 1
    outer loop
      vertex 51.4787 13.1544 5
      vertex 49.8213 11.5705 5
      vertex 49.8345 11.5556 5
    endloop
  endfacet
  facet normal 0 0 1
    outer loop
      vertex 48.274 13.0236 5
      vertex 49.9422 14.7909 5
      vertex 49.7509 15.1143 5
    endloop
  endfacet
  facet normal 0 0 1
    outer loop
      vertex 47.4507 13.6622 5
      vertex 49.7509 15.1143 5
      vertex 49.5804 15.449 5
    endloop
  endfacet
  facet normal 0 0 1
    outer loop
      vertex 47.4507 13.6622 5
      vertex 49.5804 15.449 5
      vertex 49.5801 15.4496 5
    endloop
  endfacet
  facet normal 0 0 1
    outer loop
      vertex 47.435 13.6744 5
      vertex 49.5801 15.4496 5
      vertex 49.4306 15.7949 5
    endloop
  endfacet
  facet normal 0 0 1
    outer loop
      vertex 47.435 13.6744 5
      vertex 49.4306 15.7949 5
      vertex 49.4304 15.7955 5
    endloop
  endfacet
  facet normal 0 0 1
    outer loop
      vertex 46.5733 14.26 5
      vertex 49.4304 15.7955 5
      vertex 49.3032 16.149 5
    endloop
  endfacet
  facet normal 0 0 1
    outer loop
      vertex 46.5568 14.2712 5
      vertex 49.3032 16.149 5
      vertex 49.1984 16.5097 5
    endloop
  endfacet
  facet normal 0 0 1
    outer loop
      vertex 46.5568 14.2712 5
      vertex 49.1984 16.5097 5
      vertex 49.1982 16.5103 5
    endloop
  endfacet
  facet normal 0 0 1
    outer loop
      vertex 46.5568 14.2712 5
      vertex 49.1982 16.5103 5
      vertex 49.1162 16.877 5
    endloop
  endfacet
  facet normal 0 0 1
    outer loop
      vertex 45.66 14.8016 5
      vertex 49.1162 16.877 5
      vertex 49.1161 16.8776 5
    endloop
  endfacet
  facet normal 0 0 1
    outer loop
      vertex 45.66 14.8016 5
      vertex 49.1161 16.8776 5
      vertex 49.116 16.8782 5
    endloop
  endfacet
  facet normal 0 0 1
    outer loop
      vertex 50.9 13.6331 5
      vertex 49.0705 12.3213 5
      vertex 49.8213 11.5705 5
    endloop
  endfacet
  facet normal 0 0 1
    outer loop
      vertex 45.66 14.8016 5
      vertex 49.116 16.8782 5
      vertex 49.0572 17.2493 5
    endloop
  endfacet
  facet normal 0 0 1
    outer loop
      vertex 50.6331 13.9 5
      vertex 49.0556 12.3345 5
      vertex 49.0705 12.3213 5
    endloop
  endfacet
  facet normal 0 0 1
    outer loop
      vertex 45.6251 14.8208 5
      vertex 49.0572 17.2493 5
      vertex 49.0219 17.6233 5
    endloop
  endfacet
  facet normal 0 0 1
    outer loop
      vertex 45.6251 14.8208 5
      vertex 49.0219 17.6233 5
      vertex 49.0218 17.6239 5
    endloop
  endfacet
  facet normal 0 0 1
    outer loop
      vertex 44.6967 15.2938 5
      vertex 49.0218 17.6239 5
      vertex 49.0218 17.6245 5
    endloop
  endfacet
  facet normal 0 0 1
    outer loop
      vertex 44.6967 15.2938 5
      vertex 49.0218 17.6245 5
      vertex 49.01 18 5
    endloop
  endfacet
  facet normal 0 0 1
    outer loop
      vertex 50.3846 14.1818 5
      vertex 48.274 13.0236 5
      vertex 49.0556 12.3345 5
    endloop
  endfacet
  facet normal 0 0 1
    outer loop
      vertex 60.8016 16.5097 5
      vertex 64.0963 16.8785 5
      vertex 60.8018 16.5103 5
    endloop
  endfacet
  facet normal 0 0 1
    outer loop
      vertex 60.8018 16.5103 5
      vertex 64.0963 16.8785 5
      vertex 60.8838 16.877 5
    endloop
  endfacet
  facet normal 0 0 1
    outer loop
      vertex 60.6968 16.149 5
      vertex 64.0963 16.8785 5
      vertex 60.8016 16.5097 5
    endloop
  endfacet
  facet normal 0 0 1
    outer loop
      vertex 60.8838 16.877 5
      vertex 64.0963 16.8785 5
      vertex 60.8839 16.8776 5
    endloop
  endfacet
  facet normal 0 0 1
    outer loop
      vertex 69 0 5
      vertex 60.99 -18 5
      vertex 68.9378 -1.9779 5
    endloop
  endfacet
  facet normal 0 0 1
    outer loop
      vertex 60.8839 16.8776 5
      vertex 64.0963 16.8785 5
      vertex 60.884 16.8782 5
    endloop
  endfacet
  facet normal 0 0 1
    outer loop
      vertex 68.9378 -1.9779 5
      vertex 60.99 -18 5
      vertex 68.7516 -3.948 5
    endloop
  endfacet
  facet normal 0 0 1
    outer loop
      vertex 60.884 16.8782 5
      vertex 64.0963 16.8785 5
      vertex 60.9428 17.2493 5
    endloop
  endfacet
  facet normal 0 0 1
    outer loop
      vertex 68.7516 -3.948 5
      vertex 60.99 -18 5
      vertex 68.442 -5.90251 5
    endloop
  endfacet
  facet normal 0 0 1
    outer loop
      vertex 62.984 18.5152 5
      vertex 60.9428 17.2493 5
      vertex 64.0963 16.8785 5
    endloop
  endfacet
  facet normal 0 0 1
    outer loop
      vertex 68.442 -5.90251 5
      vertex 60.99 -18 5
      vertex 68.0104 -7.83373 5
    endloop
  endfacet
  facet normal 0 0 1
    outer loop
      vertex 60.9428 17.2493 5
      vertex 62.984 18.5152 5
      vertex 60.9781 17.6233 5
    endloop
  endfacet
  facet normal 0 0 1
    outer loop
      vertex 68.0104 -7.83373 5
      vertex 60.99 -18 5
      vertex 67.4583 -9.73403 5
    endloop
  endfacet
  facet normal 0 0 1
    outer loop
      vertex 60.9781 17.6233 5
      vertex 62.984 18.5152 5
      vertex 60.9782 17.6239 5
    endloop
  endfacet
  facet normal 0 0 1
    outer loop
      vertex 67.4583 -9.73403 5
      vertex 60.99 -18 5
      vertex 66.788 -11.5959 5
    endloop
  endfacet
  facet normal 0 0 1
    outer loop
      vertex 60.9782 17.6239 5
      vertex 62.984 18.5152 5
      vertex 60.9782 17.6245 5
    endloop
  endfacet
  facet normal 0 0 1
    outer loop
      vertex 66.788 -11.5959 5
      vertex 60.99 -18 5
      vertex 66.0021 -13.412 5
    endloop
  endfacet
  facet normal 0 0 1
    outer loop
      vertex 60.9782 17.6245 5
      vertex 62.984 18.5152 5
      vertex 60.99 18 5
    endloop
  endfacet
  facet normal 0 0 1
    outer loop
      vertex 66.0021 -13.412 5
      vertex 60.99 -18 5
      vertex 65.1037 -15.1752 5
    endloop
  endfacet
  facet normal -0 0 1
    outer loop
      vertex 60.9428 18.7507 5
      vertex 62.984 18.5152 5
      vertex 61.7712 20.0789 5
    endloop
  endfacet
  facet normal 0 0 1
    outer loop
      vertex 65.1037 -15.1752 5
      vertex 60.99 -18 5
      vertex 64.0963 -16.8785 5
    endloop
  endfacet
  facet normal 0 0 1
    outer loop
      vertex 64.0963 -16.8785 5
      vertex 60.99 -18 5
      vertex 62.984 -18.5152 5
    endloop
  endfacet
  facet normal 0 0 1
    outer loop
      vertex 62.984 18.5152 5
      vertex 60.9782 18.3755 5
      vertex 60.99 18 5
    endloop
  endfacet
  facet normal 0 0 1
    outer loop
      vertex 62.984 18.5152 5
      vertex 60.9782 18.3761 5
      vertex 60.9782 18.3755 5
    endloop
  endfacet
  facet normal 0 0 1
    outer loop
      vertex 62.984 18.5152 5
      vertex 60.9781 18.3767 5
      vertex 60.9782 18.3761 5
    endloop
  endfacet
  facet normal 0 0 1
    outer loop
      vertex 62.984 18.5152 5
      vertex 60.9428 18.7507 5
      vertex 60.9781 18.3767 5
    endloop
  endfacet
  facet normal 0 0 1
    outer loop
      vertex 61.7712 20.0789 5
      vertex 60.884 19.1218 5
      vertex 60.9428 18.7507 5
    endloop
  endfacet
  facet normal 0 0 1
    outer loop
      vertex 61.7712 20.0789 5
      vertex 60.8839 19.1224 5
      vertex 60.884 19.1218 5
    endloop
  endfacet
  facet normal 0 0 1
    outer loop
      vertex 61.7712 20.0789 5
      vertex 60.8838 19.123 5
      vertex 60.8839 19.1224 5
    endloop
  endfacet
  facet normal 0 0 1
    outer loop
      vertex 61.7712 20.0789 5
      vertex 60.8018 19.4897 5
      vertex 60.8838 19.123 5
    endloop
  endfacet
  facet normal 0 0 1
    outer loop
      vertex 61.7712 20.0789 5
      vertex 60.8016 19.4903 5
      vertex 60.8018 19.4897 5
    endloop
  endfacet
  facet normal 0 0 1
    outer loop
      vertex 61.7712 20.0789 5
      vertex 60.6968 19.851 5
      vertex 60.8016 19.4903 5
    endloop
  endfacet
  facet normal 0 0 1
    outer loop
      vertex 61.7712 20.0789 5
      vertex 60.5696 20.2045 5
      vertex 60.6968 19.851 5
    endloop
  endfacet
  facet normal 0 0 1
    outer loop
      vertex 61.7712 20.0789 5
      vertex 60.5694 20.2051 5
      vertex 60.5696 20.2045 5
    endloop
  endfacet
  facet normal -0 0 1
    outer loop
      vertex 60.4199 20.5504 5
      vertex 61.7712 20.0789 5
      vertex 60.4625 21.5632 5
    endloop
  endfacet
  facet normal 0 0 1
    outer loop
      vertex 61.7712 20.0789 5
      vertex 60.4199 20.5504 5
      vertex 60.5694 20.2051 5
    endloop
  endfacet
  facet normal 0 0 1
    outer loop
      vertex 60.4625 21.5632 5
      vertex 60.4196 20.551 5
      vertex 60.4199 20.5504 5
    endloop
  endfacet
  facet normal 0 0 1
    outer loop
      vertex 60.4625 21.5632 5
      vertex 60.2491 20.8857 5
      vertex 60.4196 20.551 5
    endloop
  endfacet
  facet normal 0 0 1
    outer loop
      vertex 60.4625 21.5632 5
      vertex 60.0578 21.2091 5
      vertex 60.2491 20.8857 5
    endloop
  endfacet
  facet normal 0 0 1
    outer loop
      vertex 60.4625 21.5632 5
      vertex 60.0575 21.2096 5
      vertex 60.0578 21.2091 5
    endloop
  endfacet
  facet normal 0 0 1
    outer loop
      vertex 60.4625 21.5632 5
      vertex 60.0572 21.2101 5
      vertex 60.0575 21.2096 5
    endloop
  endfacet
  facet normal 0 0 1
    outer loop
      vertex 60.4625 21.5632 5
      vertex 59.846 21.5208 5
      vertex 60.0572 21.2101 5
    endloop
  endfacet
  facet normal 0 0 1
    outer loop
      vertex 60.4625 21.5632 5
      vertex 59.8456 21.5213 5
      vertex 59.846 21.5208 5
    endloop
  endfacet
  facet normal 0 0 1
    outer loop
      vertex 60.4625 21.5632 5
      vertex 59.6154 21.8182 5
      vertex 59.8456 21.5213 5
    endloop
  endfacet
  facet normal 0 0 1
    outer loop
      vertex 60.4625 21.5632 5
      vertex 59.3669 22.1 5
      vertex 59.6154 21.8182 5
    endloop
  endfacet
  facet normal 0 0 1
    outer loop
      vertex 59.0632 22.9625 5
      vertex 59.3669 22.1 5
      vertex 60.4625 21.5632 5
    endloop
  endfacet
  facet normal 0 0 1
    outer loop
      vertex 59.3669 22.1 5
      vertex 59.0632 22.9625 5
      vertex 59.3665 22.1004 5
    endloop
  endfacet
  facet normal 0 0 1
    outer loop
      vertex 59.3665 22.1004 5
      vertex 59.0632 22.9625 5
      vertex 59.1004 22.3665 5
    endloop
  endfacet
  facet normal 0 0 1
    outer loop
      vertex 59.1004 22.3665 5
      vertex 59.0632 22.9625 5
      vertex 59.1 22.3669 5
    endloop
  endfacet
  facet normal 0 0 1
    outer loop
      vertex 59.0632 22.9625 5
      vertex 58.8182 22.6154 5
      vertex 59.1 22.3669 5
    endloop
  endfacet
  facet normal 0 0 1
    outer loop
      vertex 59.0632 22.9625 5
      vertex 58.5213 22.8456 5
      vertex 58.8182 22.6154 5
    endloop
  endfacet
  facet normal 0 0 1
    outer loop
      vertex 59.0632 22.9625 5
      vertex 58.5208 22.846 5
      vertex 58.5213 22.8456 5
    endloop
  endfacet
  facet normal 0 0 1
    outer loop
      vertex 59.0632 22.9625 5
      vertex 58.2101 23.0572 5
      vertex 58.5208 22.846 5
    endloop
  endfacet
  facet normal 0 0 1
    outer loop
      vertex 59.0632 22.9625 5
      vertex 58.2096 23.0575 5
      vertex 58.2101 23.0572 5
    endloop
  endfacet
  facet normal 0 0 1
    outer loop
      vertex 59.0632 22.9625 5
      vertex 58.2091 23.0578 5
      vertex 58.2096 23.0575 5
    endloop
  endfacet
  facet normal 0 0 1
    outer loop
      vertex 57.5789 24.2712 5
      vertex 58.2091 23.0578 5
      vertex 59.0632 22.9625 5
    endloop
  endfacet
  facet normal 0 0 1
    outer loop
      vertex 58.2091 23.0578 5
      vertex 57.5789 24.2712 5
      vertex 57.8857 23.2491 5
    endloop
  endfacet
  facet normal 0 0 1
    outer loop
      vertex 57.5789 24.2712 5
      vertex 57.551 23.4196 5
      vertex 57.8857 23.2491 5
    endloop
  endfacet
  facet normal 0 0 1
    outer loop
      vertex 57.5789 24.2712 5
      vertex 57.5504 23.4199 5
      vertex 57.551 23.4196 5
    endloop
  endfacet
  facet normal 0 0 1
    outer loop
      vertex 57.5789 24.2712 5
      vertex 57.2051 23.5694 5
      vertex 57.5504 23.4199 5
    endloop
  endfacet
  facet normal 0 0 1
    outer loop
      vertex 57.5789 24.2712 5
      vertex 57.2045 23.5696 5
      vertex 57.2051 23.5694 5
    endloop
  endfacet
  facet normal 0 0 1
    outer loop
      vertex 57.5789 24.2712 5
      vertex 56.851 23.6968 5
      vertex 57.2045 23.5696 5
    endloop
  endfacet
  facet normal 0 0 1
    outer loop
      vertex 57.5789 24.2712 5
      vertex 56.4903 23.8016 5
      vertex 56.851 23.6968 5
    endloop
  endfacet
  facet normal 0 0 1
    outer loop
      vertex 57.5789 24.2712 5
      vertex 56.4897 23.8018 5
      vertex 56.4903 23.8016 5
    endloop
  endfacet
  facet normal 0 0 1
    outer loop
      vertex 56.0152 25.484 5
      vertex 56.4897 23.8018 5
      vertex 57.5789 24.2712 5
    endloop
  endfacet
  facet normal 0 0 1
    outer loop
      vertex 56.4897 23.8018 5
      vertex 56.0152 25.484 5
      vertex 56.123 23.8838 5
    endloop
  endfacet
  facet normal 0 0 1
    outer loop
      vertex 56.123 23.8838 5
      vertex 56.0152 25.484 5
      vertex 56.1224 23.8839 5
    endloop
  endfacet
  facet normal 0 0 1
    outer loop
      vertex 56.1224 23.8839 5
      vertex 56.0152 25.484 5
      vertex 56.1218 23.884 5
    endloop
  endfacet
  facet normal 0 0 1
    outer loop
      vertex 56.0152 25.484 5
      vertex 55.7507 23.9428 5
      vertex 56.1218 23.884 5
    endloop
  endfacet
  facet normal 0 0 1
    outer loop
      vertex 56.0152 25.484 5
      vertex 55.3767 23.9781 5
      vertex 55.7507 23.9428 5
    endloop
  endfacet
  facet normal 0 0 1
    outer loop
      vertex 56.0152 25.484 5
      vertex 55.3761 23.9782 5
      vertex 55.3767 23.9781 5
    endloop
  endfacet
  facet normal 0 0 1
    outer loop
      vertex 56.0152 25.484 5
      vertex 55.3755 23.9782 5
      vertex 55.3761 23.9782 5
    endloop
  endfacet
  facet normal 0 0 1
    outer loop
      vertex 56.0152 25.484 5
      vertex 55 23.99 5
      vertex 55.3755 23.9782 5
    endloop
  endfacet
  facet normal 0 0 1
    outer loop
      vertex 56.0152 25.484 5
      vertex 54.6245 23.9782 5
      vertex 55 23.99 5
    endloop
  endfacet
  facet normal 0 0 1
    outer loop
      vertex 54.3785 26.5963 5
      vertex 54.6245 23.9782 5
      vertex 56.0152 25.484 5
    endloop
  endfacet
  facet normal 0 0 1
    outer loop
      vertex 54.6245 23.9782 5
      vertex 54.3785 26.5963 5
      vertex 54.6239 23.9782 5
    endloop
  endfacet
  facet normal 0 0 1
    outer loop
      vertex 54.6239 23.9782 5
      vertex 54.3785 26.5963 5
      vertex 54.6233 23.9781 5
    endloop
  endfacet
  facet normal 0 0 1
    outer loop
      vertex 54.3785 26.5963 5
      vertex 54.2493 23.9428 5
      vertex 54.6233 23.9781 5
    endloop
  endfacet
  facet normal 0 0 1
    outer loop
      vertex 54.3785 26.5963 5
      vertex 53.8782 23.884 5
      vertex 54.2493 23.9428 5
    endloop
  endfacet
  facet normal 0 0 1
    outer loop
      vertex 54.3785 26.5963 5
      vertex 53.8776 23.8839 5
      vertex 53.8782 23.884 5
    endloop
  endfacet
  facet normal 0 0 1
    outer loop
      vertex 54.3785 26.5963 5
      vertex 53.877 23.8838 5
      vertex 53.8776 23.8839 5
    endloop
  endfacet
  facet normal 0 0 1
    outer loop
      vertex 54.3785 26.5963 5
      vertex 53.5103 23.8018 5
      vertex 53.877 23.8838 5
    endloop
  endfacet
  facet normal 0 0 1
    outer loop
      vertex 54.3785 26.5963 5
      vertex 53.5097 23.8016 5
      vertex 53.5103 23.8018 5
    endloop
  endfacet
  facet normal 0 0 1
    outer loop
      vertex 54.3785 26.5963 5
      vertex 53.149 23.6968 5
      vertex 53.5097 23.8016 5
    endloop
  endfacet
  facet normal 0 0 1
    outer loop
      vertex 52.6752 27.6037 5
      vertex 53.149 23.6968 5
      vertex 54.3785 26.5963 5
    endloop
  endfacet
  facet normal 0 0 1
    outer loop
      vertex 53.149 23.6968 5
      vertex 52.6752 27.6037 5
      vertex 52.7955 23.5696 5
    endloop
  endfacet
  facet normal 0 0 1
    outer loop
      vertex 52.7955 23.5696 5
      vertex 52.6752 27.6037 5
      vertex 52.7949 23.5694 5
    endloop
  endfacet
  facet normal 0 0 1
    outer loop
      vertex 52.6752 27.6037 5
      vertex 52.4496 23.4199 5
      vertex 52.7949 23.5694 5
    endloop
  endfacet
  facet normal 0 0 1
    outer loop
      vertex 52.6752 27.6037 5
      vertex 52.449 23.4196 5
      vertex 52.4496 23.4199 5
    endloop
  endfacet
  facet normal 0 0 1
    outer loop
      vertex 52.6752 27.6037 5
      vertex 52.1143 23.2491 5
      vertex 52.449 23.4196 5
    endloop
  endfacet
  facet normal 0 0 1
    outer loop
      vertex 50.912 28.5021 5
      vertex 52.1143 23.2491 5
      vertex 52.6752 27.6037 5
    endloop
  endfacet
  facet normal 0 0 1
    outer loop
      vertex 52.1143 23.2491 5
      vertex 50.912 28.5021 5
      vertex 51.7909 23.0578 5
    endloop
  endfacet
  facet normal 0 0 1
    outer loop
      vertex 51.7909 23.0578 5
      vertex 50.912 28.5021 5
      vertex 51.7904 23.0575 5
    endloop
  endfacet
  facet normal 0 0 1
    outer loop
      vertex 51.7904 23.0575 5
      vertex 50.912 28.5021 5
      vertex 51.7899 23.0572 5
    endloop
  endfacet
  facet normal 0 0 1
    outer loop
      vertex 51.7899 23.0572 5
      vertex 50.912 28.5021 5
      vertex 51.4792 22.846 5
    endloop
  endfacet
  facet normal 0 0 1
    outer loop
      vertex 51.4792 22.846 5
      vertex 50.912 28.5021 5
      vertex 51.4787 22.8456 5
    endloop
  endfacet
  facet normal 0 0 1
    outer loop
      vertex 51.4787 22.8456 5
      vertex 50.912 28.5021 5
      vertex 51.1818 22.6154 5
    endloop
  endfacet
  facet normal 0 0 1
    outer loop
      vertex 49.0959 29.288 5
      vertex 51.1818 22.6154 5
      vertex 50.912 28.5021 5
    endloop
  endfacet
  facet normal 0 0 1
    outer loop
      vertex 51.1818 22.6154 5
      vertex 49.0959 29.288 5
      vertex 50.9 22.3669 5
    endloop
  endfacet
  facet normal 0 0 1
    outer loop
      vertex 50.9 22.3669 5
      vertex 49.0959 29.288 5
      vertex 50.8996 22.3665 5
    endloop
  endfacet
  facet normal 0 0 1
    outer loop
      vertex 50.8996 22.3665 5
      vertex 49.0959 29.288 5
      vertex 50.6335 22.1004 5
    endloop
  endfacet
  facet normal 0 0 1
    outer loop
      vertex 50.6335 22.1004 5
      vertex 49.0959 29.288 5
      vertex 50.6331 22.1 5
    endloop
  endfacet
  facet normal 0 0 1
    outer loop
      vertex 50.6331 22.1 5
      vertex 49.0959 29.288 5
      vertex 50.3846 21.8182 5
    endloop
  endfacet
  facet normal 0 0 1
    outer loop
      vertex 47.234 29.9583 5
      vertex 50.3846 21.8182 5
      vertex 49.0959 29.288 5
    endloop
  endfacet
  facet normal 0 0 1
    outer loop
      vertex 50.3846 21.8182 5
      vertex 47.234 29.9583 5
      vertex 50.1544 21.5213 5
    endloop
  endfacet
  facet normal 0 0 1
    outer loop
      vertex 50.1544 21.5213 5
      vertex 47.234 29.9583 5
      vertex 50.154 21.5208 5
    endloop
  endfacet
  facet normal 0 0 1
    outer loop
      vertex 50.154 21.5208 5
      vertex 47.234 29.9583 5
      vertex 49.9428 21.2101 5
    endloop
  endfacet
  facet normal 0 0 1
    outer loop
      vertex 49.9428 21.2101 5
      vertex 47.234 29.9583 5
      vertex 49.9425 21.2096 5
    endloop
  endfacet
  facet normal 0 0 1
    outer loop
      vertex 49.9425 21.2096 5
      vertex 47.234 29.9583 5
      vertex 49.9422 21.2091 5
    endloop
  endfacet
  facet normal 0 0 1
    outer loop
      vertex 45.3337 30.5104 5
      vertex 49.9422 21.2091 5
      vertex 47.234 29.9583 5
    endloop
  endfacet
  facet normal 0 0 1
    outer loop
      vertex 49.9422 21.2091 5
      vertex 45.3337 30.5104 5
      vertex 49.7509 20.8857 5
    endloop
  endfacet
  facet normal 0 0 1
    outer loop
      vertex 49.7509 20.8857 5
      vertex 45.3337 30.5104 5
      vertex 49.5804 20.551 5
    endloop
  endfacet
  facet normal 0 0 1
    outer loop
      vertex 49.5804 20.551 5
      vertex 45.3337 30.5104 5
      vertex 49.5801 20.5504 5
    endloop
  endfacet
  facet normal 0 0 1
    outer loop
      vertex 41.7035 16.3714 5
      vertex 49.5801 20.5504 5
      vertex 45.3337 30.5104 5
    endloop
  endfacet
  facet normal 0 0 1
    outer loop
      vertex 49.5801 20.5504 5
      vertex 41.7035 16.3714 5
      vertex 49.4306 20.2051 5
    endloop
  endfacet
  facet normal 0 -0 1
    outer loop
      vertex 41.7226 16.3659 5
      vertex 49.4306 20.2051 5
      vertex 41.7035 16.3714 5
    endloop
  endfacet
  facet normal 0 0 1
    outer loop
      vertex 49.4306 20.2051 5
      vertex 41.7226 16.3659 5
      vertex 49.4304 20.2045 5
    endloop
  endfacet
  facet normal 0 0 1
    outer loop
      vertex 49.4304 20.2045 5
      vertex 41.7226 16.3659 5
      vertex 49.3032 19.851 5
    endloop
  endfacet
  facet normal 0 -0 1
    outer loop
      vertex 42.7231 16.0752 5
      vertex 49.3032 19.851 5
      vertex 41.7226 16.3659 5
    endloop
  endfacet
  facet normal 0 0 1
    outer loop
      vertex 49.3032 19.851 5
      vertex 42.7231 16.0752 5
      vertex 49.1984 19.4903 5
    endloop
  endfacet
  facet normal 0 0 1
    outer loop
      vertex 49.1984 19.4903 5
      vertex 42.7231 16.0752 5
      vertex 49.1982 19.4897 5
    endloop
  endfacet
  facet normal 0 -0 1
    outer loop
      vertex 42.7419 16.0684 5
      vertex 49.1982 19.4897 5
      vertex 42.7231 16.0752 5
    endloop
  endfacet
  facet normal 0 0 1
    outer loop
      vertex 49.1982 19.4897 5
      vertex 42.7419 16.0684 5
      vertex 49.1162 19.123 5
    endloop
  endfacet
  facet normal 0 -0 1
    outer loop
      vertex 43.7222 15.7155 5
      vertex 49.1161 19.1224 5
      vertex 42.7419 16.0684 5
    endloop
  endfacet
  facet normal 0 0 1
    outer loop
      vertex 49.1161 19.1224 5
      vertex 43.7222 15.7155 5
      vertex 49.116 19.1218 5
    endloop
  endfacet
  facet normal 0 0 1
    outer loop
      vertex 49.7509 15.1143 5
      vertex 47.4507 13.6622 5
      vertex 48.274 13.0236 5
    endloop
  endfacet
  facet normal 0 0 1
    outer loop
      vertex 49.5801 15.4496 5
      vertex 47.435 13.6744 5
      vertex 47.4507 13.6622 5
    endloop
  endfacet
  facet normal 0 0 1
    outer loop
      vertex 49.116 19.1218 5
      vertex 43.7222 15.7155 5
      vertex 49.0572 18.7507 5
    endloop
  endfacet
  facet normal 0 0 1
    outer loop
      vertex 49.4304 15.7955 5
      vertex 46.5733 14.26 5
      vertex 47.435 13.6744 5
    endloop
  endfacet
  facet normal 0 0 1
    outer loop
      vertex 49.3032 16.149 5
      vertex 46.5568 14.2712 5
      vertex 46.5733 14.26 5
    endloop
  endfacet
  facet normal 0 0 1
    outer loop
      vertex 49.1162 16.877 5
      vertex 45.66 14.8016 5
      vertex 46.5568 14.2712 5
    endloop
  endfacet
  facet normal 0 0 1
    outer loop
      vertex 49.0572 17.2493 5
      vertex 45.6428 14.8117 5
      vertex 45.66 14.8016 5
    endloop
  endfacet
  facet normal 0 0 1
    outer loop
      vertex 49.0572 17.2493 5
      vertex 45.6251 14.8208 5
      vertex 45.6428 14.8117 5
    endloop
  endfacet
  facet normal 0 -0 1
    outer loop
      vertex 43.7405 15.7076 5
      vertex 49.0572 18.7507 5
      vertex 43.7222 15.7155 5
    endloop
  endfacet
  facet normal 0 0 1
    outer loop
      vertex 49.0218 17.6239 5
      vertex 44.6967 15.2938 5
      vertex 45.6251 14.8208 5
    endloop
  endfacet
  facet normal 0 0 1
    outer loop
      vertex 49.0218 18.3755 5
      vertex 44.6967 15.2938 5
      vertex 49.01 18 5
    endloop
  endfacet
  facet normal 0 0 1
    outer loop
      vertex 49.0218 18.3761 5
      vertex 44.6967 15.2938 5
      vertex 49.0218 18.3755 5
    endloop
  endfacet
  facet normal 0 0 1
    outer loop
      vertex 41.7035 16.3714 5
      vertex 45.3337 30.5104 5
      vertex 43.4025 30.942 5
    endloop
  endfacet
  facet normal 0 -0 1
    outer loop
      vertex 44.6967 15.2938 5
      vertex 49.0218 18.3761 5
      vertex 43.7405 15.7076 5
    endloop
  endfacet
  facet normal 0 0 1
    outer loop
      vertex 49.0219 18.3767 5
      vertex 43.7405 15.7076 5
      vertex 49.0218 18.3761 5
    endloop
  endfacet
  facet normal 0 0 1
    outer loop
      vertex 49.0572 18.7507 5
      vertex 43.7405 15.7076 5
      vertex 49.0219 18.3767 5
    endloop
  endfacet
  facet normal 0 0 1
    outer loop
      vertex 49.1162 19.123 5
      vertex 42.7419 16.0684 5
      vertex 49.1161 19.1224 5
    endloop
  endfacet
  facet normal 0 0 1
    outer loop
      vertex 40.6475 16.6062 5
      vertex 43.4025 30.942 5
      vertex 41.448 31.2516 5
    endloop
  endfacet
  facet normal 0 0 1
    outer loop
      vertex 43.4025 30.942 5
      vertex 40.6866 16.5987 5
      vertex 41.7035 16.3714 5
    endloop
  endfacet
  facet normal 0 0 1
    outer loop
      vertex 43.4025 30.942 5
      vertex 40.6672 16.6031 5
      vertex 40.6866 16.5987 5
    endloop
  endfacet
  facet normal 0 0 1
    outer loop
      vertex 43.4025 30.942 5
      vertex 40.6475 16.6062 5
      vertex 40.6672 16.6031 5
    endloop
  endfacet
  facet normal 0 0 1
    outer loop
      vertex 41.448 31.2516 5
      vertex 39.6184 16.7692 5
      vertex 40.6475 16.6062 5
    endloop
  endfacet
  facet normal 0 0 1
    outer loop
      vertex 41.448 31.2516 5
      vertex 39.5986 16.771 5
      vertex 39.6184 16.7692 5
    endloop
  endfacet
  facet normal 0 0 1
    outer loop
      vertex 39.4779 31.4378 5
      vertex 39.5986 16.771 5
      vertex 41.448 31.2516 5
    endloop
  endfacet
  facet normal 0 0 1
    outer loop
      vertex 39.4779 31.4378 5
      vertex 38.5613 16.8691 5
      vertex 39.5986 16.771 5
    endloop
  endfacet
  facet normal 0 0 1
    outer loop
      vertex 39.4779 31.4378 5
      vertex 37.5199 16.9018 5
      vertex 38.5613 16.8691 5
    endloop
  endfacet
  facet normal 0 0 1
    outer loop
      vertex 37.5 31.5 5
      vertex 37.5199 16.9018 5
      vertex 39.4779 31.4378 5
    endloop
  endfacet
  facet normal 0 0 1
    outer loop
      vertex 37.5 31.5 5
      vertex 37.5 16.9024 5
      vertex 37.5199 16.9018 5
    endloop
  endfacet
  facet normal -0 0 1
    outer loop
      vertex -37.5 31.5 5
      vertex 37.5 16.9024 5
      vertex 37.5 31.5 5
    endloop
  endfacet
  facet normal 0 0 1
    outer loop
      vertex -37.5 31.5 5
      vertex -37.5 16.9024 5
      vertex 37.5 16.9024 5
    endloop
  endfacet
  facet normal 0 0 1
    outer loop
      vertex -37.5 31.5 5
      vertex -37.5199 16.9018 5
      vertex -37.5 16.9024 5
    endloop
  endfacet
  facet normal 0 0 1
    outer loop
      vertex -37.5 31.5 5
      vertex -38.5613 16.8691 5
      vertex -37.5199 16.9018 5
    endloop
  endfacet
  facet normal -0 0 1
    outer loop
      vertex -39.4779 31.4378 5
      vertex -38.5613 16.8691 5
      vertex -37.5 31.5 5
    endloop
  endfacet
  facet normal 0 0 1
    outer loop
      vertex -39.4779 31.4378 5
      vertex -39.5986 16.771 5
      vertex -38.5613 16.8691 5
    endloop
  endfacet
  facet normal -0 0 1
    outer loop
      vertex -41.448 31.2516 5
      vertex -39.5986 16.771 5
      vertex -39.4779 31.4378 5
    endloop
  endfacet
  facet normal 0 0 1
    outer loop
      vertex -39.5986 16.771 5
      vertex -41.448 31.2516 5
      vertex -39.6184 16.7692 5
    endloop
  endfacet
  facet normal 0 0 1
    outer loop
      vertex -39.6184 16.7692 5
      vertex -41.448 31.2516 5
      vertex -40.6475 16.6062 5
    endloop
  endfacet
  facet normal -0 0 1
    outer loop
      vertex -43.4025 30.942 5
      vertex -40.6475 16.6062 5
      vertex -41.448 31.2516 5
    endloop
  endfacet
  facet normal 0 0 1
    outer loop
      vertex -40.6475 16.6062 5
      vertex -43.4025 30.942 5
      vertex -40.6672 16.6031 5
    endloop
  endfacet
  facet normal 0 0 1
    outer loop
      vertex -40.6672 16.6031 5
      vertex -43.4025 30.942 5
      vertex -40.6866 16.5987 5
    endloop
  endfacet
  facet normal 0 0 1
    outer loop
      vertex -40.6866 16.5987 5
      vertex -43.4025 30.942 5
      vertex -41.7035 16.3714 5
    endloop
  endfacet
  facet normal -0 0 1
    outer loop
      vertex -45.3337 30.5104 5
      vertex -41.7035 16.3714 5
      vertex -43.4025 30.942 5
    endloop
  endfacet
  facet normal -0 0 1
    outer loop
      vertex -49.5801 20.5504 5
      vertex -41.7035 16.3714 5
      vertex -45.3337 30.5104 5
    endloop
  endfacet
  facet normal 0 0 1
    outer loop
      vertex -41.7035 16.3714 5
      vertex -49.4306 20.2051 5
      vertex -41.7226 16.3659 5
    endloop
  endfacet
  facet normal -0 -0 1
    outer loop
      vertex -49.4304 20.2045 5
      vertex -41.7226 16.3659 5
      vertex -49.4306 20.2051 5
    endloop
  endfacet
  facet normal 0 0 1
    outer loop
      vertex -41.7226 16.3659 5
      vertex -49.3032 19.851 5
      vertex -42.7231 16.0752 5
    endloop
  endfacet
  facet normal -0 -0 1
    outer loop
      vertex -49.1984 19.4903 5
      vertex -42.7231 16.0752 5
      vertex -49.3032 19.851 5
    endloop
  endfacet
  facet normal -0 -0 1
    outer loop
      vertex -49.4306 20.2051 5
      vertex -41.7035 16.3714 5
      vertex -49.5801 20.5504 5
    endloop
  endfacet
  facet normal 0 0 1
    outer loop
      vertex -42.7231 16.0752 5
      vertex -49.1982 19.4897 5
      vertex -42.7419 16.0684 5
    endloop
  endfacet
  facet normal 0 0 1
    outer loop
      vertex -42.7419 16.0684 5
      vertex -49.1162 19.123 5
      vertex -43.7222 15.7155 5
    endloop
  endfacet
  facet normal -0 -0 1
    outer loop
      vertex -49.1161 19.1224 5
      vertex -43.7222 15.7155 5
      vertex -49.1162 19.123 5
    endloop
  endfacet
  facet normal -0 -0 1
    outer loop
      vertex -49.116 19.1218 5
      vertex -43.7222 15.7155 5
      vertex -49.1161 19.1224 5
    endloop
  endfacet
  facet normal -0 -0 1
    outer loop
      vertex -49.0219 18.3767 5
      vertex -43.7405 15.7076 5
      vertex -49.0572 18.7507 5
    endloop
  endfacet
  facet normal 0 0 1
    outer loop
      vertex -49.9422 21.2091 5
      vertex -45.3337 30.5104 5
      vertex -47.234 29.9583 5
    endloop
  endfacet
  facet normal -0 -0 1
    outer loop
      vertex -49.0218 18.3761 5
      vertex -43.7405 15.7076 5
      vertex -49.0219 18.3767 5
    endloop
  endfacet
  facet normal -0 0 1
    outer loop
      vertex -49.0218 17.6239 5
      vertex -44.6967 15.2938 5
      vertex -49.0218 17.6245 5
    endloop
  endfacet
  facet normal 0 0 1
    outer loop
      vertex -44.6967 15.2938 5
      vertex -49.0218 17.6239 5
      vertex -45.6251 14.8208 5
    endloop
  endfacet
  facet normal 0 0 1
    outer loop
      vertex -45.6251 14.8208 5
      vertex -49.0572 17.2493 5
      vertex -45.6428 14.8117 5
    endloop
  endfacet
  facet normal -0 0 1
    outer loop
      vertex -49.116 16.8782 5
      vertex -45.66 14.8016 5
      vertex -49.0572 17.2493 5
    endloop
  endfacet
  facet normal 0 0 1
    outer loop
      vertex -45.6428 14.8117 5
      vertex -49.0572 17.2493 5
      vertex -45.66 14.8016 5
    endloop
  endfacet
  facet normal -0 0 1
    outer loop
      vertex -49.0572 17.2493 5
      vertex -45.6251 14.8208 5
      vertex -49.0219 17.6233 5
    endloop
  endfacet
  facet normal -0 0 1
    outer loop
      vertex -49.0219 17.6233 5
      vertex -45.6251 14.8208 5
      vertex -49.0218 17.6239 5
    endloop
  endfacet
  facet normal 0 0 1
    outer loop
      vertex -50.3846 21.8182 5
      vertex -47.234 29.9583 5
      vertex -49.0959 29.288 5
    endloop
  endfacet
  facet normal -0 0 1
    outer loop
      vertex -49.0218 17.6245 5
      vertex -44.6967 15.2938 5
      vertex -49.01 18 5
    endloop
  endfacet
  facet normal -0 -0 1
    outer loop
      vertex -49.01 18 5
      vertex -44.6967 15.2938 5
      vertex -49.0218 18.3755 5
    endloop
  endfacet
  facet normal -0 0 1
    outer loop
      vertex -49.0218 18.3755 5
      vertex -44.6967 15.2938 5
      vertex -49.0218 18.3761 5
    endloop
  endfacet
  facet normal 0 0 1
    outer loop
      vertex -43.7405 15.7076 5
      vertex -49.0218 18.3761 5
      vertex -44.6967 15.2938 5
    endloop
  endfacet
  facet normal 0 0 1
    outer loop
      vertex -43.7222 15.7155 5
      vertex -49.0572 18.7507 5
      vertex -43.7405 15.7076 5
    endloop
  endfacet
  facet normal -0 -0 1
    outer loop
      vertex -49.0572 18.7507 5
      vertex -43.7222 15.7155 5
      vertex -49.116 19.1218 5
    endloop
  endfacet
  facet normal -0 -0 1
    outer loop
      vertex -49.1162 19.123 5
      vertex -42.7419 16.0684 5
      vertex -49.1982 19.4897 5
    endloop
  endfacet
  facet normal -0 -0 1
    outer loop
      vertex -49.1982 19.4897 5
      vertex -42.7231 16.0752 5
      vertex -49.1984 19.4903 5
    endloop
  endfacet
  facet normal -0 -0 1
    outer loop
      vertex -49.3032 19.851 5
      vertex -41.7226 16.3659 5
      vertex -49.4304 20.2045 5
    endloop
  endfacet
  facet normal 0 0 1
    outer loop
      vertex -45.3337 30.5104 5
      vertex -49.5804 20.551 5
      vertex -49.5801 20.5504 5
    endloop
  endfacet
  facet normal 0 0 1
    outer loop
      vertex -45.3337 30.5104 5
      vertex -49.7509 20.8857 5
      vertex -49.5804 20.551 5
    endloop
  endfacet
  facet normal 0 0 1
    outer loop
      vertex -45.3337 30.5104 5
      vertex -49.9422 21.2091 5
      vertex -49.7509 20.8857 5
    endloop
  endfacet
  facet normal 0 0 1
    outer loop
      vertex -47.234 29.9583 5
      vertex -49.9425 21.2096 5
      vertex -49.9422 21.2091 5
    endloop
  endfacet
  facet normal 0 0 1
    outer loop
      vertex -47.234 29.9583 5
      vertex -49.9428 21.2101 5
      vertex -49.9425 21.2096 5
    endloop
  endfacet
  facet normal 0 0 1
    outer loop
      vertex -47.234 29.9583 5
      vertex -50.154 21.5208 5
      vertex -49.9428 21.2101 5
    endloop
  endfacet
  facet normal 0 0 1
    outer loop
      vertex -47.234 29.9583 5
      vertex -50.1544 21.5213 5
      vertex -50.154 21.5208 5
    endloop
  endfacet
  facet normal 0 0 1
    outer loop
      vertex -47.234 29.9583 5
      vertex -50.3846 21.8182 5
      vertex -50.1544 21.5213 5
    endloop
  endfacet
  facet normal 0 0 1
    outer loop
      vertex -49.0959 29.288 5
      vertex -50.6331 22.1 5
      vertex -50.3846 21.8182 5
    endloop
  endfacet
  facet normal 0 0 1
    outer loop
      vertex -49.0959 29.288 5
      vertex -50.6335 22.1004 5
      vertex -50.6331 22.1 5
    endloop
  endfacet
  facet normal 0 0 1
    outer loop
      vertex -49.0959 29.288 5
      vertex -50.8996 22.3665 5
      vertex -50.6335 22.1004 5
    endloop
  endfacet
  facet normal 0 0 1
    outer loop
      vertex -49.0959 29.288 5
      vertex -50.9 22.3669 5
      vertex -50.8996 22.3665 5
    endloop
  endfacet
  facet normal 0 0 1
    outer loop
      vertex -51.1818 22.6154 5
      vertex -49.0959 29.288 5
      vertex -50.912 28.5021 5
    endloop
  endfacet
  facet normal 0 0 1
    outer loop
      vertex -49.0959 29.288 5
      vertex -51.1818 22.6154 5
      vertex -50.9 22.3669 5
    endloop
  endfacet
  facet normal 0 0 1
    outer loop
      vertex -50.912 28.5021 5
      vertex -51.4787 22.8456 5
      vertex -51.1818 22.6154 5
    endloop
  endfacet
  facet normal 0 0 1
    outer loop
      vertex -50.912 28.5021 5
      vertex -51.4792 22.846 5
      vertex -51.4787 22.8456 5
    endloop
  endfacet
  facet normal 0 0 1
    outer loop
      vertex -50.912 28.5021 5
      vertex -51.7899 23.0572 5
      vertex -51.4792 22.846 5
    endloop
  endfacet
  facet normal 0 0 1
    outer loop
      vertex -50.912 28.5021 5
      vertex -51.7904 23.0575 5
      vertex -51.7899 23.0572 5
    endloop
  endfacet
  facet normal 0 0 1
    outer loop
      vertex -50.912 28.5021 5
      vertex -51.7909 23.0578 5
      vertex -51.7904 23.0575 5
    endloop
  endfacet
  facet normal 0 0 1
    outer loop
      vertex -50.912 28.5021 5
      vertex -52.1143 23.2491 5
      vertex -51.7909 23.0578 5
    endloop
  endfacet
  facet normal -0 0 1
    outer loop
      vertex -52.6752 27.6037 5
      vertex -52.1143 23.2491 5
      vertex -50.912 28.5021 5
    endloop
  endfacet
  facet normal 0 0 1
    outer loop
      vertex -52.1143 23.2491 5
      vertex -52.6752 27.6037 5
      vertex -52.449 23.4196 5
    endloop
  endfacet
  facet normal 0 0 1
    outer loop
      vertex -52.449 23.4196 5
      vertex -52.6752 27.6037 5
      vertex -52.4496 23.4199 5
    endloop
  endfacet
  facet normal 0 0 1
    outer loop
      vertex -52.6752 27.6037 5
      vertex -52.7949 23.5694 5
      vertex -52.4496 23.4199 5
    endloop
  endfacet
  facet normal 0 0 1
    outer loop
      vertex -52.6752 27.6037 5
      vertex -52.7955 23.5696 5
      vertex -52.7949 23.5694 5
    endloop
  endfacet
  facet normal 0 0 1
    outer loop
      vertex -52.6752 27.6037 5
      vertex -53.149 23.6968 5
      vertex -52.7955 23.5696 5
    endloop
  endfacet
  facet normal -0 0 1
    outer loop
      vertex -54.3785 26.5963 5
      vertex -53.149 23.6968 5
      vertex -52.6752 27.6037 5
    endloop
  endfacet
  facet normal 0 0 1
    outer loop
      vertex -53.149 23.6968 5
      vertex -54.3785 26.5963 5
      vertex -53.5097 23.8016 5
    endloop
  endfacet
  facet normal 0 0 1
    outer loop
      vertex -53.5097 23.8016 5
      vertex -54.3785 26.5963 5
      vertex -53.5103 23.8018 5
    endloop
  endfacet
  facet normal 0 0 1
    outer loop
      vertex -53.5103 23.8018 5
      vertex -54.3785 26.5963 5
      vertex -53.877 23.8838 5
    endloop
  endfacet
  facet normal 0 0 1
    outer loop
      vertex -53.877 23.8838 5
      vertex -54.3785 26.5963 5
      vertex -53.8776 23.8839 5
    endloop
  endfacet
  facet normal 0 0 1
    outer loop
      vertex -53.8776 23.8839 5
      vertex -54.3785 26.5963 5
      vertex -53.8782 23.884 5
    endloop
  endfacet
  facet normal 0 0 1
    outer loop
      vertex -53.8782 23.884 5
      vertex -54.3785 26.5963 5
      vertex -54.2493 23.9428 5
    endloop
  endfacet
  facet normal 0 0 1
    outer loop
      vertex -54.3785 26.5963 5
      vertex -54.6233 23.9781 5
      vertex -54.2493 23.9428 5
    endloop
  endfacet
  facet normal 0 0 1
    outer loop
      vertex -54.3785 26.5963 5
      vertex -54.6239 23.9782 5
      vertex -54.6233 23.9781 5
    endloop
  endfacet
  facet normal 0 0 1
    outer loop
      vertex -54.3785 26.5963 5
      vertex -54.6245 23.9782 5
      vertex -54.6239 23.9782 5
    endloop
  endfacet
  facet normal -0 0 1
    outer loop
      vertex -56.0152 25.484 5
      vertex -54.6245 23.9782 5
      vertex -54.3785 26.5963 5
    endloop
  endfacet
  facet normal 0 0 1
    outer loop
      vertex -54.6245 23.9782 5
      vertex -56.0152 25.484 5
      vertex -55 23.99 5
    endloop
  endfacet
  facet normal 0 0 1
    outer loop
      vertex -55 23.99 5
      vertex -56.0152 25.484 5
      vertex -55.3755 23.9782 5
    endloop
  endfacet
  facet normal 0 0 1
    outer loop
      vertex -55.3755 23.9782 5
      vertex -56.0152 25.484 5
      vertex -55.3761 23.9782 5
    endloop
  endfacet
  facet normal 0 0 1
    outer loop
      vertex -55.3761 23.9782 5
      vertex -56.0152 25.484 5
      vertex -55.3767 23.9781 5
    endloop
  endfacet
  facet normal 0 0 1
    outer loop
      vertex -55.3767 23.9781 5
      vertex -56.0152 25.484 5
      vertex -55.7507 23.9428 5
    endloop
  endfacet
  facet normal 0 0 1
    outer loop
      vertex -56.0152 25.484 5
      vertex -56.1218 23.884 5
      vertex -55.7507 23.9428 5
    endloop
  endfacet
  facet normal 0 0 1
    outer loop
      vertex -56.0152 25.484 5
      vertex -56.1224 23.8839 5
      vertex -56.1218 23.884 5
    endloop
  endfacet
  facet normal 0 0 1
    outer loop
      vertex -56.0152 25.484 5
      vertex -56.123 23.8838 5
      vertex -56.1224 23.8839 5
    endloop
  endfacet
  facet normal 0 0 1
    outer loop
      vertex -56.0152 25.484 5
      vertex -56.4897 23.8018 5
      vertex -56.123 23.8838 5
    endloop
  endfacet
  facet normal -0 0 1
    outer loop
      vertex -57.5789 24.2712 5
      vertex -56.4897 23.8018 5
      vertex -56.0152 25.484 5
    endloop
  endfacet
  facet normal 0 0 1
    outer loop
      vertex -56.4897 23.8018 5
      vertex -57.5789 24.2712 5
      vertex -56.4903 23.8016 5
    endloop
  endfacet
  facet normal 0 0 1
    outer loop
      vertex -56.4903 23.8016 5
      vertex -57.5789 24.2712 5
      vertex -56.851 23.6968 5
    endloop
  endfacet
  facet normal 0 0 1
    outer loop
      vertex -56.851 23.6968 5
      vertex -57.5789 24.2712 5
      vertex -57.2045 23.5696 5
    endloop
  endfacet
  facet normal 0 0 1
    outer loop
      vertex -57.2045 23.5696 5
      vertex -57.5789 24.2712 5
      vertex -57.2051 23.5694 5
    endloop
  endfacet
  facet normal 0 0 1
    outer loop
      vertex -57.2051 23.5694 5
      vertex -57.5789 24.2712 5
      vertex -57.5504 23.4199 5
    endloop
  endfacet
  facet normal 0 0 1
    outer loop
      vertex -57.5504 23.4199 5
      vertex -57.5789 24.2712 5
      vertex -57.551 23.4196 5
    endloop
  endfacet
  facet normal 0 0 1
    outer loop
      vertex -57.5789 24.2712 5
      vertex -57.8857 23.2491 5
      vertex -57.551 23.4196 5
    endloop
  endfacet
  facet normal 0 0 1
    outer loop
      vertex -57.5789 24.2712 5
      vertex -58.2091 23.0578 5
      vertex -57.8857 23.2491 5
    endloop
  endfacet
  facet normal 0 0 1
    outer loop
      vertex -59.0632 22.9625 5
      vertex -58.2091 23.0578 5
      vertex -57.5789 24.2712 5
    endloop
  endfacet
  facet normal 0 0 1
    outer loop
      vertex -58.2091 23.0578 5
      vertex -59.0632 22.9625 5
      vertex -58.2096 23.0575 5
    endloop
  endfacet
  facet normal 0 0 1
    outer loop
      vertex -58.2096 23.0575 5
      vertex -59.0632 22.9625 5
      vertex -58.2101 23.0572 5
    endloop
  endfacet
  facet normal 0 0 1
    outer loop
      vertex -58.2101 23.0572 5
      vertex -59.0632 22.9625 5
      vertex -58.5208 22.846 5
    endloop
  endfacet
  facet normal 0 0 1
    outer loop
      vertex -58.5208 22.846 5
      vertex -59.0632 22.9625 5
      vertex -58.5213 22.8456 5
    endloop
  endfacet
  facet normal 0 0 1
    outer loop
      vertex -58.5213 22.8456 5
      vertex -59.0632 22.9625 5
      vertex -58.8182 22.6154 5
    endloop
  endfacet
  facet normal 0 0 1
    outer loop
      vertex -59.0632 22.9625 5
      vertex -59.1 22.3669 5
      vertex -58.8182 22.6154 5
    endloop
  endfacet
  facet normal 0 0 1
    outer loop
      vertex -59.0632 22.9625 5
      vertex -59.1004 22.3665 5
      vertex -59.1 22.3669 5
    endloop
  endfacet
  facet normal 0 0 1
    outer loop
      vertex -59.0632 22.9625 5
      vertex -59.3665 22.1004 5
      vertex -59.1004 22.3665 5
    endloop
  endfacet
  facet normal 0 0 1
    outer loop
      vertex -59.0632 22.9625 5
      vertex -59.3669 22.1 5
      vertex -59.3665 22.1004 5
    endloop
  endfacet
  facet normal 0 0 1
    outer loop
      vertex -60.4625 21.5632 5
      vertex -59.3669 22.1 5
      vertex -59.0632 22.9625 5
    endloop
  endfacet
  facet normal 0 0 1
    outer loop
      vertex -59.3669 22.1 5
      vertex -60.4625 21.5632 5
      vertex -59.6154 21.8182 5
    endloop
  endfacet
  facet normal 0 0 1
    outer loop
      vertex -59.6154 21.8182 5
      vertex -60.4625 21.5632 5
      vertex -59.8456 21.5213 5
    endloop
  endfacet
  facet normal 0 0 1
    outer loop
      vertex -59.8456 21.5213 5
      vertex -60.4625 21.5632 5
      vertex -59.846 21.5208 5
    endloop
  endfacet
  facet normal 0 0 1
    outer loop
      vertex -59.846 21.5208 5
      vertex -60.4625 21.5632 5
      vertex -60.0572 21.2101 5
    endloop
  endfacet
  facet normal 0 0 1
    outer loop
      vertex -60.0572 21.2101 5
      vertex -60.4625 21.5632 5
      vertex -60.0575 21.2096 5
    endloop
  endfacet
  facet normal 0 0 1
    outer loop
      vertex -60.0575 21.2096 5
      vertex -60.4625 21.5632 5
      vertex -60.0578 21.2091 5
    endloop
  endfacet
  facet normal 0 0 1
    outer loop
      vertex -60.4625 21.5632 5
      vertex -60.4196 20.551 5
      vertex -60.2491 20.8857 5
    endloop
  endfacet
  facet normal 0 0 1
    outer loop
      vertex -60.0578 21.2091 5
      vertex -60.4625 21.5632 5
      vertex -60.2491 20.8857 5
    endloop
  endfacet
  facet normal 0 0 1
    outer loop
      vertex -60.4196 20.551 5
      vertex -60.4625 21.5632 5
      vertex -60.4199 20.5504 5
    endloop
  endfacet
  facet normal 0 0 1
    outer loop
      vertex -61.7712 20.0789 5
      vertex -60.4199 20.5504 5
      vertex -60.4625 21.5632 5
    endloop
  endfacet
  facet normal 0 0 1
    outer loop
      vertex -60.4199 20.5504 5
      vertex -61.7712 20.0789 5
      vertex -60.5694 20.2051 5
    endloop
  endfacet
  facet normal 0 0 1
    outer loop
      vertex -60.5694 20.2051 5
      vertex -61.7712 20.0789 5
      vertex -60.5696 20.2045 5
    endloop
  endfacet
  facet normal 0 0 1
    outer loop
      vertex -60.5696 20.2045 5
      vertex -61.7712 20.0789 5
      vertex -60.6968 19.851 5
    endloop
  endfacet
  facet normal 0 0 1
    outer loop
      vertex -60.6968 19.851 5
      vertex -61.7712 20.0789 5
      vertex -60.8016 19.4903 5
    endloop
  endfacet
  facet normal 0 0 1
    outer loop
      vertex -60.8016 19.4903 5
      vertex -61.7712 20.0789 5
      vertex -60.8018 19.4897 5
    endloop
  endfacet
  facet normal 0 0 1
    outer loop
      vertex -60.8018 19.4897 5
      vertex -61.7712 20.0789 5
      vertex -60.8838 19.123 5
    endloop
  endfacet
  facet normal 0 0 1
    outer loop
      vertex -62.984 18.5152 5
      vertex -60.9782 18.3755 5
      vertex -60.9782 18.3761 5
    endloop
  endfacet
  facet normal 0 0 1
    outer loop
      vertex -60.9782 18.3755 5
      vertex -62.984 18.5152 5
      vertex -60.99 18 5
    endloop
  endfacet
  facet normal 0 0 1
    outer loop
      vertex -60.9781 18.3767 5
      vertex -62.984 18.5152 5
      vertex -60.9782 18.3761 5
    endloop
  endfacet
  facet normal 0 0 1
    outer loop
      vertex -60.9428 18.7507 5
      vertex -62.984 18.5152 5
      vertex -60.9781 18.3767 5
    endloop
  endfacet
  facet normal 0 0 1
    outer loop
      vertex -62.984 18.5152 5
      vertex -60.9428 18.7507 5
      vertex -61.7712 20.0789 5
    endloop
  endfacet
  facet normal 0 0 1
    outer loop
      vertex -60.884 19.1218 5
      vertex -61.7712 20.0789 5
      vertex -60.9428 18.7507 5
    endloop
  endfacet
  facet normal 0 0 1
    outer loop
      vertex -60.8839 19.1224 5
      vertex -61.7712 20.0789 5
      vertex -60.884 19.1218 5
    endloop
  endfacet
  facet normal 0 0 1
    outer loop
      vertex -60.8838 19.123 5
      vertex -61.7712 20.0789 5
      vertex -60.8839 19.1224 5
    endloop
  endfacet
  facet normal -0 0 1
    outer loop
      vertex 60.9782 -18.3755 5
      vertex 62.984 -18.5152 5
      vertex 60.99 -18 5
    endloop
  endfacet
  facet normal -0 0 1
    outer loop
      vertex 60.9782 -18.3761 5
      vertex 62.984 -18.5152 5
      vertex 60.9782 -18.3755 5
    endloop
  endfacet
  facet normal -0 0 1
    outer loop
      vertex 60.9781 -18.3767 5
      vertex 62.984 -18.5152 5
      vertex 60.9782 -18.3761 5
    endloop
  endfacet
  facet normal 0 0 1
    outer loop
      vertex 60.9428 -18.7507 5
      vertex 62.984 -18.5152 5
      vertex 60.9781 -18.3767 5
    endloop
  endfacet
  facet normal 0 0 1
    outer loop
      vertex 62.984 -18.5152 5
      vertex 60.9428 -18.7507 5
      vertex 61.7712 -20.0789 5
    endloop
  endfacet
  facet normal -0 0 1
    outer loop
      vertex 60.884 -19.1218 5
      vertex 61.7712 -20.0789 5
      vertex 60.9428 -18.7507 5
    endloop
  endfacet
  facet normal -0 0 1
    outer loop
      vertex 60.8839 -19.1224 5
      vertex 61.7712 -20.0789 5
      vertex 60.884 -19.1218 5
    endloop
  endfacet
  facet normal -0 0 1
    outer loop
      vertex 60.8838 -19.123 5
      vertex 61.7712 -20.0789 5
      vertex 60.8839 -19.1224 5
    endloop
  endfacet
  facet normal -0 0 1
    outer loop
      vertex 60.8018 -19.4897 5
      vertex 61.7712 -20.0789 5
      vertex 60.8838 -19.123 5
    endloop
  endfacet
  facet normal -0 0 1
    outer loop
      vertex 60.8016 -19.4903 5
      vertex 61.7712 -20.0789 5
      vertex 60.8018 -19.4897 5
    endloop
  endfacet
  facet normal -0 0 1
    outer loop
      vertex 60.6968 -19.851 5
      vertex 61.7712 -20.0789 5
      vertex 60.8016 -19.4903 5
    endloop
  endfacet
  facet normal 0 0 1
    outer loop
      vertex 60.5696 -20.2045 5
      vertex 61.7712 -20.0789 5
      vertex 60.6968 -19.851 5
    endloop
  endfacet
  facet normal 0 0 1
    outer loop
      vertex 60.5694 -20.2051 5
      vertex 61.7712 -20.0789 5
      vertex 60.5696 -20.2045 5
    endloop
  endfacet
  facet normal 0 0 1
    outer loop
      vertex 60.4199 -20.5504 5
      vertex 61.7712 -20.0789 5
      vertex 60.5694 -20.2051 5
    endloop
  endfacet
  facet normal 0 0 1
    outer loop
      vertex 61.7712 -20.0789 5
      vertex 60.4199 -20.5504 5
      vertex 60.4625 -21.5632 5
    endloop
  endfacet
  facet normal -0 0 1
    outer loop
      vertex 60.4196 -20.551 5
      vertex 60.4625 -21.5632 5
      vertex 60.4199 -20.5504 5
    endloop
  endfacet
  facet normal -0 0 1
    outer loop
      vertex 60.2491 -20.8857 5
      vertex 60.4625 -21.5632 5
      vertex 60.4196 -20.551 5
    endloop
  endfacet
  facet normal -0 0 1
    outer loop
      vertex 60.0578 -21.2091 5
      vertex 60.4625 -21.5632 5
      vertex 60.2491 -20.8857 5
    endloop
  endfacet
  facet normal -0 0 1
    outer loop
      vertex 60.0575 -21.2096 5
      vertex 60.4625 -21.5632 5
      vertex 60.0578 -21.2091 5
    endloop
  endfacet
  facet normal -0 0 1
    outer loop
      vertex 60.0572 -21.2101 5
      vertex 60.4625 -21.5632 5
      vertex 60.0575 -21.2096 5
    endloop
  endfacet
  facet normal -0 0 1
    outer loop
      vertex 59.846 -21.5208 5
      vertex 60.4625 -21.5632 5
      vertex 60.0572 -21.2101 5
    endloop
  endfacet
  facet normal -0 0 1
    outer loop
      vertex 59.8456 -21.5213 5
      vertex 60.4625 -21.5632 5
      vertex 59.846 -21.5208 5
    endloop
  endfacet
  facet normal 0 0 1
    outer loop
      vertex 59.6154 -21.8182 5
      vertex 60.4625 -21.5632 5
      vertex 59.8456 -21.5213 5
    endloop
  endfacet
  facet normal 0 0 1
    outer loop
      vertex 59.3669 -22.1 5
      vertex 60.4625 -21.5632 5
      vertex 59.6154 -21.8182 5
    endloop
  endfacet
  facet normal 0 0 1
    outer loop
      vertex 59.0632 -22.9625 5
      vertex 59.3669 -22.1 5
      vertex 59.3665 -22.1004 5
    endloop
  endfacet
  facet normal 0 0 1
    outer loop
      vertex 59.0632 -22.9625 5
      vertex 59.3665 -22.1004 5
      vertex 59.1004 -22.3665 5
    endloop
  endfacet
  facet normal 0 0 1
    outer loop
      vertex 59.0632 -22.9625 5
      vertex 59.1004 -22.3665 5
      vertex 59.1 -22.3669 5
    endloop
  endfacet
  facet normal -0 0 1
    outer loop
      vertex 59.3669 -22.1 5
      vertex 59.0632 -22.9625 5
      vertex 60.4625 -21.5632 5
    endloop
  endfacet
  facet normal -0 0 1
    outer loop
      vertex 58.8182 -22.6154 5
      vertex 59.0632 -22.9625 5
      vertex 59.1 -22.3669 5
    endloop
  endfacet
  facet normal -0 0 1
    outer loop
      vertex 58.5213 -22.8456 5
      vertex 59.0632 -22.9625 5
      vertex 58.8182 -22.6154 5
    endloop
  endfacet
  facet normal -0 0 1
    outer loop
      vertex 58.5208 -22.846 5
      vertex 59.0632 -22.9625 5
      vertex 58.5213 -22.8456 5
    endloop
  endfacet
  facet normal 0 0 1
    outer loop
      vertex 58.2101 -23.0572 5
      vertex 59.0632 -22.9625 5
      vertex 58.5208 -22.846 5
    endloop
  endfacet
  facet normal 0 0 1
    outer loop
      vertex 58.2096 -23.0575 5
      vertex 59.0632 -22.9625 5
      vertex 58.2101 -23.0572 5
    endloop
  endfacet
  facet normal 0 0 1
    outer loop
      vertex 58.2091 -23.0578 5
      vertex 59.0632 -22.9625 5
      vertex 58.2096 -23.0575 5
    endloop
  endfacet
  facet normal 0 0 1
    outer loop
      vertex 57.5789 -24.2712 5
      vertex 58.2091 -23.0578 5
      vertex 57.8857 -23.2491 5
    endloop
  endfacet
  facet normal -0 0 1
    outer loop
      vertex 58.2091 -23.0578 5
      vertex 57.5789 -24.2712 5
      vertex 59.0632 -22.9625 5
    endloop
  endfacet
  facet normal -0 0 1
    outer loop
      vertex 57.551 -23.4196 5
      vertex 57.5789 -24.2712 5
      vertex 57.8857 -23.2491 5
    endloop
  endfacet
  facet normal -0 0 1
    outer loop
      vertex 57.5504 -23.4199 5
      vertex 57.5789 -24.2712 5
      vertex 57.551 -23.4196 5
    endloop
  endfacet
  facet normal -0 0 1
    outer loop
      vertex 57.2051 -23.5694 5
      vertex 57.5789 -24.2712 5
      vertex 57.5504 -23.4199 5
    endloop
  endfacet
  facet normal -0 0 1
    outer loop
      vertex 57.2045 -23.5696 5
      vertex 57.5789 -24.2712 5
      vertex 57.2051 -23.5694 5
    endloop
  endfacet
  facet normal -0 0 1
    outer loop
      vertex 56.851 -23.6968 5
      vertex 57.5789 -24.2712 5
      vertex 57.2045 -23.5696 5
    endloop
  endfacet
  facet normal -0 0 1
    outer loop
      vertex 56.4903 -23.8016 5
      vertex 57.5789 -24.2712 5
      vertex 56.851 -23.6968 5
    endloop
  endfacet
  facet normal -0 0 1
    outer loop
      vertex 56.4897 -23.8018 5
      vertex 57.5789 -24.2712 5
      vertex 56.4903 -23.8016 5
    endloop
  endfacet
  facet normal 0 0 1
    outer loop
      vertex 56.0152 -25.484 5
      vertex 56.4897 -23.8018 5
      vertex 56.123 -23.8838 5
    endloop
  endfacet
  facet normal 0 0 1
    outer loop
      vertex 56.0152 -25.484 5
      vertex 56.123 -23.8838 5
      vertex 56.1224 -23.8839 5
    endloop
  endfacet
  facet normal 0 0 1
    outer loop
      vertex 56.0152 -25.484 5
      vertex 56.1224 -23.8839 5
      vertex 56.1218 -23.884 5
    endloop
  endfacet
  facet normal 0 0 1
    outer loop
      vertex 56.4897 -23.8018 5
      vertex 56.0152 -25.484 5
      vertex 57.5789 -24.2712 5
    endloop
  endfacet
  facet normal -0 0 1
    outer loop
      vertex 55.7507 -23.9428 5
      vertex 56.0152 -25.484 5
      vertex 56.1218 -23.884 5
    endloop
  endfacet
  facet normal -0 0 1
    outer loop
      vertex 55.3767 -23.9781 5
      vertex 56.0152 -25.484 5
      vertex 55.7507 -23.9428 5
    endloop
  endfacet
  facet normal -0 0 1
    outer loop
      vertex 55.3761 -23.9782 5
      vertex 56.0152 -25.484 5
      vertex 55.3767 -23.9781 5
    endloop
  endfacet
  facet normal -0 0 1
    outer loop
      vertex 55.3755 -23.9782 5
      vertex 56.0152 -25.484 5
      vertex 55.3761 -23.9782 5
    endloop
  endfacet
  facet normal -0 0 1
    outer loop
      vertex 55 -23.99 5
      vertex 56.0152 -25.484 5
      vertex 55.3755 -23.9782 5
    endloop
  endfacet
  facet normal 0 0 1
    outer loop
      vertex 54.6245 -23.9782 5
      vertex 56.0152 -25.484 5
      vertex 55 -23.99 5
    endloop
  endfacet
  facet normal 0 0 1
    outer loop
      vertex 54.3785 -26.5963 5
      vertex 54.6245 -23.9782 5
      vertex 54.6239 -23.9782 5
    endloop
  endfacet
  facet normal 0 0 1
    outer loop
      vertex 54.3785 -26.5963 5
      vertex 54.6239 -23.9782 5
      vertex 54.6233 -23.9781 5
    endloop
  endfacet
  facet normal 0 0 1
    outer loop
      vertex 54.6245 -23.9782 5
      vertex 54.3785 -26.5963 5
      vertex 56.0152 -25.484 5
    endloop
  endfacet
  facet normal 0 0 1
    outer loop
      vertex 54.2493 -23.9428 5
      vertex 54.3785 -26.5963 5
      vertex 54.6233 -23.9781 5
    endloop
  endfacet
  facet normal 0 0 1
    outer loop
      vertex 53.8782 -23.884 5
      vertex 54.3785 -26.5963 5
      vertex 54.2493 -23.9428 5
    endloop
  endfacet
  facet normal 0 0 1
    outer loop
      vertex 53.8776 -23.8839 5
      vertex 54.3785 -26.5963 5
      vertex 53.8782 -23.884 5
    endloop
  endfacet
  facet normal 0 0 1
    outer loop
      vertex 53.877 -23.8838 5
      vertex 54.3785 -26.5963 5
      vertex 53.8776 -23.8839 5
    endloop
  endfacet
  facet normal 0 0 1
    outer loop
      vertex 53.5103 -23.8018 5
      vertex 54.3785 -26.5963 5
      vertex 53.877 -23.8838 5
    endloop
  endfacet
  facet normal 0 0 1
    outer loop
      vertex 53.5097 -23.8016 5
      vertex 54.3785 -26.5963 5
      vertex 53.5103 -23.8018 5
    endloop
  endfacet
  facet normal 0 0 1
    outer loop
      vertex 53.149 -23.6968 5
      vertex 54.3785 -26.5963 5
      vertex 53.5097 -23.8016 5
    endloop
  endfacet
  facet normal 0 0 1
    outer loop
      vertex 52.6752 -27.6037 5
      vertex 53.149 -23.6968 5
      vertex 52.7955 -23.5696 5
    endloop
  endfacet
  facet normal 0 0 1
    outer loop
      vertex 52.6752 -27.6037 5
      vertex 52.7955 -23.5696 5
      vertex 52.7949 -23.5694 5
    endloop
  endfacet
  facet normal 0 0 1
    outer loop
      vertex 53.149 -23.6968 5
      vertex 52.6752 -27.6037 5
      vertex 54.3785 -26.5963 5
    endloop
  endfacet
  facet normal 0 0 1
    outer loop
      vertex 52.4496 -23.4199 5
      vertex 52.6752 -27.6037 5
      vertex 52.7949 -23.5694 5
    endloop
  endfacet
  facet normal 0 0 1
    outer loop
      vertex 52.449 -23.4196 5
      vertex 52.6752 -27.6037 5
      vertex 52.4496 -23.4199 5
    endloop
  endfacet
  facet normal 0 0 1
    outer loop
      vertex 52.1143 -23.2491 5
      vertex 52.6752 -27.6037 5
      vertex 52.449 -23.4196 5
    endloop
  endfacet
  facet normal 0 0 1
    outer loop
      vertex 50.912 -28.5021 5
      vertex 52.1143 -23.2491 5
      vertex 51.7909 -23.0578 5
    endloop
  endfacet
  facet normal 0 0 1
    outer loop
      vertex 50.912 -28.5021 5
      vertex 51.7909 -23.0578 5
      vertex 51.7904 -23.0575 5
    endloop
  endfacet
  facet normal 0 0 1
    outer loop
      vertex 50.912 -28.5021 5
      vertex 51.7904 -23.0575 5
      vertex 51.7899 -23.0572 5
    endloop
  endfacet
  facet normal 0 0 1
    outer loop
      vertex 50.912 -28.5021 5
      vertex 51.7899 -23.0572 5
      vertex 51.4792 -22.846 5
    endloop
  endfacet
  facet normal 0 0 1
    outer loop
      vertex 50.912 -28.5021 5
      vertex 51.4792 -22.846 5
      vertex 51.4787 -22.8456 5
    endloop
  endfacet
  facet normal 0 0 1
    outer loop
      vertex 50.912 -28.5021 5
      vertex 51.4787 -22.8456 5
      vertex 51.1818 -22.6154 5
    endloop
  endfacet
  facet normal 0 0 1
    outer loop
      vertex 52.1143 -23.2491 5
      vertex 50.912 -28.5021 5
      vertex 52.6752 -27.6037 5
    endloop
  endfacet
  facet normal 0 0 1
    outer loop
      vertex 49.0959 -29.288 5
      vertex 51.1818 -22.6154 5
      vertex 50.9 -22.3669 5
    endloop
  endfacet
  facet normal 0 0 1
    outer loop
      vertex 49.0959 -29.288 5
      vertex 50.9 -22.3669 5
      vertex 50.8996 -22.3665 5
    endloop
  endfacet
  facet normal 0 0 1
    outer loop
      vertex 49.0959 -29.288 5
      vertex 50.8996 -22.3665 5
      vertex 50.6335 -22.1004 5
    endloop
  endfacet
  facet normal 0 0 1
    outer loop
      vertex 49.0959 -29.288 5
      vertex 50.6335 -22.1004 5
      vertex 50.6331 -22.1 5
    endloop
  endfacet
  facet normal 0 0 1
    outer loop
      vertex 49.0959 -29.288 5
      vertex 50.6331 -22.1 5
      vertex 50.3846 -21.8182 5
    endloop
  endfacet
  facet normal 0 0 1
    outer loop
      vertex 47.234 -29.9583 5
      vertex 50.3846 -21.8182 5
      vertex 50.1544 -21.5213 5
    endloop
  endfacet
  facet normal 0 0 1
    outer loop
      vertex 47.234 -29.9583 5
      vertex 50.1544 -21.5213 5
      vertex 50.154 -21.5208 5
    endloop
  endfacet
  facet normal 0 0 1
    outer loop
      vertex 47.234 -29.9583 5
      vertex 50.154 -21.5208 5
      vertex 49.9428 -21.2101 5
    endloop
  endfacet
  facet normal 0 0 1
    outer loop
      vertex 47.234 -29.9583 5
      vertex 49.9428 -21.2101 5
      vertex 49.9425 -21.2096 5
    endloop
  endfacet
  facet normal 0 0 1
    outer loop
      vertex 47.234 -29.9583 5
      vertex 49.9425 -21.2096 5
      vertex 49.9422 -21.2091 5
    endloop
  endfacet
  facet normal 0 0 1
    outer loop
      vertex 45.3337 -30.5104 5
      vertex 49.9422 -21.2091 5
      vertex 49.7509 -20.8857 5
    endloop
  endfacet
  facet normal 0 0 1
    outer loop
      vertex 45.3337 -30.5104 5
      vertex 49.7509 -20.8857 5
      vertex 49.5804 -20.551 5
    endloop
  endfacet
  facet normal 0 0 1
    outer loop
      vertex 45.3337 -30.5104 5
      vertex 49.5804 -20.551 5
      vertex 49.5801 -20.5504 5
    endloop
  endfacet
  facet normal 0 0 1
    outer loop
      vertex 41.7035 -16.3714 5
      vertex 49.5801 -20.5504 5
      vertex 49.4306 -20.2051 5
    endloop
  endfacet
  facet normal 0 0 1
    outer loop
      vertex 41.7226 -16.3659 5
      vertex 49.4306 -20.2051 5
      vertex 49.4304 -20.2045 5
    endloop
  endfacet
  facet normal 0 0 1
    outer loop
      vertex 41.7226 -16.3659 5
      vertex 49.4304 -20.2045 5
      vertex 49.3032 -19.851 5
    endloop
  endfacet
  facet normal 0 0 1
    outer loop
      vertex 42.7231 -16.0752 5
      vertex 49.3032 -19.851 5
      vertex 49.1984 -19.4903 5
    endloop
  endfacet
  facet normal 0 0 1
    outer loop
      vertex 42.7231 -16.0752 5
      vertex 49.1984 -19.4903 5
      vertex 49.1982 -19.4897 5
    endloop
  endfacet
  facet normal 0 0 1
    outer loop
      vertex 42.7419 -16.0684 5
      vertex 49.1982 -19.4897 5
      vertex 49.1162 -19.123 5
    endloop
  endfacet
  facet normal 0 0 1
    outer loop
      vertex 42.7419 -16.0684 5
      vertex 49.1162 -19.123 5
      vertex 49.1161 -19.1224 5
    endloop
  endfacet
  facet normal 0 0 1
    outer loop
      vertex 51.1818 -22.6154 5
      vertex 49.0959 -29.288 5
      vertex 50.912 -28.5021 5
    endloop
  endfacet
  facet normal 0 0 1
    outer loop
      vertex 43.7222 -15.7155 5
      vertex 49.1161 -19.1224 5
      vertex 49.116 -19.1218 5
    endloop
  endfacet
  facet normal 0 0 1
    outer loop
      vertex 43.7222 -15.7155 5
      vertex 49.116 -19.1218 5
      vertex 49.0572 -18.7507 5
    endloop
  endfacet
  facet normal 0 0 1
    outer loop
      vertex 43.7405 -15.7076 5
      vertex 49.0572 -18.7507 5
      vertex 49.0219 -18.3767 5
    endloop
  endfacet
  facet normal 0 0 1
    outer loop
      vertex 43.7405 -15.7076 5
      vertex 49.0219 -18.3767 5
      vertex 49.0218 -18.3761 5
    endloop
  endfacet
  facet normal 0 0 1
    outer loop
      vertex 44.6967 -15.2938 5
      vertex 49.0218 -18.3761 5
      vertex 49.0218 -18.3755 5
    endloop
  endfacet
  facet normal 0 0 1
    outer loop
      vertex 44.6967 -15.2938 5
      vertex 49.0218 -18.3755 5
      vertex 49.01 -18 5
    endloop
  endfacet
  facet normal 0 0 1
    outer loop
      vertex 49.116 -16.8782 5
      vertex 45.66 -14.8016 5
      vertex 49.0572 -17.2493 5
    endloop
  endfacet
  facet normal -0 0 1
    outer loop
      vertex 45.6428 -14.8117 5
      vertex 49.0572 -17.2493 5
      vertex 45.66 -14.8016 5
    endloop
  endfacet
  facet normal -0 0 1
    outer loop
      vertex 45.6251 -14.8208 5
      vertex 49.0572 -17.2493 5
      vertex 45.6428 -14.8117 5
    endloop
  endfacet
  facet normal 0 0 1
    outer loop
      vertex 49.0572 -17.2493 5
      vertex 45.6251 -14.8208 5
      vertex 49.0219 -17.6233 5
    endloop
  endfacet
  facet normal 0 0 1
    outer loop
      vertex 49.0219 -17.6233 5
      vertex 45.6251 -14.8208 5
      vertex 49.0218 -17.6239 5
    endloop
  endfacet
  facet normal -0 0 1
    outer loop
      vertex 44.6967 -15.2938 5
      vertex 49.0218 -17.6239 5
      vertex 45.6251 -14.8208 5
    endloop
  endfacet
  facet normal 0 0 1
    outer loop
      vertex 49.0218 -17.6239 5
      vertex 44.6967 -15.2938 5
      vertex 49.0218 -17.6245 5
    endloop
  endfacet
  facet normal 0 0 1
    outer loop
      vertex 49.0218 -17.6245 5
      vertex 44.6967 -15.2938 5
      vertex 49.01 -18 5
    endloop
  endfacet
  facet normal 0 0 1
    outer loop
      vertex 49.0218 -18.3761 5
      vertex 44.6967 -15.2938 5
      vertex 43.7405 -15.7076 5
    endloop
  endfacet
  facet normal 0 0 1
    outer loop
      vertex 49.0572 -18.7507 5
      vertex 43.7405 -15.7076 5
      vertex 43.7222 -15.7155 5
    endloop
  endfacet
  facet normal 0 0 1
    outer loop
      vertex 49.1161 -19.1224 5
      vertex 43.7222 -15.7155 5
      vertex 42.7419 -16.0684 5
    endloop
  endfacet
  facet normal 0 0 1
    outer loop
      vertex 50.3846 -21.8182 5
      vertex 47.234 -29.9583 5
      vertex 49.0959 -29.288 5
    endloop
  endfacet
  facet normal 0 0 1
    outer loop
      vertex 49.1982 -19.4897 5
      vertex 42.7419 -16.0684 5
      vertex 42.7231 -16.0752 5
    endloop
  endfacet
  facet normal 0 0 1
    outer loop
      vertex 49.3032 -19.851 5
      vertex 42.7231 -16.0752 5
      vertex 41.7226 -16.3659 5
    endloop
  endfacet
  facet normal 0 0 1
    outer loop
      vertex 49.9422 -21.2091 5
      vertex 45.3337 -30.5104 5
      vertex 47.234 -29.9583 5
    endloop
  endfacet
  facet normal 0 0 1
    outer loop
      vertex 49.4306 -20.2051 5
      vertex 41.7226 -16.3659 5
      vertex 41.7035 -16.3714 5
    endloop
  endfacet
  facet normal 0 0 1
    outer loop
      vertex 49.5801 -20.5504 5
      vertex 41.7035 -16.3714 5
      vertex 45.3337 -30.5104 5
    endloop
  endfacet
  facet normal 0 0 1
    outer loop
      vertex 45.3337 -30.5104 5
      vertex 41.7035 -16.3714 5
      vertex 43.4025 -30.942 5
    endloop
  endfacet
  facet normal -0 0 1
    outer loop
      vertex 40.6866 -16.5987 5
      vertex 43.4025 -30.942 5
      vertex 41.7035 -16.3714 5
    endloop
  endfacet
  facet normal -0 0 1
    outer loop
      vertex 40.6672 -16.6031 5
      vertex 43.4025 -30.942 5
      vertex 40.6866 -16.5987 5
    endloop
  endfacet
  facet normal -0 0 1
    outer loop
      vertex 40.6475 -16.6062 5
      vertex 43.4025 -30.942 5
      vertex 40.6672 -16.6031 5
    endloop
  endfacet
  facet normal 0 0 1
    outer loop
      vertex 43.4025 -30.942 5
      vertex 40.6475 -16.6062 5
      vertex 41.448 -31.2516 5
    endloop
  endfacet
  facet normal -0 0 1
    outer loop
      vertex 39.6184 -16.7692 5
      vertex 41.448 -31.2516 5
      vertex 40.6475 -16.6062 5
    endloop
  endfacet
  facet normal -0 0 1
    outer loop
      vertex 39.5986 -16.771 5
      vertex 41.448 -31.2516 5
      vertex 39.6184 -16.7692 5
    endloop
  endfacet
  facet normal 0 0 1
    outer loop
      vertex 39.5986 -16.771 5
      vertex 39.4779 -31.4378 5
      vertex 41.448 -31.2516 5
    endloop
  endfacet
  facet normal -0 0 1
    outer loop
      vertex 38.5613 -16.8691 5
      vertex 39.4779 -31.4378 5
      vertex 39.5986 -16.771 5
    endloop
  endfacet
  facet normal -0 0 1
    outer loop
      vertex 37.5199 -16.9018 5
      vertex 39.4779 -31.4378 5
      vertex 38.5613 -16.8691 5
    endloop
  endfacet
  facet normal 0 0 1
    outer loop
      vertex 37.5 -31.5 5
      vertex 37.5199 -16.9018 5
      vertex 37.5 -16.9024 5
    endloop
  endfacet
  facet normal 0 0 1
    outer loop
      vertex 37.5199 -16.9018 5
      vertex 37.5 -31.5 5
      vertex 39.4779 -31.4378 5
    endloop
  endfacet
  facet normal -0 0 1
    outer loop
      vertex -37.5 -16.9024 5
      vertex 37.5 -31.5 5
      vertex 37.5 -16.9024 5
    endloop
  endfacet
  facet normal 0 0 1
    outer loop
      vertex -37.5 -16.9024 5
      vertex -37.5 -31.5 5
      vertex 37.5 -31.5 5
    endloop
  endfacet
  facet normal 0 0 1
    outer loop
      vertex -37.5199 -16.9018 5
      vertex -37.5 -31.5 5
      vertex -37.5 -16.9024 5
    endloop
  endfacet
  facet normal 0 0 1
    outer loop
      vertex -38.5613 -16.8691 5
      vertex -37.5 -31.5 5
      vertex -37.5199 -16.9018 5
    endloop
  endfacet
  facet normal 0 0 1
    outer loop
      vertex -38.5613 -16.8691 5
      vertex -39.4779 -31.4378 5
      vertex -37.5 -31.5 5
    endloop
  endfacet
  facet normal 0 0 1
    outer loop
      vertex -39.5986 -16.771 5
      vertex -39.4779 -31.4378 5
      vertex -38.5613 -16.8691 5
    endloop
  endfacet
  facet normal 0 0 1
    outer loop
      vertex -41.448 -31.2516 5
      vertex -39.5986 -16.771 5
      vertex -39.6184 -16.7692 5
    endloop
  endfacet
  facet normal 0 0 1
    outer loop
      vertex -41.448 -31.2516 5
      vertex -39.6184 -16.7692 5
      vertex -40.6475 -16.6062 5
    endloop
  endfacet
  facet normal 0 0 1
    outer loop
      vertex -43.4025 -30.942 5
      vertex -40.6475 -16.6062 5
      vertex -40.6672 -16.6031 5
    endloop
  endfacet
  facet normal 0 0 1
    outer loop
      vertex -43.4025 -30.942 5
      vertex -40.6672 -16.6031 5
      vertex -40.6866 -16.5987 5
    endloop
  endfacet
  facet normal 0 0 1
    outer loop
      vertex -39.5986 -16.771 5
      vertex -41.448 -31.2516 5
      vertex -39.4779 -31.4378 5
    endloop
  endfacet
  facet normal 0 0 1
    outer loop
      vertex -43.4025 -30.942 5
      vertex -40.6866 -16.5987 5
      vertex -41.7035 -16.3714 5
    endloop
  endfacet
  facet normal 0 0 1
    outer loop
      vertex -49.4306 -20.2051 5
      vertex -41.7035 -16.3714 5
      vertex -41.7226 -16.3659 5
    endloop
  endfacet
  facet normal 0 0 1
    outer loop
      vertex -49.3032 -19.851 5
      vertex -41.7226 -16.3659 5
      vertex -42.7231 -16.0752 5
    endloop
  endfacet
  facet normal 0 0 1
    outer loop
      vertex -49.1982 -19.4897 5
      vertex -42.7231 -16.0752 5
      vertex -42.7419 -16.0684 5
    endloop
  endfacet
  facet normal 0 0 1
    outer loop
      vertex -40.6475 -16.6062 5
      vertex -43.4025 -30.942 5
      vertex -41.448 -31.2516 5
    endloop
  endfacet
  facet normal 0 0 1
    outer loop
      vertex -49.1162 -19.123 5
      vertex -42.7419 -16.0684 5
      vertex -43.7222 -15.7155 5
    endloop
  endfacet
  facet normal 0 0 1
    outer loop
      vertex -49.0572 -18.7507 5
      vertex -43.7222 -15.7155 5
      vertex -43.7405 -15.7076 5
    endloop
  endfacet
  facet normal 0 0 1
    outer loop
      vertex -49.0218 -18.3761 5
      vertex -43.7405 -15.7076 5
      vertex -44.6967 -15.2938 5
    endloop
  endfacet
  facet normal 0 0 1
    outer loop
      vertex -41.7226 -16.3659 5
      vertex -49.4304 -20.2045 5
      vertex -49.4306 -20.2051 5
    endloop
  endfacet
  facet normal 0 0 1
    outer loop
      vertex -49.0218 -17.6245 5
      vertex -44.6967 -15.2938 5
      vertex -45.6251 -14.8208 5
    endloop
  endfacet
  facet normal 0 0 1
    outer loop
      vertex -49.0218 -17.6245 5
      vertex -45.6251 -14.8208 5
      vertex -45.6428 -14.8117 5
    endloop
  endfacet
  facet normal 0 0 1
    outer loop
      vertex -49.0218 -17.6245 5
      vertex -45.6428 -14.8117 5
      vertex -45.66 -14.8016 5
    endloop
  endfacet
  facet normal 0 0 1
    outer loop
      vertex -49.0218 -17.6245 5
      vertex -45.66 -14.8016 5
      vertex -46.5568 -14.2712 5
    endloop
  endfacet
  facet normal 0 0 1
    outer loop
      vertex -49.0218 -17.6245 5
      vertex -46.5568 -14.2712 5
      vertex -46.5733 -14.26 5
    endloop
  endfacet
  facet normal 0 0 1
    outer loop
      vertex -42.7231 -16.0752 5
      vertex -49.1982 -19.4897 5
      vertex -49.1984 -19.4903 5
    endloop
  endfacet
  facet normal 0 0 1
    outer loop
      vertex -49.0218 -17.6245 5
      vertex -46.5733 -14.26 5
      vertex -47.435 -13.6744 5
    endloop
  endfacet
  facet normal 0 0 1
    outer loop
      vertex -49.0218 -17.6245 5
      vertex -47.435 -13.6744 5
      vertex -47.4507 -13.6622 5
    endloop
  endfacet
  facet normal 0 0 1
    outer loop
      vertex -49.7509 -15.1143 5
      vertex -47.4507 -13.6622 5
      vertex -48.274 -13.0236 5
    endloop
  endfacet
  facet normal 0 0 1
    outer loop
      vertex -44.6967 -15.2938 5
      vertex -49.01 -18 5
      vertex -49.0218 -18.3755 5
    endloop
  endfacet
  facet normal 0 0 1
    outer loop
      vertex -44.6967 -15.2938 5
      vertex -49.0218 -18.3755 5
      vertex -49.0218 -18.3761 5
    endloop
  endfacet
  facet normal 0 0 1
    outer loop
      vertex -43.7405 -15.7076 5
      vertex -49.0218 -18.3761 5
      vertex -49.0219 -18.3767 5
    endloop
  endfacet
  facet normal 0 0 1
    outer loop
      vertex -43.7405 -15.7076 5
      vertex -49.0219 -18.3767 5
      vertex -49.0572 -18.7507 5
    endloop
  endfacet
  facet normal 0 0 1
    outer loop
      vertex -43.7222 -15.7155 5
      vertex -49.0572 -18.7507 5
      vertex -49.116 -19.1218 5
    endloop
  endfacet
  facet normal 0 0 1
    outer loop
      vertex -43.7222 -15.7155 5
      vertex -49.116 -19.1218 5
      vertex -49.1161 -19.1224 5
    endloop
  endfacet
  facet normal 0 0 1
    outer loop
      vertex -43.7222 -15.7155 5
      vertex -49.1161 -19.1224 5
      vertex -49.1162 -19.123 5
    endloop
  endfacet
  facet normal 0 0 1
    outer loop
      vertex -42.7419 -16.0684 5
      vertex -49.1162 -19.123 5
      vertex -49.1982 -19.4897 5
    endloop
  endfacet
  facet normal 0 0 1
    outer loop
      vertex -42.7231 -16.0752 5
      vertex -49.1984 -19.4903 5
      vertex -49.3032 -19.851 5
    endloop
  endfacet
  facet normal 0 0 1
    outer loop
      vertex -41.7226 -16.3659 5
      vertex -49.3032 -19.851 5
      vertex -49.4304 -20.2045 5
    endloop
  endfacet
  facet normal 0 0 1
    outer loop
      vertex -41.7035 -16.3714 5
      vertex -49.4306 -20.2051 5
      vertex -49.5801 -20.5504 5
    endloop
  endfacet
  facet normal 0 0 1
    outer loop
      vertex -41.7035 -16.3714 5
      vertex -49.5801 -20.5504 5
      vertex -45.3337 -30.5104 5
    endloop
  endfacet
  facet normal 0 0 1
    outer loop
      vertex -41.7035 -16.3714 5
      vertex -45.3337 -30.5104 5
      vertex -43.4025 -30.942 5
    endloop
  endfacet
  facet normal -0 0 1
    outer loop
      vertex -49.5804 -20.551 5
      vertex -45.3337 -30.5104 5
      vertex -49.5801 -20.5504 5
    endloop
  endfacet
  facet normal -0 0 1
    outer loop
      vertex -49.7509 -20.8857 5
      vertex -45.3337 -30.5104 5
      vertex -49.5804 -20.551 5
    endloop
  endfacet
  facet normal -0 0 1
    outer loop
      vertex -49.9422 -21.2091 5
      vertex -45.3337 -30.5104 5
      vertex -49.7509 -20.8857 5
    endloop
  endfacet
  facet normal 0 0 1
    outer loop
      vertex -45.3337 -30.5104 5
      vertex -49.9422 -21.2091 5
      vertex -47.234 -29.9583 5
    endloop
  endfacet
  facet normal -0 0 1
    outer loop
      vertex -49.9425 -21.2096 5
      vertex -47.234 -29.9583 5
      vertex -49.9422 -21.2091 5
    endloop
  endfacet
  facet normal -0 0 1
    outer loop
      vertex -49.9428 -21.2101 5
      vertex -47.234 -29.9583 5
      vertex -49.9425 -21.2096 5
    endloop
  endfacet
  facet normal -0 0 1
    outer loop
      vertex -50.154 -21.5208 5
      vertex -47.234 -29.9583 5
      vertex -49.9428 -21.2101 5
    endloop
  endfacet
  facet normal -0 0 1
    outer loop
      vertex -50.1544 -21.5213 5
      vertex -47.234 -29.9583 5
      vertex -50.154 -21.5208 5
    endloop
  endfacet
  facet normal -0 0 1
    outer loop
      vertex -50.3846 -21.8182 5
      vertex -47.234 -29.9583 5
      vertex -50.1544 -21.5213 5
    endloop
  endfacet
  facet normal 0 0 1
    outer loop
      vertex -47.234 -29.9583 5
      vertex -50.3846 -21.8182 5
      vertex -49.0959 -29.288 5
    endloop
  endfacet
  facet normal -0 0 1
    outer loop
      vertex -50.6331 -22.1 5
      vertex -49.0959 -29.288 5
      vertex -50.3846 -21.8182 5
    endloop
  endfacet
  facet normal -0 0 1
    outer loop
      vertex -50.6335 -22.1004 5
      vertex -49.0959 -29.288 5
      vertex -50.6331 -22.1 5
    endloop
  endfacet
  facet normal -0 0 1
    outer loop
      vertex -50.8996 -22.3665 5
      vertex -49.0959 -29.288 5
      vertex -50.6335 -22.1004 5
    endloop
  endfacet
  facet normal -0 0 1
    outer loop
      vertex -50.9 -22.3669 5
      vertex -49.0959 -29.288 5
      vertex -50.8996 -22.3665 5
    endloop
  endfacet
  facet normal -0 0 1
    outer loop
      vertex -51.1818 -22.6154 5
      vertex -49.0959 -29.288 5
      vertex -50.9 -22.3669 5
    endloop
  endfacet
  facet normal 0 0 1
    outer loop
      vertex -49.0959 -29.288 5
      vertex -51.1818 -22.6154 5
      vertex -50.912 -28.5021 5
    endloop
  endfacet
  facet normal -0 0 1
    outer loop
      vertex -51.4787 -22.8456 5
      vertex -50.912 -28.5021 5
      vertex -51.1818 -22.6154 5
    endloop
  endfacet
  facet normal -0 0 1
    outer loop
      vertex -51.4792 -22.846 5
      vertex -50.912 -28.5021 5
      vertex -51.4787 -22.8456 5
    endloop
  endfacet
  facet normal -0 0 1
    outer loop
      vertex -51.7899 -23.0572 5
      vertex -50.912 -28.5021 5
      vertex -51.4792 -22.846 5
    endloop
  endfacet
  facet normal -0 0 1
    outer loop
      vertex -51.7904 -23.0575 5
      vertex -50.912 -28.5021 5
      vertex -51.7899 -23.0572 5
    endloop
  endfacet
  facet normal -0 0 1
    outer loop
      vertex -51.7909 -23.0578 5
      vertex -50.912 -28.5021 5
      vertex -51.7904 -23.0575 5
    endloop
  endfacet
  facet normal -0 0 1
    outer loop
      vertex -52.1143 -23.2491 5
      vertex -50.912 -28.5021 5
      vertex -51.7909 -23.0578 5
    endloop
  endfacet
  facet normal 0 0 1
    outer loop
      vertex -52.6752 -27.6037 5
      vertex -52.1143 -23.2491 5
      vertex -52.449 -23.4196 5
    endloop
  endfacet
  facet normal 0 0 1
    outer loop
      vertex -52.6752 -27.6037 5
      vertex -52.449 -23.4196 5
      vertex -52.4496 -23.4199 5
    endloop
  endfacet
  facet normal 0 0 1
    outer loop
      vertex -52.1143 -23.2491 5
      vertex -52.6752 -27.6037 5
      vertex -50.912 -28.5021 5
    endloop
  endfacet
  facet normal -0 0 1
    outer loop
      vertex -52.7949 -23.5694 5
      vertex -52.6752 -27.6037 5
      vertex -52.4496 -23.4199 5
    endloop
  endfacet
  facet normal -0 0 1
    outer loop
      vertex -52.7955 -23.5696 5
      vertex -52.6752 -27.6037 5
      vertex -52.7949 -23.5694 5
    endloop
  endfacet
  facet normal -0 0 1
    outer loop
      vertex -53.149 -23.6968 5
      vertex -52.6752 -27.6037 5
      vertex -52.7955 -23.5696 5
    endloop
  endfacet
  facet normal 0 0 1
    outer loop
      vertex -54.3785 -26.5963 5
      vertex -53.149 -23.6968 5
      vertex -53.5097 -23.8016 5
    endloop
  endfacet
  facet normal 0 0 1
    outer loop
      vertex -54.3785 -26.5963 5
      vertex -53.5097 -23.8016 5
      vertex -53.5103 -23.8018 5
    endloop
  endfacet
  facet normal 0 0 1
    outer loop
      vertex -54.3785 -26.5963 5
      vertex -53.5103 -23.8018 5
      vertex -53.877 -23.8838 5
    endloop
  endfacet
  facet normal 0 0 1
    outer loop
      vertex -54.3785 -26.5963 5
      vertex -53.877 -23.8838 5
      vertex -53.8776 -23.8839 5
    endloop
  endfacet
  facet normal 0 0 1
    outer loop
      vertex -54.3785 -26.5963 5
      vertex -53.8776 -23.8839 5
      vertex -53.8782 -23.884 5
    endloop
  endfacet
  facet normal 0 0 1
    outer loop
      vertex -54.3785 -26.5963 5
      vertex -53.8782 -23.884 5
      vertex -54.2493 -23.9428 5
    endloop
  endfacet
  facet normal 0 0 1
    outer loop
      vertex -53.149 -23.6968 5
      vertex -54.3785 -26.5963 5
      vertex -52.6752 -27.6037 5
    endloop
  endfacet
  facet normal -0 0 1
    outer loop
      vertex -54.6233 -23.9781 5
      vertex -54.3785 -26.5963 5
      vertex -54.2493 -23.9428 5
    endloop
  endfacet
  facet normal -0 0 1
    outer loop
      vertex -54.6239 -23.9782 5
      vertex -54.3785 -26.5963 5
      vertex -54.6233 -23.9781 5
    endloop
  endfacet
  facet normal -0 0 1
    outer loop
      vertex -54.6245 -23.9782 5
      vertex -54.3785 -26.5963 5
      vertex -54.6239 -23.9782 5
    endloop
  endfacet
  facet normal 0 0 1
    outer loop
      vertex -56.0152 -25.484 5
      vertex -54.6245 -23.9782 5
      vertex -55 -23.99 5
    endloop
  endfacet
  facet normal 0 0 1
    outer loop
      vertex -56.0152 -25.484 5
      vertex -55 -23.99 5
      vertex -55.3755 -23.9782 5
    endloop
  endfacet
  facet normal 0 0 1
    outer loop
      vertex -56.0152 -25.484 5
      vertex -55.3755 -23.9782 5
      vertex -55.3761 -23.9782 5
    endloop
  endfacet
  facet normal 0 0 1
    outer loop
      vertex -56.0152 -25.484 5
      vertex -55.3761 -23.9782 5
      vertex -55.3767 -23.9781 5
    endloop
  endfacet
  facet normal 0 0 1
    outer loop
      vertex -56.0152 -25.484 5
      vertex -55.3767 -23.9781 5
      vertex -55.7507 -23.9428 5
    endloop
  endfacet
  facet normal 0 0 1
    outer loop
      vertex -54.6245 -23.9782 5
      vertex -56.0152 -25.484 5
      vertex -54.3785 -26.5963 5
    endloop
  endfacet
  facet normal 0 0 1
    outer loop
      vertex -56.1218 -23.884 5
      vertex -56.0152 -25.484 5
      vertex -55.7507 -23.9428 5
    endloop
  endfacet
  facet normal 0 0 1
    outer loop
      vertex -56.1224 -23.8839 5
      vertex -56.0152 -25.484 5
      vertex -56.1218 -23.884 5
    endloop
  endfacet
  facet normal 0 0 1
    outer loop
      vertex -56.123 -23.8838 5
      vertex -56.0152 -25.484 5
      vertex -56.1224 -23.8839 5
    endloop
  endfacet
  facet normal 0 0 1
    outer loop
      vertex -56.4897 -23.8018 5
      vertex -56.0152 -25.484 5
      vertex -56.123 -23.8838 5
    endloop
  endfacet
  facet normal 0 0 1
    outer loop
      vertex -57.5789 -24.2712 5
      vertex -56.4897 -23.8018 5
      vertex -56.4903 -23.8016 5
    endloop
  endfacet
  facet normal 0 0 1
    outer loop
      vertex -57.5789 -24.2712 5
      vertex -56.4903 -23.8016 5
      vertex -56.851 -23.6968 5
    endloop
  endfacet
  facet normal 0 0 1
    outer loop
      vertex -57.5789 -24.2712 5
      vertex -56.851 -23.6968 5
      vertex -57.2045 -23.5696 5
    endloop
  endfacet
  facet normal 0 0 1
    outer loop
      vertex -57.5789 -24.2712 5
      vertex -57.2045 -23.5696 5
      vertex -57.2051 -23.5694 5
    endloop
  endfacet
  facet normal 0 0 1
    outer loop
      vertex -57.5789 -24.2712 5
      vertex -57.2051 -23.5694 5
      vertex -57.5504 -23.4199 5
    endloop
  endfacet
  facet normal 0 0 1
    outer loop
      vertex -57.5789 -24.2712 5
      vertex -57.5504 -23.4199 5
      vertex -57.551 -23.4196 5
    endloop
  endfacet
  facet normal 0 0 1
    outer loop
      vertex -56.4897 -23.8018 5
      vertex -57.5789 -24.2712 5
      vertex -56.0152 -25.484 5
    endloop
  endfacet
  facet normal 0 0 1
    outer loop
      vertex -57.8857 -23.2491 5
      vertex -57.5789 -24.2712 5
      vertex -57.551 -23.4196 5
    endloop
  endfacet
  facet normal 0 0 1
    outer loop
      vertex -58.2091 -23.0578 5
      vertex -57.5789 -24.2712 5
      vertex -57.8857 -23.2491 5
    endloop
  endfacet
  facet normal 0 0 1
    outer loop
      vertex -59.0632 -22.9625 5
      vertex -58.2091 -23.0578 5
      vertex -58.2096 -23.0575 5
    endloop
  endfacet
  facet normal 0 0 1
    outer loop
      vertex -59.0632 -22.9625 5
      vertex -58.2096 -23.0575 5
      vertex -58.2101 -23.0572 5
    endloop
  endfacet
  facet normal -0 0 1
    outer loop
      vertex -59.0632 -22.9625 5
      vertex -58.2101 -23.0572 5
      vertex -58.5208 -22.846 5
    endloop
  endfacet
  facet normal 0 0 1
    outer loop
      vertex -59.0632 -22.9625 5
      vertex -58.5208 -22.846 5
      vertex -58.5213 -22.8456 5
    endloop
  endfacet
  facet normal 0 0 1
    outer loop
      vertex -59.0632 -22.9625 5
      vertex -58.5213 -22.8456 5
      vertex -58.8182 -22.6154 5
    endloop
  endfacet
  facet normal 0 0 1
    outer loop
      vertex -58.2091 -23.0578 5
      vertex -59.0632 -22.9625 5
      vertex -57.5789 -24.2712 5
    endloop
  endfacet
  facet normal 0 0 1
    outer loop
      vertex -59.1 -22.3669 5
      vertex -59.0632 -22.9625 5
      vertex -58.8182 -22.6154 5
    endloop
  endfacet
  facet normal 0 0 1
    outer loop
      vertex -59.1004 -22.3665 5
      vertex -59.0632 -22.9625 5
      vertex -59.1 -22.3669 5
    endloop
  endfacet
  facet normal 0 0 1
    outer loop
      vertex -59.3665 -22.1004 5
      vertex -59.0632 -22.9625 5
      vertex -59.1004 -22.3665 5
    endloop
  endfacet
  facet normal 0 0 1
    outer loop
      vertex -59.3669 -22.1 5
      vertex -59.0632 -22.9625 5
      vertex -59.3665 -22.1004 5
    endloop
  endfacet
  facet normal 0 0 1
    outer loop
      vertex -60.4625 -21.5632 5
      vertex -59.3669 -22.1 5
      vertex -59.6154 -21.8182 5
    endloop
  endfacet
  facet normal -0 0 1
    outer loop
      vertex -60.4625 -21.5632 5
      vertex -59.6154 -21.8182 5
      vertex -59.8456 -21.5213 5
    endloop
  endfacet
  facet normal 0 0 1
    outer loop
      vertex -60.4625 -21.5632 5
      vertex -59.8456 -21.5213 5
      vertex -59.846 -21.5208 5
    endloop
  endfacet
  facet normal 0 0 1
    outer loop
      vertex -60.4625 -21.5632 5
      vertex -59.846 -21.5208 5
      vertex -60.0572 -21.2101 5
    endloop
  endfacet
  facet normal 0 0 1
    outer loop
      vertex -60.4625 -21.5632 5
      vertex -60.0572 -21.2101 5
      vertex -60.0575 -21.2096 5
    endloop
  endfacet
  facet normal 0 0 1
    outer loop
      vertex -60.4625 -21.5632 5
      vertex -60.0575 -21.2096 5
      vertex -60.0578 -21.2091 5
    endloop
  endfacet
  facet normal 0 0 1
    outer loop
      vertex -60.4625 -21.5632 5
      vertex -60.0578 -21.2091 5
      vertex -60.2491 -20.8857 5
    endloop
  endfacet
  facet normal 0 0 1
    outer loop
      vertex -60.4625 -21.5632 5
      vertex -60.4196 -20.551 5
      vertex -60.4199 -20.5504 5
    endloop
  endfacet
  facet normal 0 0 1
    outer loop
      vertex -59.3669 -22.1 5
      vertex -60.4625 -21.5632 5
      vertex -59.0632 -22.9625 5
    endloop
  endfacet
  facet normal 0 0 1
    outer loop
      vertex -60.4196 -20.551 5
      vertex -60.4625 -21.5632 5
      vertex -60.2491 -20.8857 5
    endloop
  endfacet
  facet normal 0 0 1
    outer loop
      vertex -61.7712 -20.0789 5
      vertex -60.4199 -20.5504 5
      vertex -60.5694 -20.2051 5
    endloop
  endfacet
  facet normal 0 0 1
    outer loop
      vertex -61.7712 -20.0789 5
      vertex -60.5694 -20.2051 5
      vertex -60.5696 -20.2045 5
    endloop
  endfacet
  facet normal -0 0 1
    outer loop
      vertex -61.7712 -20.0789 5
      vertex -60.5696 -20.2045 5
      vertex -60.6968 -19.851 5
    endloop
  endfacet
  facet normal 0 0 1
    outer loop
      vertex -61.7712 -20.0789 5
      vertex -60.6968 -19.851 5
      vertex -60.8016 -19.4903 5
    endloop
  endfacet
  facet normal 0 0 1
    outer loop
      vertex -61.7712 -20.0789 5
      vertex -60.8016 -19.4903 5
      vertex -60.8018 -19.4897 5
    endloop
  endfacet
  facet normal 0 0 1
    outer loop
      vertex -61.7712 -20.0789 5
      vertex -60.8018 -19.4897 5
      vertex -60.8838 -19.123 5
    endloop
  endfacet
  facet normal 0 0 1
    outer loop
      vertex -61.7712 -20.0789 5
      vertex -60.8838 -19.123 5
      vertex -60.8839 -19.1224 5
    endloop
  endfacet
  facet normal 0 0 1
    outer loop
      vertex -62.984 -18.5152 5
      vertex -60.9782 -18.3755 5
      vertex -60.99 -18 5
    endloop
  endfacet
  facet normal 0 0 1
    outer loop
      vertex -60.4199 -20.5504 5
      vertex -61.7712 -20.0789 5
      vertex -60.4625 -21.5632 5
    endloop
  endfacet
  facet normal 0 0 1
    outer loop
      vertex -60.884 -19.1218 5
      vertex -61.7712 -20.0789 5
      vertex -60.8839 -19.1224 5
    endloop
  endfacet
  facet normal 0 0 1
    outer loop
      vertex -60.9428 -18.7507 5
      vertex -61.7712 -20.0789 5
      vertex -60.884 -19.1218 5
    endloop
  endfacet
  facet normal -0 0 1
    outer loop
      vertex -62.984 -18.5152 5
      vertex -60.9428 -18.7507 5
      vertex -60.9781 -18.3767 5
    endloop
  endfacet
  facet normal 0 0 1
    outer loop
      vertex -62.984 -18.5152 5
      vertex -60.9781 -18.3767 5
      vertex -60.9782 -18.3761 5
    endloop
  endfacet
  facet normal 0 0 1
    outer loop
      vertex -60.9782 -18.3755 5
      vertex -62.984 -18.5152 5
      vertex -60.9782 -18.3761 5
    endloop
  endfacet
  facet normal 0 0 1
    outer loop
      vertex -60.9428 17.2493 5
      vertex -62.984 18.5152 5
      vertex -64.0963 16.8785 5
    endloop
  endfacet
  facet normal 0 0 1
    outer loop
      vertex -60.5694 15.7949 5
      vertex -64.0963 16.8785 5
      vertex -65.1037 15.1752 5
    endloop
  endfacet
  facet normal 0 0 1
    outer loop
      vertex -60.9428 -18.7507 5
      vertex -62.984 -18.5152 5
      vertex -61.7712 -20.0789 5
    endloop
  endfacet
  facet normal 0 0 1
    outer loop
      vertex -60.0572 14.7899 5
      vertex -65.1037 15.1752 5
      vertex -66.0021 13.412 5
    endloop
  endfacet
  facet normal 0 0 1
    outer loop
      vertex -60.9782 -17.6245 5
      vertex -62.984 -18.5152 5
      vertex -60.99 -18 5
    endloop
  endfacet
  facet normal 0 0 1
    outer loop
      vertex -59.3665 13.8996 5
      vertex -66.0021 13.412 5
      vertex -66.788 11.5959 5
    endloop
  endfacet
  facet normal 0 0 1
    outer loop
      vertex -60.9782 -17.6239 5
      vertex -62.984 -18.5152 5
      vertex -60.9782 -17.6245 5
    endloop
  endfacet
  facet normal 0 0 1
    outer loop
      vertex -58.5213 13.1544 5
      vertex -66.788 11.5959 5
      vertex -67.4583 9.73403 5
    endloop
  endfacet
  facet normal 0 0 1
    outer loop
      vertex -60.9781 -17.6233 5
      vertex -62.984 -18.5152 5
      vertex -60.9782 -17.6239 5
    endloop
  endfacet
  facet normal 0 0 1
    outer loop
      vertex -57.8857 12.7509 5
      vertex -67.4583 9.73403 5
      vertex -68.0104 7.83373 5
    endloop
  endfacet
  facet normal 0 0 1
    outer loop
      vertex -60.9428 -17.2493 5
      vertex -62.984 -18.5152 5
      vertex -60.9781 -17.6233 5
    endloop
  endfacet
  facet normal 0 0 1
    outer loop
      vertex -54.2692 2.11844 5
      vertex -68.7516 3.948 5
      vertex -54.271 2.09861 5
    endloop
  endfacet
  facet normal 0 -0 1
    outer loop
      vertex -62.984 -18.5152 5
      vertex -60.9428 -17.2493 5
      vertex -64.0963 -16.8785 5
    endloop
  endfacet
  facet normal 0 0 1
    outer loop
      vertex -54.3691 1.06131 5
      vertex -68.9378 1.9779 5
      vertex -54.4018 0.0199091 5
    endloop
  endfacet
  facet normal 0 0 1
    outer loop
      vertex -60.884 -16.8782 5
      vertex -64.0963 -16.8785 5
      vertex -60.9428 -17.2493 5
    endloop
  endfacet
  facet normal 0 0 1
    outer loop
      vertex -69 0 5
      vertex -54.4018 0.0199091 5
      vertex -68.9378 1.9779 5
    endloop
  endfacet
  facet normal 0 0 1
    outer loop
      vertex -60.8839 -16.8776 5
      vertex -64.0963 -16.8785 5
      vertex -60.884 -16.8782 5
    endloop
  endfacet
  facet normal 0 0 1
    outer loop
      vertex -54.4018 0.0199091 5
      vertex -69 0 5
      vertex -54.4024 0 5
    endloop
  endfacet
  facet normal 0 0 1
    outer loop
      vertex -60.8838 -16.877 5
      vertex -64.0963 -16.8785 5
      vertex -60.8839 -16.8776 5
    endloop
  endfacet
  facet normal 0 0 1
    outer loop
      vertex -60.6968 -16.149 5
      vertex -64.0963 -16.8785 5
      vertex -60.8016 -16.5097 5
    endloop
  endfacet
  facet normal 0 0 1
    outer loop
      vertex -60.8018 -16.5103 5
      vertex -64.0963 -16.8785 5
      vertex -60.8838 -16.877 5
    endloop
  endfacet
  facet normal 0 0 1
    outer loop
      vertex -60.8016 -16.5097 5
      vertex -64.0963 -16.8785 5
      vertex -60.8018 -16.5103 5
    endloop
  endfacet
  facet normal 0 0 1
    outer loop
      vertex 56.4903 -12.1984 5
      vertex 53.2155 -6.2222 5
      vertex 56.4897 -12.1982 5
    endloop
  endfacet
  facet normal 0 0 1
    outer loop
      vertex 56.4897 -12.1982 5
      vertex 53.2155 -6.2222 5
      vertex 56.123 -12.1162 5
    endloop
  endfacet
  facet normal -0 0 1
    outer loop
      vertex 53.2076 -6.24048 5
      vertex 56.123 -12.1162 5
      vertex 53.2155 -6.2222 5
    endloop
  endfacet
  facet normal 0 0 1
    outer loop
      vertex 56.123 -12.1162 5
      vertex 53.2076 -6.24048 5
      vertex 56.1224 -12.1161 5
    endloop
  endfacet
  facet normal 0 0 1
    outer loop
      vertex 56.1224 -12.1161 5
      vertex 53.2076 -6.24048 5
      vertex 56.1218 -12.116 5
    endloop
  endfacet
  facet normal 0 0 1
    outer loop
      vertex 56.1218 -12.116 5
      vertex 53.2076 -6.24048 5
      vertex 55.7507 -12.0572 5
    endloop
  endfacet
  facet normal -0 0 1
    outer loop
      vertex 52.7938 -7.19671 5
      vertex 55.7507 -12.0572 5
      vertex 53.2076 -6.24048 5
    endloop
  endfacet
  facet normal 0 0 1
    outer loop
      vertex 55.7507 -12.0572 5
      vertex 52.7938 -7.19671 5
      vertex 55.3767 -12.0219 5
    endloop
  endfacet
  facet normal 0 0 1
    outer loop
      vertex 55.3767 -12.0219 5
      vertex 52.7938 -7.19671 5
      vertex 55.3761 -12.0218 5
    endloop
  endfacet
  facet normal 0 0 1
    outer loop
      vertex 55.3761 -12.0218 5
      vertex 52.7938 -7.19671 5
      vertex 55.3755 -12.0218 5
    endloop
  endfacet
  facet normal 0 0 1
    outer loop
      vertex 55.3755 -12.0218 5
      vertex 52.7938 -7.19671 5
      vertex 55 -12.01 5
    endloop
  endfacet
  facet normal -0 0 1
    outer loop
      vertex 52.3208 -8.12506 5
      vertex 55 -12.01 5
      vertex 52.7938 -7.19671 5
    endloop
  endfacet
  facet normal 0 0 1
    outer loop
      vertex 55 -12.01 5
      vertex 52.3208 -8.12506 5
      vertex 54.6245 -12.0218 5
    endloop
  endfacet
  facet normal -0 0 1
    outer loop
      vertex 52.3117 -8.14281 5
      vertex 54.6245 -12.0218 5
      vertex 52.3208 -8.12506 5
    endloop
  endfacet
  facet normal 0 0 1
    outer loop
      vertex 54.6245 -12.0218 5
      vertex 52.3117 -8.14281 5
      vertex 54.6239 -12.0218 5
    endloop
  endfacet
  facet normal -0 0 1
    outer loop
      vertex 52.3016 -8.15996 5
      vertex 54.6239 -12.0218 5
      vertex 52.3117 -8.14281 5
    endloop
  endfacet
  facet normal 0 0 1
    outer loop
      vertex 54.6239 -12.0218 5
      vertex 52.3016 -8.15996 5
      vertex 54.6233 -12.0219 5
    endloop
  endfacet
  facet normal 0 0 1
    outer loop
      vertex 54.6233 -12.0219 5
      vertex 52.3016 -8.15996 5
      vertex 54.2493 -12.0572 5
    endloop
  endfacet
  facet normal -0 0 1
    outer loop
      vertex 51.7712 -9.05678 5
      vertex 54.2493 -12.0572 5
      vertex 52.3016 -8.15996 5
    endloop
  endfacet
  facet normal 0 0 1
    outer loop
      vertex 54.2493 -12.0572 5
      vertex 51.7712 -9.05678 5
      vertex 53.8782 -12.116 5
    endloop
  endfacet
  facet normal 0 0 1
    outer loop
      vertex 53.8782 -12.116 5
      vertex 51.7712 -9.05678 5
      vertex 53.8776 -12.1161 5
    endloop
  endfacet
  facet normal 0 0 1
    outer loop
      vertex 53.8776 -12.1161 5
      vertex 51.7712 -9.05678 5
      vertex 53.877 -12.1162 5
    endloop
  endfacet
  facet normal -0 0 1
    outer loop
      vertex 51.76 -9.07325 5
      vertex 53.877 -12.1162 5
      vertex 51.7712 -9.05678 5
    endloop
  endfacet
  facet normal 0 0 1
    outer loop
      vertex 53.877 -12.1162 5
      vertex 51.76 -9.07325 5
      vertex 53.5103 -12.1982 5
    endloop
  endfacet
  facet normal 0 0 1
    outer loop
      vertex 53.5103 -12.1982 5
      vertex 51.76 -9.07325 5
      vertex 53.5097 -12.1984 5
    endloop
  endfacet
  facet normal -0 0 1
    outer loop
      vertex 51.1744 -9.935 5
      vertex 53.5097 -12.1984 5
      vertex 51.76 -9.07325 5
    endloop
  endfacet
  facet normal 0 0 1
    outer loop
      vertex 53.5097 -12.1984 5
      vertex 51.1744 -9.935 5
      vertex 53.149 -12.3032 5
    endloop
  endfacet
  facet normal 0 0 1
    outer loop
      vertex 53.149 -12.3032 5
      vertex 51.1744 -9.935 5
      vertex 52.7955 -12.4304 5
    endloop
  endfacet
  facet normal -0 0 1
    outer loop
      vertex 51.1622 -9.95074 5
      vertex 52.7955 -12.4304 5
      vertex 51.1744 -9.935 5
    endloop
  endfacet
  facet normal 0 0 1
    outer loop
      vertex 52.7955 -12.4304 5
      vertex 51.1622 -9.95074 5
      vertex 52.7949 -12.4306 5
    endloop
  endfacet
  facet normal 0 0 1
    outer loop
      vertex 52.7949 -12.4306 5
      vertex 51.1622 -9.95074 5
      vertex 52.4496 -12.5801 5
    endloop
  endfacet
  facet normal -0 0 1
    outer loop
      vertex 50.5236 -10.774 5
      vertex 52.4496 -12.5801 5
      vertex 51.1622 -9.95074 5
    endloop
  endfacet
  facet normal 0 0 1
    outer loop
      vertex 52.4496 -12.5801 5
      vertex 50.5236 -10.774 5
      vertex 52.449 -12.5804 5
    endloop
  endfacet
  facet normal 0 0 1
    outer loop
      vertex 52.449 -12.5804 5
      vertex 50.5236 -10.774 5
      vertex 52.1143 -12.7509 5
    endloop
  endfacet
  facet normal 0 0 1
    outer loop
      vertex 52.1143 -12.7509 5
      vertex 50.5236 -10.774 5
      vertex 51.7909 -12.9422 5
    endloop
  endfacet
  facet normal 0 0 1
    outer loop
      vertex 51.7909 -12.9422 5
      vertex 50.5236 -10.774 5
      vertex 51.7904 -12.9425 5
    endloop
  endfacet
  facet normal 0 0 1
    outer loop
      vertex 51.7904 -12.9425 5
      vertex 50.5236 -10.774 5
      vertex 51.7899 -12.9428 5
    endloop
  endfacet
  facet normal -0 0 1
    outer loop
      vertex 49.8345 -11.5556 5
      vertex 51.7899 -12.9428 5
      vertex 50.5236 -10.774 5
    endloop
  endfacet
  facet normal 0 0 1
    outer loop
      vertex 51.7899 -12.9428 5
      vertex 49.8345 -11.5556 5
      vertex 51.4792 -13.154 5
    endloop
  endfacet
  facet normal 0 0 1
    outer loop
      vertex 51.4792 -13.154 5
      vertex 49.8345 -11.5556 5
      vertex 51.4787 -13.1544 5
    endloop
  endfacet
  facet normal -0 0 1
    outer loop
      vertex 49.8213 -11.5705 5
      vertex 51.4787 -13.1544 5
      vertex 49.8345 -11.5556 5
    endloop
  endfacet
  facet normal 0 0 1
    outer loop
      vertex 51.4787 -13.1544 5
      vertex 49.8213 -11.5705 5
      vertex 51.1818 -13.3846 5
    endloop
  endfacet
  facet normal 0 0 1
    outer loop
      vertex 51.1818 -13.3846 5
      vertex 49.8213 -11.5705 5
      vertex 50.9 -13.6331 5
    endloop
  endfacet
  facet normal -0 0 1
    outer loop
      vertex 49.0705 -12.3213 5
      vertex 50.9 -13.6331 5
      vertex 49.8213 -11.5705 5
    endloop
  endfacet
  facet normal 0 0 1
    outer loop
      vertex 50.9 -13.6331 5
      vertex 49.0705 -12.3213 5
      vertex 50.8996 -13.6335 5
    endloop
  endfacet
  facet normal 0 0 1
    outer loop
      vertex 50.8996 -13.6335 5
      vertex 49.0705 -12.3213 5
      vertex 50.6335 -13.8996 5
    endloop
  endfacet
  facet normal 0 0 1
    outer loop
      vertex 50.6335 -13.8996 5
      vertex 49.0705 -12.3213 5
      vertex 50.6331 -13.9 5
    endloop
  endfacet
  facet normal -0 0 1
    outer loop
      vertex 49.0556 -12.3345 5
      vertex 50.6331 -13.9 5
      vertex 49.0705 -12.3213 5
    endloop
  endfacet
  facet normal 0 0 1
    outer loop
      vertex 50.6331 -13.9 5
      vertex 49.0556 -12.3345 5
      vertex 50.3846 -14.1818 5
    endloop
  endfacet
  facet normal -0 0 1
    outer loop
      vertex 48.274 -13.0236 5
      vertex 50.3846 -14.1818 5
      vertex 49.0556 -12.3345 5
    endloop
  endfacet
  facet normal 0 0 1
    outer loop
      vertex 50.3846 -14.1818 5
      vertex 48.274 -13.0236 5
      vertex 50.1544 -14.4787 5
    endloop
  endfacet
  facet normal 0 0 1
    outer loop
      vertex 50.1544 -14.4787 5
      vertex 48.274 -13.0236 5
      vertex 50.154 -14.4792 5
    endloop
  endfacet
  facet normal 0 0 1
    outer loop
      vertex 50.154 -14.4792 5
      vertex 48.274 -13.0236 5
      vertex 49.9428 -14.7899 5
    endloop
  endfacet
  facet normal 0 0 1
    outer loop
      vertex 49.9428 -14.7899 5
      vertex 48.274 -13.0236 5
      vertex 49.9425 -14.7904 5
    endloop
  endfacet
  facet normal 0 0 1
    outer loop
      vertex 49.9425 -14.7904 5
      vertex 48.274 -13.0236 5
      vertex 49.9422 -14.7909 5
    endloop
  endfacet
  facet normal 0 0 1
    outer loop
      vertex 49.9422 -14.7909 5
      vertex 48.274 -13.0236 5
      vertex 49.7509 -15.1143 5
    endloop
  endfacet
  facet normal -0 0 1
    outer loop
      vertex 47.4507 -13.6622 5
      vertex 49.7509 -15.1143 5
      vertex 48.274 -13.0236 5
    endloop
  endfacet
  facet normal 0 0 1
    outer loop
      vertex 49.7509 -15.1143 5
      vertex 47.4507 -13.6622 5
      vertex 49.5804 -15.449 5
    endloop
  endfacet
  facet normal 0 0 1
    outer loop
      vertex 49.5804 -15.449 5
      vertex 47.4507 -13.6622 5
      vertex 49.5801 -15.4496 5
    endloop
  endfacet
  facet normal -0 0 1
    outer loop
      vertex 47.435 -13.6744 5
      vertex 49.5801 -15.4496 5
      vertex 47.4507 -13.6622 5
    endloop
  endfacet
  facet normal 0 0 1
    outer loop
      vertex 49.5801 -15.4496 5
      vertex 47.435 -13.6744 5
      vertex 49.4306 -15.7949 5
    endloop
  endfacet
  facet normal 0 0 1
    outer loop
      vertex 49.4306 -15.7949 5
      vertex 47.435 -13.6744 5
      vertex 49.4304 -15.7955 5
    endloop
  endfacet
  facet normal -0 0 1
    outer loop
      vertex 46.5733 -14.26 5
      vertex 49.4304 -15.7955 5
      vertex 47.435 -13.6744 5
    endloop
  endfacet
  facet normal 0 0 1
    outer loop
      vertex 49.4304 -15.7955 5
      vertex 46.5733 -14.26 5
      vertex 49.3032 -16.149 5
    endloop
  endfacet
  facet normal -0 0 1
    outer loop
      vertex 46.5568 -14.2712 5
      vertex 49.3032 -16.149 5
      vertex 46.5733 -14.26 5
    endloop
  endfacet
  facet normal 0 0 1
    outer loop
      vertex 49.3032 -16.149 5
      vertex 46.5568 -14.2712 5
      vertex 49.1984 -16.5097 5
    endloop
  endfacet
  facet normal 0 0 1
    outer loop
      vertex 49.1984 -16.5097 5
      vertex 46.5568 -14.2712 5
      vertex 49.1982 -16.5103 5
    endloop
  endfacet
  facet normal 0 0 1
    outer loop
      vertex 49.1982 -16.5103 5
      vertex 46.5568 -14.2712 5
      vertex 49.1162 -16.877 5
    endloop
  endfacet
  facet normal -0 0 1
    outer loop
      vertex 45.66 -14.8016 5
      vertex 49.1162 -16.877 5
      vertex 46.5568 -14.2712 5
    endloop
  endfacet
  facet normal 0 0 1
    outer loop
      vertex 49.1162 -16.877 5
      vertex 45.66 -14.8016 5
      vertex 49.1161 -16.8776 5
    endloop
  endfacet
  facet normal 0 0 1
    outer loop
      vertex 49.1161 -16.8776 5
      vertex 45.66 -14.8016 5
      vertex 49.116 -16.8782 5
    endloop
  endfacet
  facet normal 0.397149 0.917754 -0
    outer loop
      vertex 50.912 28.5021 0
      vertex 49.0959 29.288 5
      vertex 50.912 28.5021 5
    endloop
  endfacet
  facet normal 0.397149 0.917754 0
    outer loop
      vertex 49.0959 29.288 5
      vertex 50.912 28.5021 0
      vertex 49.0959 29.288 0
    endloop
  endfacet
  facet normal 0.338727 0.940885 -0
    outer loop
      vertex 49.0959 29.288 0
      vertex 47.234 29.9583 5
      vertex 49.0959 29.288 5
    endloop
  endfacet
  facet normal 0.338727 0.940885 0
    outer loop
      vertex 47.234 29.9583 5
      vertex 49.0959 29.288 0
      vertex 47.234 29.9583 0
    endloop
  endfacet
  facet normal -0.562083 0.827081 0
    outer loop
      vertex -54.3785 26.5963 0
      vertex -56.0152 25.484 5
      vertex -54.3785 26.5963 5
    endloop
  endfacet
  facet normal -0.562083 0.827081 0
    outer loop
      vertex -56.0152 25.484 5
      vertex -54.3785 26.5963 0
      vertex -56.0152 25.484 0
    endloop
  endfacet
  facet normal 0.453992 -0.891006 0
    outer loop
      vertex 50.912 -28.5021 0
      vertex 52.6752 -27.6037 5
      vertex 50.912 -28.5021 5
    endloop
  endfacet
  facet normal 0.453992 -0.891006 0
    outer loop
      vertex 52.6752 -27.6037 5
      vertex 50.912 -28.5021 0
      vertex 52.6752 -27.6037 0
    endloop
  endfacet
  facet normal 0.940883 -0.338731 0
    outer loop
      vertex 66.788 -11.5959 5
      vertex 67.4583 -9.73403 0
      vertex 67.4583 -9.73403 5
    endloop
  endfacet
  facet normal 0.940883 -0.338731 0
    outer loop
      vertex 67.4583 -9.73403 0
      vertex 66.788 -11.5959 5
      vertex 66.788 -11.5959 0
    endloop
  endfacet
  facet normal 0.975925 -0.218105 0
    outer loop
      vertex 68.0104 -7.83373 5
      vertex 68.442 -5.90251 0
      vertex 68.442 -5.90251 5
    endloop
  endfacet
  facet normal 0.975925 -0.218105 0
    outer loop
      vertex 68.442 -5.90251 0
      vertex 68.0104 -7.83373 5
      vertex 68.0104 -7.83373 0
    endloop
  endfacet
  facet normal -0.562083 -0.827081 0
    outer loop
      vertex -56.0152 -25.484 0
      vertex -54.3785 -26.5963 5
      vertex -56.0152 -25.484 5
    endloop
  endfacet
  facet normal -0.562083 -0.827081 -0
    outer loop
      vertex -54.3785 -26.5963 5
      vertex -56.0152 -25.484 0
      vertex -54.3785 -26.5963 0
    endloop
  endfacet
  facet normal 0.917754 -0.397149 0
    outer loop
      vertex 66.0021 -13.412 5
      vertex 66.788 -11.5959 0
      vertex 66.788 -11.5959 5
    endloop
  endfacet
  facet normal 0.917754 -0.397149 0
    outer loop
      vertex 66.788 -11.5959 0
      vertex 66.0021 -13.412 5
      vertex 66.0021 -13.412 0
    endloop
  endfacet
  facet normal 0.995563 -0.0940936 0
    outer loop
      vertex 68.7516 -3.948 5
      vertex 68.9378 -1.9779 0
      vertex 68.9378 -1.9779 5
    endloop
  endfacet
  facet normal 0.995563 -0.0940936 0
    outer loop
      vertex 68.9378 -1.9779 0
      vertex 68.7516 -3.948 5
      vertex 68.7516 -3.948 0
    endloop
  endfacet
  facet normal 0 0 -1
    outer loop
      vertex -46.6091 14.3536 0
      vertex -52.0059 17.8116 0
      vertex -52 18 0
    endloop
  endfacet
  facet normal 0 0 -1
    outer loop
      vertex -51.2533 9.99235 0
      vertex -52.0237 17.624 0
      vertex -52.0059 17.8116 0
    endloop
  endfacet
  facet normal 0 0 -1
    outer loop
      vertex -51.2533 9.99235 0
      vertex -52.0531 17.4379 0
      vertex -52.0237 17.624 0
    endloop
  endfacet
  facet normal 0 0 -1
    outer loop
      vertex -51.2533 9.99235 0
      vertex -52.0942 17.2539 0
      vertex -52.0531 17.4379 0
    endloop
  endfacet
  facet normal 0 0 -1
    outer loop
      vertex -51.2533 9.99235 0
      vertex -52.1468 17.0729 0
      vertex -52.0942 17.2539 0
    endloop
  endfacet
  facet normal 0 0 -1
    outer loop
      vertex -51.2533 9.99235 0
      vertex -52.2107 16.8956 0
      vertex -52.1468 17.0729 0
    endloop
  endfacet
  facet normal 0 0 -1
    outer loop
      vertex -51.2533 9.99235 0
      vertex -52.2855 16.7227 0
      vertex -52.2107 16.8956 0
    endloop
  endfacet
  facet normal 0 0 -1
    outer loop
      vertex -51.2533 9.99235 0
      vertex -52.3711 16.5547 0
      vertex -52.2855 16.7227 0
    endloop
  endfacet
  facet normal 0 0 -1
    outer loop
      vertex -55.376 15.0237 0
      vertex -51.8536 9.10905 0
      vertex -52.3972 8.18981 0
    endloop
  endfacet
  facet normal 0 0 -1
    outer loop
      vertex -51.2533 9.99235 0
      vertex -52.467 16.3925 0
      vertex -52.3711 16.5547 0
    endloop
  endfacet
  facet normal 0 0 -1
    outer loop
      vertex -51.2533 9.99235 0
      vertex -52.5729 16.2366 0
      vertex -52.467 16.3925 0
    endloop
  endfacet
  facet normal 0 0 -1
    outer loop
      vertex -51.2533 9.99235 0
      vertex -52.6885 16.0877 0
      vertex -52.5729 16.2366 0
    endloop
  endfacet
  facet normal 0 0 -1
    outer loop
      vertex -51.2533 9.99235 0
      vertex -52.8131 15.9464 0
      vertex -52.6885 16.0877 0
    endloop
  endfacet
  facet normal 0 0 -1
    outer loop
      vertex -55.7461 15.0943 0
      vertex -52.3972 8.18981 0
      vertex -52.8821 7.23825 0
    endloop
  endfacet
  facet normal 0 0 -1
    outer loop
      vertex -51.2533 9.99235 0
      vertex -52.9464 15.8131 0
      vertex -52.8131 15.9464 0
    endloop
  endfacet
  facet normal 0 0 -1
    outer loop
      vertex -51.2533 9.99235 0
      vertex -53.0877 15.6885 0
      vertex -52.9464 15.8131 0
    endloop
  endfacet
  facet normal 0 0 -1
    outer loop
      vertex -51.2533 9.99235 0
      vertex -53.2366 15.5729 0
      vertex -53.0877 15.6885 0
    endloop
  endfacet
  facet normal 0 0 -1
    outer loop
      vertex -56.2773 15.2855 0
      vertex -52.8821 7.23825 0
      vertex -53.3062 6.25812 0
    endloop
  endfacet
  facet normal 0 0 -1
    outer loop
      vertex -51.2533 9.99235 0
      vertex -53.3925 15.467 0
      vertex -53.2366 15.5729 0
    endloop
  endfacet
  facet normal 0 0 -1
    outer loop
      vertex -51.2533 9.99235 0
      vertex -53.5547 15.3711 0
      vertex -53.3925 15.467 0
    endloop
  endfacet
  facet normal 0 0 -1
    outer loop
      vertex -66.788 11.5959 0
      vertex -53.3062 6.25812 0
      vertex -53.668 5.25329 0
    endloop
  endfacet
  facet normal 0 0 -1
    outer loop
      vertex -51.2533 9.99235 0
      vertex -53.7227 15.2855 0
      vertex -53.5547 15.3711 0
    endloop
  endfacet
  facet normal 0 0 -1
    outer loop
      vertex -51.2533 9.99235 0
      vertex -53.8956 15.2107 0
      vertex -53.7227 15.2855 0
    endloop
  endfacet
  facet normal 0 0 -1
    outer loop
      vertex -67.4583 9.73403 0
      vertex -53.668 5.25329 0
      vertex -53.9659 4.22773 0
    endloop
  endfacet
  facet normal 0 0 -1
    outer loop
      vertex -51.2533 9.99235 0
      vertex -54.0729 15.1468 0
      vertex -53.8956 15.2107 0
    endloop
  endfacet
  facet normal 0 0 -1
    outer loop
      vertex -68.0104 7.83373 0
      vertex -53.9659 4.22773 0
      vertex -54.1989 3.18548 0
    endloop
  endfacet
  facet normal 0 0 -1
    outer loop
      vertex -51.2533 9.99235 0
      vertex -54.2539 15.0943 0
      vertex -54.0729 15.1468 0
    endloop
  endfacet
  facet normal 0 0 -1
    outer loop
      vertex -68.442 5.90251 0
      vertex -54.1989 3.18548 0
      vertex -54.366 2.13066 0
    endloop
  endfacet
  facet normal 0 0 -1
    outer loop
      vertex -51.2533 9.99235 0
      vertex -54.4379 15.0531 0
      vertex -54.2539 15.0943 0
    endloop
  endfacet
  facet normal 0 0 -1
    outer loop
      vertex -68.7516 3.948 0
      vertex -54.366 2.13066 0
      vertex -54.4665 1.06744 0
    endloop
  endfacet
  facet normal 0 0 -1
    outer loop
      vertex -68.9378 1.9779 0
      vertex -54.4665 1.06744 0
      vertex -54.5 0 0
    endloop
  endfacet
  facet normal 0 0 -1
    outer loop
      vertex -56.1044 -15.2107 0
      vertex -52.8821 -7.23825 0
      vertex -55.9271 -15.1468 0
    endloop
  endfacet
  facet normal 0 0 -1
    outer loop
      vertex -51.2533 9.99235 0
      vertex -54.624 15.0237 0
      vertex -54.4379 15.0531 0
    endloop
  endfacet
  facet normal 0 0 -1
    outer loop
      vertex -56.2773 -15.2855 0
      vertex -52.8821 -7.23825 0
      vertex -56.1044 -15.2107 0
    endloop
  endfacet
  facet normal 0 0 -1
    outer loop
      vertex -51.2533 9.99235 0
      vertex -54.8116 15.0059 0
      vertex -54.624 15.0237 0
    endloop
  endfacet
  facet normal -0 0 -1
    outer loop
      vertex -52.8821 -7.23825 0
      vertex -56.2773 -15.2855 0
      vertex -53.3062 -6.25812 0
    endloop
  endfacet
  facet normal 0 -0 -1
    outer loop
      vertex -68.9378 1.9779 0
      vertex -54.5 0 0
      vertex -69 0 0
    endloop
  endfacet
  facet normal 0 0 -1
    outer loop
      vertex -56.4453 -15.3711 0
      vertex -53.3062 -6.25812 0
      vertex -56.2773 -15.2855 0
    endloop
  endfacet
  facet normal 0 0 -1
    outer loop
      vertex -51.8536 9.10905 0
      vertex -55 15 0
      vertex -54.8116 15.0059 0
    endloop
  endfacet
  facet normal 0 0 -1
    outer loop
      vertex -66.788 -11.5959 0
      vertex -53.3062 -6.25812 0
      vertex -56.4453 -15.3711 0
    endloop
  endfacet
  facet normal 0 0 -1
    outer loop
      vertex -54.4665 1.06744 0
      vertex -68.9378 1.9779 0
      vertex -68.7516 3.948 0
    endloop
  endfacet
  facet normal -0 0 -1
    outer loop
      vertex -53.3062 -6.25812 0
      vertex -66.788 -11.5959 0
      vertex -53.668 -5.25329 0
    endloop
  endfacet
  facet normal 0 0 -1
    outer loop
      vertex -51.8536 9.10905 0
      vertex -55.1884 15.0059 0
      vertex -55 15 0
    endloop
  endfacet
  facet normal -0 0 -1
    outer loop
      vertex -53.668 -5.25329 0
      vertex -67.4583 -9.73403 0
      vertex -53.9659 -4.22773 0
    endloop
  endfacet
  facet normal 0 0 -1
    outer loop
      vertex -54.366 2.13066 0
      vertex -68.7516 3.948 0
      vertex -68.442 5.90251 0
    endloop
  endfacet
  facet normal 0 0 -1
    outer loop
      vertex -68.442 -5.90251 0
      vertex -54.1989 -3.18548 0
      vertex -68.0104 -7.83373 0
    endloop
  endfacet
  facet normal 0 0 -1
    outer loop
      vertex -51.8536 9.10905 0
      vertex -55.376 15.0237 0
      vertex -55.1884 15.0059 0
    endloop
  endfacet
  facet normal -0 0 -1
    outer loop
      vertex -54.1989 -3.18548 0
      vertex -68.442 -5.90251 0
      vertex -54.366 -2.13066 0
    endloop
  endfacet
  facet normal 0 0 -1
    outer loop
      vertex -54.1989 3.18548 0
      vertex -68.442 5.90251 0
      vertex -68.0104 7.83373 0
    endloop
  endfacet
  facet normal 0 0 -1
    outer loop
      vertex -68.0104 -7.83373 0
      vertex -53.9659 -4.22773 0
      vertex -67.4583 -9.73403 0
    endloop
  endfacet
  facet normal 0 0 -1
    outer loop
      vertex -52.3972 8.18981 0
      vertex -55.5621 15.0531 0
      vertex -55.376 15.0237 0
    endloop
  endfacet
  facet normal 0 0 -1
    outer loop
      vertex -67.4583 -9.73403 0
      vertex -53.668 -5.25329 0
      vertex -66.788 -11.5959 0
    endloop
  endfacet
  facet normal 0 0 -1
    outer loop
      vertex -53.9659 4.22773 0
      vertex -68.0104 7.83373 0
      vertex -67.4583 9.73403 0
    endloop
  endfacet
  facet normal 0 0 -1
    outer loop
      vertex -66.788 -11.5959 0
      vertex -56.4453 -15.3711 0
      vertex -56.6075 -15.467 0
    endloop
  endfacet
  facet normal 0 0 -1
    outer loop
      vertex -52.3972 8.18981 0
      vertex -55.7461 15.0943 0
      vertex -55.5621 15.0531 0
    endloop
  endfacet
  facet normal 0 0 -1
    outer loop
      vertex -66.0021 -13.412 0
      vertex -56.6075 -15.467 0
      vertex -56.7634 -15.5729 0
    endloop
  endfacet
  facet normal 0 0 -1
    outer loop
      vertex -52.8821 7.23825 0
      vertex -55.9271 15.1468 0
      vertex -55.7461 15.0943 0
    endloop
  endfacet
  facet normal 0 0 -1
    outer loop
      vertex -66.0021 -13.412 0
      vertex -56.7634 -15.5729 0
      vertex -56.9123 -15.6885 0
    endloop
  endfacet
  facet normal 0 0 -1
    outer loop
      vertex -53.668 5.25329 0
      vertex -67.4583 9.73403 0
      vertex -66.788 11.5959 0
    endloop
  endfacet
  facet normal 0 0 -1
    outer loop
      vertex -66.0021 -13.412 0
      vertex -56.9123 -15.6885 0
      vertex -57.0536 -15.8131 0
    endloop
  endfacet
  facet normal 0 0 -1
    outer loop
      vertex -52.8821 7.23825 0
      vertex -56.1044 15.2107 0
      vertex -55.9271 15.1468 0
    endloop
  endfacet
  facet normal 0 0 -1
    outer loop
      vertex -65.1037 -15.1752 0
      vertex -57.0536 -15.8131 0
      vertex -57.1869 -15.9464 0
    endloop
  endfacet
  facet normal 0 0 -1
    outer loop
      vertex -52.8821 7.23825 0
      vertex -56.2773 15.2855 0
      vertex -56.1044 15.2107 0
    endloop
  endfacet
  facet normal 0 0 -1
    outer loop
      vertex -65.1037 -15.1752 0
      vertex -57.1869 -15.9464 0
      vertex -57.3115 -16.0877 0
    endloop
  endfacet
  facet normal 0 0 -1
    outer loop
      vertex -53.3062 6.25812 0
      vertex -66.788 11.5959 0
      vertex -56.4453 15.3711 0
    endloop
  endfacet
  facet normal 0 0 -1
    outer loop
      vertex -65.1037 -15.1752 0
      vertex -57.3115 -16.0877 0
      vertex -57.4271 -16.2366 0
    endloop
  endfacet
  facet normal 0 0 -1
    outer loop
      vertex -53.3062 6.25812 0
      vertex -56.4453 15.3711 0
      vertex -56.2773 15.2855 0
    endloop
  endfacet
  facet normal 0 0 -1
    outer loop
      vertex -65.1037 -15.1752 0
      vertex -57.4271 -16.2366 0
      vertex -57.533 -16.3925 0
    endloop
  endfacet
  facet normal -0 0 -1
    outer loop
      vertex -56.4453 15.3711 0
      vertex -66.788 11.5959 0
      vertex -56.6075 15.467 0
    endloop
  endfacet
  facet normal 0 0 -1
    outer loop
      vertex -64.0963 -16.8785 0
      vertex -57.533 -16.3925 0
      vertex -57.6289 -16.5547 0
    endloop
  endfacet
  facet normal 0 -0 -1
    outer loop
      vertex -66.0021 13.412 0
      vertex -56.6075 15.467 0
      vertex -66.788 11.5959 0
    endloop
  endfacet
  facet normal 0 0 -1
    outer loop
      vertex -64.0963 -16.8785 0
      vertex -57.6289 -16.5547 0
      vertex -57.7145 -16.7227 0
    endloop
  endfacet
  facet normal -0 0 -1
    outer loop
      vertex -56.6075 15.467 0
      vertex -66.0021 13.412 0
      vertex -56.7634 15.5729 0
    endloop
  endfacet
  facet normal 0 0 -1
    outer loop
      vertex -64.0963 -16.8785 0
      vertex -57.7145 -16.7227 0
      vertex -57.7893 -16.8956 0
    endloop
  endfacet
  facet normal -0 0 -1
    outer loop
      vertex -56.7634 15.5729 0
      vertex -66.0021 13.412 0
      vertex -56.9123 15.6885 0
    endloop
  endfacet
  facet normal 0 0 -1
    outer loop
      vertex -64.0963 -16.8785 0
      vertex -57.7893 -16.8956 0
      vertex -57.8532 -17.0729 0
    endloop
  endfacet
  facet normal -0 0 -1
    outer loop
      vertex -56.9123 15.6885 0
      vertex -66.0021 13.412 0
      vertex -57.0536 15.8131 0
    endloop
  endfacet
  facet normal 0 0 -1
    outer loop
      vertex -62.984 -18.5152 0
      vertex -57.8532 -17.0729 0
      vertex -57.9058 -17.2539 0
    endloop
  endfacet
  facet normal 0 -0 -1
    outer loop
      vertex -65.1037 15.1752 0
      vertex -57.0536 15.8131 0
      vertex -66.0021 13.412 0
    endloop
  endfacet
  facet normal 0 0 -1
    outer loop
      vertex -62.984 -18.5152 0
      vertex -57.9058 -17.2539 0
      vertex -57.9469 -17.4379 0
    endloop
  endfacet
  facet normal -0 0 -1
    outer loop
      vertex -57.0536 15.8131 0
      vertex -65.1037 15.1752 0
      vertex -57.1869 15.9464 0
    endloop
  endfacet
  facet normal 0 0 -1
    outer loop
      vertex -62.984 -18.5152 0
      vertex -57.9469 -17.4379 0
      vertex -57.9763 -17.624 0
    endloop
  endfacet
  facet normal -0 0 -1
    outer loop
      vertex -57.1869 15.9464 0
      vertex -65.1037 15.1752 0
      vertex -57.3115 16.0877 0
    endloop
  endfacet
  facet normal 0 0 -1
    outer loop
      vertex -62.984 -18.5152 0
      vertex -57.9763 -17.624 0
      vertex -57.9941 -17.8116 0
    endloop
  endfacet
  facet normal -0 0 -1
    outer loop
      vertex -57.3115 16.0877 0
      vertex -65.1037 15.1752 0
      vertex -57.4271 16.2366 0
    endloop
  endfacet
  facet normal 0 0 -1
    outer loop
      vertex -62.984 -18.5152 0
      vertex -57.9941 -17.8116 0
      vertex -58 -18 0
    endloop
  endfacet
  facet normal -0 0 -1
    outer loop
      vertex -57.4271 16.2366 0
      vertex -65.1037 15.1752 0
      vertex -57.533 16.3925 0
    endloop
  endfacet
  facet normal 0 0 -1
    outer loop
      vertex -52.2855 -16.7227 0
      vertex -47.4923 -13.7533 0
      vertex -52.2107 -16.8956 0
    endloop
  endfacet
  facet normal -0 0 -1
    outer loop
      vertex -47.4923 -13.7533 0
      vertex -52.2855 -16.7227 0
      vertex -48.3362 -13.0987 0
    endloop
  endfacet
  facet normal 0 0 -1
    outer loop
      vertex -52.3711 -16.5547 0
      vertex -48.3362 -13.0987 0
      vertex -52.2855 -16.7227 0
    endloop
  endfacet
  facet normal 0 0 -1
    outer loop
      vertex -52.467 -16.3925 0
      vertex -48.3362 -13.0987 0
      vertex -52.3711 -16.5547 0
    endloop
  endfacet
  facet normal 0 0 -1
    outer loop
      vertex -52.5729 -16.2366 0
      vertex -48.3362 -13.0987 0
      vertex -52.467 -16.3925 0
    endloop
  endfacet
  facet normal -0 0 -1
    outer loop
      vertex -48.3362 -13.0987 0
      vertex -52.5729 -16.2366 0
      vertex -49.1373 -12.3925 0
    endloop
  endfacet
  facet normal 0 0 -1
    outer loop
      vertex -52.6885 -16.0877 0
      vertex -49.1373 -12.3925 0
      vertex -52.5729 -16.2366 0
    endloop
  endfacet
  facet normal 0 0 -1
    outer loop
      vertex -52.8131 -15.9464 0
      vertex -49.1373 -12.3925 0
      vertex -52.6885 -16.0877 0
    endloop
  endfacet
  facet normal 0 0 -1
    outer loop
      vertex -52.9464 -15.8131 0
      vertex -49.1373 -12.3925 0
      vertex -52.8131 -15.9464 0
    endloop
  endfacet
  facet normal -0 0 -1
    outer loop
      vertex -49.1373 -12.3925 0
      vertex -52.9464 -15.8131 0
      vertex -49.8925 -11.6373 0
    endloop
  endfacet
  facet normal 0 0 -1
    outer loop
      vertex -53.0877 -15.6885 0
      vertex -49.8925 -11.6373 0
      vertex -52.9464 -15.8131 0
    endloop
  endfacet
  facet normal 0 0 -1
    outer loop
      vertex -53.2366 -15.5729 0
      vertex -49.8925 -11.6373 0
      vertex -53.0877 -15.6885 0
    endloop
  endfacet
  facet normal 0 0 -1
    outer loop
      vertex -53.3925 -15.467 0
      vertex -49.8925 -11.6373 0
      vertex -53.2366 -15.5729 0
    endloop
  endfacet
  facet normal 0 0 -1
    outer loop
      vertex -53.5547 -15.3711 0
      vertex -49.8925 -11.6373 0
      vertex -53.3925 -15.467 0
    endloop
  endfacet
  facet normal -0 0 -1
    outer loop
      vertex -49.8925 -11.6373 0
      vertex -53.5547 -15.3711 0
      vertex -50.5987 -10.8362 0
    endloop
  endfacet
  facet normal 0 0 -1
    outer loop
      vertex -53.7227 -15.2855 0
      vertex -50.5987 -10.8362 0
      vertex -53.5547 -15.3711 0
    endloop
  endfacet
  facet normal 0 0 -1
    outer loop
      vertex -53.8956 -15.2107 0
      vertex -50.5987 -10.8362 0
      vertex -53.7227 -15.2855 0
    endloop
  endfacet
  facet normal 0 0 -1
    outer loop
      vertex -54.0729 -15.1468 0
      vertex -50.5987 -10.8362 0
      vertex -53.8956 -15.2107 0
    endloop
  endfacet
  facet normal -0 0 -1
    outer loop
      vertex -50.5987 -10.8362 0
      vertex -54.0729 -15.1468 0
      vertex -51.2533 -9.99235 0
    endloop
  endfacet
  facet normal 0 0 -1
    outer loop
      vertex -54.2539 -15.0943 0
      vertex -51.2533 -9.99235 0
      vertex -54.0729 -15.1468 0
    endloop
  endfacet
  facet normal 0 0 -1
    outer loop
      vertex -54.4379 -15.0531 0
      vertex -51.2533 -9.99235 0
      vertex -54.2539 -15.0943 0
    endloop
  endfacet
  facet normal 0 0 -1
    outer loop
      vertex -54.624 -15.0237 0
      vertex -51.2533 -9.99235 0
      vertex -54.4379 -15.0531 0
    endloop
  endfacet
  facet normal 0 0 -1
    outer loop
      vertex -54.8116 -15.0059 0
      vertex -51.2533 -9.99235 0
      vertex -54.624 -15.0237 0
    endloop
  endfacet
  facet normal -0 0 -1
    outer loop
      vertex -51.2533 -9.99235 0
      vertex -54.8116 -15.0059 0
      vertex -51.8536 -9.10905 0
    endloop
  endfacet
  facet normal 0 0 -1
    outer loop
      vertex -55 -15 0
      vertex -51.8536 -9.10905 0
      vertex -54.8116 -15.0059 0
    endloop
  endfacet
  facet normal 0 0 -1
    outer loop
      vertex -55.1884 -15.0059 0
      vertex -51.8536 -9.10905 0
      vertex -55 -15 0
    endloop
  endfacet
  facet normal 0 0 -1
    outer loop
      vertex -55.376 -15.0237 0
      vertex -51.8536 -9.10905 0
      vertex -55.1884 -15.0059 0
    endloop
  endfacet
  facet normal -0 0 -1
    outer loop
      vertex -51.8536 -9.10905 0
      vertex -55.376 -15.0237 0
      vertex -52.3972 -8.18981 0
    endloop
  endfacet
  facet normal 0 0 -1
    outer loop
      vertex -55.5621 -15.0531 0
      vertex -52.3972 -8.18981 0
      vertex -55.376 -15.0237 0
    endloop
  endfacet
  facet normal 0 0 -1
    outer loop
      vertex -55.7461 -15.0943 0
      vertex -52.3972 -8.18981 0
      vertex -55.5621 -15.0531 0
    endloop
  endfacet
  facet normal -0 0 -1
    outer loop
      vertex -52.3972 -8.18981 0
      vertex -55.7461 -15.0943 0
      vertex -52.8821 -7.23825 0
    endloop
  endfacet
  facet normal 0 0 -1
    outer loop
      vertex -55.9271 -15.1468 0
      vertex -52.8821 -7.23825 0
      vertex -55.7461 -15.0943 0
    endloop
  endfacet
  facet normal 0 0 -1
    outer loop
      vertex 57.4271 -16.2366 0
      vertex 65.1037 -15.1752 0
      vertex 57.533 -16.3925 0
    endloop
  endfacet
  facet normal 0 0 -1
    outer loop
      vertex 69 0 0
      vertex 57.9941 17.8116 0
      vertex 58 18 0
    endloop
  endfacet
  facet normal 0 0 -1
    outer loop
      vertex 57.3115 -16.0877 0
      vertex 65.1037 -15.1752 0
      vertex 57.4271 -16.2366 0
    endloop
  endfacet
  facet normal 0 0 -1
    outer loop
      vertex 69 0 0
      vertex 57.9763 17.624 0
      vertex 57.9941 17.8116 0
    endloop
  endfacet
  facet normal 0 0 -1
    outer loop
      vertex 57.1869 -15.9464 0
      vertex 65.1037 -15.1752 0
      vertex 57.3115 -16.0877 0
    endloop
  endfacet
  facet normal 0 0 -1
    outer loop
      vertex 69 0 0
      vertex 57.9469 17.4379 0
      vertex 57.9763 17.624 0
    endloop
  endfacet
  facet normal 0 0 -1
    outer loop
      vertex 57.0536 -15.8131 0
      vertex 65.1037 -15.1752 0
      vertex 57.1869 -15.9464 0
    endloop
  endfacet
  facet normal 0 0 -1
    outer loop
      vertex 69 0 0
      vertex 57.9058 17.2539 0
      vertex 57.9469 17.4379 0
    endloop
  endfacet
  facet normal -0 0 -1
    outer loop
      vertex 65.1037 -15.1752 0
      vertex 57.0536 -15.8131 0
      vertex 66.0021 -13.412 0
    endloop
  endfacet
  facet normal 0 0 -1
    outer loop
      vertex 69 0 0
      vertex 57.8532 17.0729 0
      vertex 57.9058 17.2539 0
    endloop
  endfacet
  facet normal 0 0 -1
    outer loop
      vertex 56.9123 -15.6885 0
      vertex 66.0021 -13.412 0
      vertex 57.0536 -15.8131 0
    endloop
  endfacet
  facet normal 0 0 -1
    outer loop
      vertex 69 0 0
      vertex 57.7893 16.8956 0
      vertex 57.8532 17.0729 0
    endloop
  endfacet
  facet normal 0 0 -1
    outer loop
      vertex 56.7634 -15.5729 0
      vertex 66.0021 -13.412 0
      vertex 56.9123 -15.6885 0
    endloop
  endfacet
  facet normal 0 0 -1
    outer loop
      vertex 54.4665 1.06744 0
      vertex 69 0 0
      vertex 54.5 0 0
    endloop
  endfacet
  facet normal 0 0 -1
    outer loop
      vertex 56.6075 -15.467 0
      vertex 66.0021 -13.412 0
      vertex 56.7634 -15.5729 0
    endloop
  endfacet
  facet normal 0 0 -1
    outer loop
      vertex 69 0 0
      vertex 57.7145 16.7227 0
      vertex 57.7893 16.8956 0
    endloop
  endfacet
  facet normal -0 0 -1
    outer loop
      vertex 66.0021 -13.412 0
      vertex 56.6075 -15.467 0
      vertex 66.788 -11.5959 0
    endloop
  endfacet
  facet normal 0 0 -1
    outer loop
      vertex 54.366 2.13066 0
      vertex 69 0 0
      vertex 54.4665 1.06744 0
    endloop
  endfacet
  facet normal 0 0 -1
    outer loop
      vertex 56.4453 -15.3711 0
      vertex 66.788 -11.5959 0
      vertex 56.6075 -15.467 0
    endloop
  endfacet
  facet normal 0 0 -1
    outer loop
      vertex 69 0 0
      vertex 57.6289 16.5547 0
      vertex 57.7145 16.7227 0
    endloop
  endfacet
  facet normal 0 0 -1
    outer loop
      vertex 53.3062 -6.25812 0
      vertex 66.788 -11.5959 0
      vertex 56.4453 -15.3711 0
    endloop
  endfacet
  facet normal 0 0 -1
    outer loop
      vertex 54.1989 3.18548 0
      vertex 69 0 0
      vertex 54.366 2.13066 0
    endloop
  endfacet
  facet normal 0 -0 -1
    outer loop
      vertex 53.668 -5.25329 0
      vertex 67.4583 -9.73403 0
      vertex 53.3062 -6.25812 0
    endloop
  endfacet
  facet normal 0 0 -1
    outer loop
      vertex 69 0 0
      vertex 57.533 16.3925 0
      vertex 57.6289 16.5547 0
    endloop
  endfacet
  facet normal 0 0 -1
    outer loop
      vertex 68.0104 -7.83373 0
      vertex 53.9659 -4.22773 0
      vertex 68.442 -5.90251 0
    endloop
  endfacet
  facet normal 0 0 -1
    outer loop
      vertex 69 0 0
      vertex 57.4271 16.2366 0
      vertex 57.533 16.3925 0
    endloop
  endfacet
  facet normal 0 0 -1
    outer loop
      vertex 68.442 -5.90251 0
      vertex 54.1989 -3.18548 0
      vertex 68.7516 -3.948 0
    endloop
  endfacet
  facet normal 0 0 -1
    outer loop
      vertex 53.9659 4.22773 0
      vertex 69 0 0
      vertex 54.1989 3.18548 0
    endloop
  endfacet
  facet normal 0 -0 -1
    outer loop
      vertex 54.1989 -3.18548 0
      vertex 68.442 -5.90251 0
      vertex 53.9659 -4.22773 0
    endloop
  endfacet
  facet normal 0 0 -1
    outer loop
      vertex 69 0 0
      vertex 57.3115 16.0877 0
      vertex 57.4271 16.2366 0
    endloop
  endfacet
  facet normal 0 0 -1
    outer loop
      vertex 67.4583 -9.73403 0
      vertex 53.668 -5.25329 0
      vertex 68.0104 -7.83373 0
    endloop
  endfacet
  facet normal 0 0 -1
    outer loop
      vertex 69 0 0
      vertex 57.1869 15.9464 0
      vertex 57.3115 16.0877 0
    endloop
  endfacet
  facet normal 0 0 -1
    outer loop
      vertex 66.788 -11.5959 0
      vertex 53.3062 -6.25812 0
      vertex 67.4583 -9.73403 0
    endloop
  endfacet
  facet normal 0 0 -1
    outer loop
      vertex 53.668 5.25329 0
      vertex 69 0 0
      vertex 53.9659 4.22773 0
    endloop
  endfacet
  facet normal 0 0 -1
    outer loop
      vertex 53.3062 -6.25812 0
      vertex 56.4453 -15.3711 0
      vertex 56.2773 -15.2855 0
    endloop
  endfacet
  facet normal 0 0 -1
    outer loop
      vertex 69 0 0
      vertex 57.0536 15.8131 0
      vertex 57.1869 15.9464 0
    endloop
  endfacet
  facet normal 0 0 -1
    outer loop
      vertex 52.8821 -7.23825 0
      vertex 56.2773 -15.2855 0
      vertex 56.1044 -15.2107 0
    endloop
  endfacet
  facet normal 0 0 -1
    outer loop
      vertex 69 0 0
      vertex 56.9123 15.6885 0
      vertex 57.0536 15.8131 0
    endloop
  endfacet
  facet normal 0 0 -1
    outer loop
      vertex 52.8821 -7.23825 0
      vertex 56.1044 -15.2107 0
      vertex 55.9271 -15.1468 0
    endloop
  endfacet
  facet normal 0 0 -1
    outer loop
      vertex 69 0 0
      vertex 53.668 5.25329 0
      vertex 56.9123 15.6885 0
    endloop
  endfacet
  facet normal 0 0 -1
    outer loop
      vertex 52.8821 -7.23825 0
      vertex 55.9271 -15.1468 0
      vertex 55.7461 -15.0943 0
    endloop
  endfacet
  facet normal 0 0 -1
    outer loop
      vertex 56.9123 15.6885 0
      vertex 53.668 5.25329 0
      vertex 56.7634 15.5729 0
    endloop
  endfacet
  facet normal 0 0 -1
    outer loop
      vertex 52.3972 -8.18981 0
      vertex 55.7461 -15.0943 0
      vertex 55.5621 -15.0531 0
    endloop
  endfacet
  facet normal 0 0 -1
    outer loop
      vertex 56.7634 15.5729 0
      vertex 53.668 5.25329 0
      vertex 56.6075 15.467 0
    endloop
  endfacet
  facet normal 0 0 -1
    outer loop
      vertex 52.3972 -8.18981 0
      vertex 55.5621 -15.0531 0
      vertex 55.376 -15.0237 0
    endloop
  endfacet
  facet normal 0 0 -1
    outer loop
      vertex 53.3062 6.25812 0
      vertex 56.6075 15.467 0
      vertex 53.668 5.25329 0
    endloop
  endfacet
  facet normal 0 0 -1
    outer loop
      vertex 51.8536 -9.10905 0
      vertex 55.376 -15.0237 0
      vertex 55.1884 -15.0059 0
    endloop
  endfacet
  facet normal 0 0 -1
    outer loop
      vertex 56.6075 15.467 0
      vertex 53.3062 6.25812 0
      vertex 56.4453 15.3711 0
    endloop
  endfacet
  facet normal 0 0 -1
    outer loop
      vertex 51.8536 -9.10905 0
      vertex 55.1884 -15.0059 0
      vertex 55 -15 0
    endloop
  endfacet
  facet normal 0 0 -1
    outer loop
      vertex 56.4453 15.3711 0
      vertex 53.3062 6.25812 0
      vertex 56.2773 15.2855 0
    endloop
  endfacet
  facet normal 0 0 -1
    outer loop
      vertex 51.8536 -9.10905 0
      vertex 55 -15 0
      vertex 54.8116 -15.0059 0
    endloop
  endfacet
  facet normal 0 0 -1
    outer loop
      vertex 52.8821 7.23825 0
      vertex 56.2773 15.2855 0
      vertex 53.3062 6.25812 0
    endloop
  endfacet
  facet normal 0 0 -1
    outer loop
      vertex 51.2533 -9.99235 0
      vertex 54.8116 -15.0059 0
      vertex 54.624 -15.0237 0
    endloop
  endfacet
  facet normal 0 0 -1
    outer loop
      vertex 56.2773 15.2855 0
      vertex 52.8821 7.23825 0
      vertex 56.1044 15.2107 0
    endloop
  endfacet
  facet normal 0 0 -1
    outer loop
      vertex 56.1044 15.2107 0
      vertex 52.8821 7.23825 0
      vertex 55.9271 15.1468 0
    endloop
  endfacet
  facet normal -0 0 -1
    outer loop
      vertex 69 0 0
      vertex 54.4665 -1.06744 0
      vertex 54.5 0 0
    endloop
  endfacet
  facet normal 0 0 -1
    outer loop
      vertex 51.2533 -9.99235 0
      vertex 54.624 -15.0237 0
      vertex 54.4379 -15.0531 0
    endloop
  endfacet
  facet normal 0 0 -1
    outer loop
      vertex 68.9378 -1.9779 0
      vertex 54.4665 -1.06744 0
      vertex 69 0 0
    endloop
  endfacet
  facet normal 0 0 -1
    outer loop
      vertex 51.2533 -9.99235 0
      vertex 54.4379 -15.0531 0
      vertex 54.2539 -15.0943 0
    endloop
  endfacet
  facet normal 0 -0 -1
    outer loop
      vertex 54.4665 -1.06744 0
      vertex 68.9378 -1.9779 0
      vertex 54.366 -2.13066 0
    endloop
  endfacet
  facet normal 0 0 -1
    outer loop
      vertex 51.2533 -9.99235 0
      vertex 54.2539 -15.0943 0
      vertex 54.0729 -15.1468 0
    endloop
  endfacet
  facet normal 0 0 -1
    outer loop
      vertex 68.7516 -3.948 0
      vertex 54.366 -2.13066 0
      vertex 68.9378 -1.9779 0
    endloop
  endfacet
  facet normal 0 0 -1
    outer loop
      vertex 50.5987 -10.8362 0
      vertex 54.0729 -15.1468 0
      vertex 53.8956 -15.2107 0
    endloop
  endfacet
  facet normal 0 0 -1
    outer loop
      vertex 50.5987 -10.8362 0
      vertex 53.8956 -15.2107 0
      vertex 53.7227 -15.2855 0
    endloop
  endfacet
  facet normal 0 -0 -1
    outer loop
      vertex 54.366 -2.13066 0
      vertex 68.7516 -3.948 0
      vertex 54.1989 -3.18548 0
    endloop
  endfacet
  facet normal 0 0 -1
    outer loop
      vertex 50.5987 -10.8362 0
      vertex 53.7227 -15.2855 0
      vertex 53.5547 -15.3711 0
    endloop
  endfacet
  facet normal 0 0 -1
    outer loop
      vertex 49.8925 -11.6373 0
      vertex 53.5547 -15.3711 0
      vertex 53.3925 -15.467 0
    endloop
  endfacet
  facet normal 0 -0 -1
    outer loop
      vertex 53.9659 -4.22773 0
      vertex 68.0104 -7.83373 0
      vertex 53.668 -5.25329 0
    endloop
  endfacet
  facet normal 0 0 -1
    outer loop
      vertex 49.8925 -11.6373 0
      vertex 53.3925 -15.467 0
      vertex 53.2366 -15.5729 0
    endloop
  endfacet
  facet normal 0 0 -1
    outer loop
      vertex 49.8925 -11.6373 0
      vertex 53.2366 -15.5729 0
      vertex 53.0877 -15.6885 0
    endloop
  endfacet
  facet normal 0 0 -1
    outer loop
      vertex 49.8925 -11.6373 0
      vertex 53.0877 -15.6885 0
      vertex 52.9464 -15.8131 0
    endloop
  endfacet
  facet normal 0 0 -1
    outer loop
      vertex 56.2773 -15.2855 0
      vertex 52.8821 -7.23825 0
      vertex 53.3062 -6.25812 0
    endloop
  endfacet
  facet normal 0 0 -1
    outer loop
      vertex 49.1373 -12.3925 0
      vertex 52.9464 -15.8131 0
      vertex 52.8131 -15.9464 0
    endloop
  endfacet
  facet normal 0 0 -1
    outer loop
      vertex 49.1373 -12.3925 0
      vertex 52.8131 -15.9464 0
      vertex 52.6885 -16.0877 0
    endloop
  endfacet
  facet normal 0 0 -1
    outer loop
      vertex 49.1373 -12.3925 0
      vertex 52.6885 -16.0877 0
      vertex 52.5729 -16.2366 0
    endloop
  endfacet
  facet normal 0 0 -1
    outer loop
      vertex 48.3362 -13.0987 0
      vertex 52.5729 -16.2366 0
      vertex 52.467 -16.3925 0
    endloop
  endfacet
  facet normal 0 0 -1
    outer loop
      vertex 55.7461 -15.0943 0
      vertex 52.3972 -8.18981 0
      vertex 52.8821 -7.23825 0
    endloop
  endfacet
  facet normal 0 0 -1
    outer loop
      vertex 48.3362 -13.0987 0
      vertex 52.467 -16.3925 0
      vertex 52.3711 -16.5547 0
    endloop
  endfacet
  facet normal 0 0 -1
    outer loop
      vertex 48.3362 -13.0987 0
      vertex 52.3711 -16.5547 0
      vertex 52.2855 -16.7227 0
    endloop
  endfacet
  facet normal 0 0 -1
    outer loop
      vertex 47.4923 -13.7533 0
      vertex 52.2855 -16.7227 0
      vertex 52.2107 -16.8956 0
    endloop
  endfacet
  facet normal 0 0 -1
    outer loop
      vertex 47.4923 -13.7533 0
      vertex 52.2107 -16.8956 0
      vertex 52.1468 -17.0729 0
    endloop
  endfacet
  facet normal 0 0 -1
    outer loop
      vertex 47.4923 -13.7533 0
      vertex 52.1468 -17.0729 0
      vertex 52.0942 -17.2539 0
    endloop
  endfacet
  facet normal 0 0 -1
    outer loop
      vertex 47.4923 -13.7533 0
      vertex 52.0942 -17.2539 0
      vertex 52.0531 -17.4379 0
    endloop
  endfacet
  facet normal 0 0 -1
    outer loop
      vertex 46.6091 -14.3536 0
      vertex 52.0531 -17.4379 0
      vertex 52.0237 -17.624 0
    endloop
  endfacet
  facet normal 0 0 -1
    outer loop
      vertex 46.6091 -14.3536 0
      vertex 52.0237 -17.624 0
      vertex 52.0059 -17.8116 0
    endloop
  endfacet
  facet normal 0 0 -1
    outer loop
      vertex 55.376 -15.0237 0
      vertex 51.8536 -9.10905 0
      vertex 52.3972 -8.18981 0
    endloop
  endfacet
  facet normal 0 0 -1
    outer loop
      vertex 46.6091 -14.3536 0
      vertex 52.0059 -17.8116 0
      vertex 52 -18 0
    endloop
  endfacet
  facet normal 0 0 -1
    outer loop
      vertex 57.533 -16.3925 0
      vertex 64.0963 -16.8785 0
      vertex 57.6289 -16.5547 0
    endloop
  endfacet
  facet normal 0 0 -1
    outer loop
      vertex 57.6289 -16.5547 0
      vertex 64.0963 -16.8785 0
      vertex 57.7145 -16.7227 0
    endloop
  endfacet
  facet normal 0 0 -1
    outer loop
      vertex 64.0963 -16.8785 0
      vertex 57.533 -16.3925 0
      vertex 65.1037 -15.1752 0
    endloop
  endfacet
  facet normal 0 0 -1
    outer loop
      vertex 57.7145 -16.7227 0
      vertex 64.0963 -16.8785 0
      vertex 57.7893 -16.8956 0
    endloop
  endfacet
  facet normal 0 0 -1
    outer loop
      vertex 69 0 0
      vertex 58 18 0
      vertex 68.9378 1.9779 0
    endloop
  endfacet
  facet normal 0 0 -1
    outer loop
      vertex 57.7893 -16.8956 0
      vertex 64.0963 -16.8785 0
      vertex 57.8532 -17.0729 0
    endloop
  endfacet
  facet normal 0 0 -1
    outer loop
      vertex 68.9378 1.9779 0
      vertex 58 18 0
      vertex 68.7516 3.948 0
    endloop
  endfacet
  facet normal 0 0 -1
    outer loop
      vertex 62.984 -18.5152 0
      vertex 57.8532 -17.0729 0
      vertex 64.0963 -16.8785 0
    endloop
  endfacet
  facet normal 0 0 -1
    outer loop
      vertex 68.7516 3.948 0
      vertex 58 18 0
      vertex 68.442 5.90251 0
    endloop
  endfacet
  facet normal 0 0 -1
    outer loop
      vertex 57.8532 -17.0729 0
      vertex 62.984 -18.5152 0
      vertex 57.9058 -17.2539 0
    endloop
  endfacet
  facet normal 0 0 -1
    outer loop
      vertex 68.442 5.90251 0
      vertex 58 18 0
      vertex 68.0104 7.83373 0
    endloop
  endfacet
  facet normal 0 0 -1
    outer loop
      vertex 57.9058 -17.2539 0
      vertex 62.984 -18.5152 0
      vertex 57.9469 -17.4379 0
    endloop
  endfacet
  facet normal 0 0 -1
    outer loop
      vertex 68.0104 7.83373 0
      vertex 58 18 0
      vertex 67.4583 9.73403 0
    endloop
  endfacet
  facet normal 0 0 -1
    outer loop
      vertex 57.9469 -17.4379 0
      vertex 62.984 -18.5152 0
      vertex 57.9763 -17.624 0
    endloop
  endfacet
  facet normal 0 0 -1
    outer loop
      vertex 67.4583 9.73403 0
      vertex 58 18 0
      vertex 66.788 11.5959 0
    endloop
  endfacet
  facet normal 0 0 -1
    outer loop
      vertex 57.9763 -17.624 0
      vertex 62.984 -18.5152 0
      vertex 57.9941 -17.8116 0
    endloop
  endfacet
  facet normal 0 0 -1
    outer loop
      vertex 66.788 11.5959 0
      vertex 58 18 0
      vertex 66.0021 13.412 0
    endloop
  endfacet
  facet normal 0 0 -1
    outer loop
      vertex 57.9941 -17.8116 0
      vertex 62.984 -18.5152 0
      vertex 58 -18 0
    endloop
  endfacet
  facet normal 0 0 -1
    outer loop
      vertex 66.0021 13.412 0
      vertex 58 18 0
      vertex 65.1037 15.1752 0
    endloop
  endfacet
  facet normal 0 0 -1
    outer loop
      vertex 58 -18 0
      vertex 62.984 -18.5152 0
      vertex 61.7712 -20.0789 0
    endloop
  endfacet
  facet normal 0 0 -1
    outer loop
      vertex 65.1037 15.1752 0
      vertex 58 18 0
      vertex 64.0963 16.8785 0
    endloop
  endfacet
  facet normal 0 0 -1
    outer loop
      vertex 57.8532 -18.9271 0
      vertex 61.7712 -20.0789 0
      vertex 60.4625 -21.5632 0
    endloop
  endfacet
  facet normal 0 0 -1
    outer loop
      vertex 64.0963 16.8785 0
      vertex 58 18 0
      vertex 62.984 18.5152 0
    endloop
  endfacet
  facet normal 0 0 -1
    outer loop
      vertex 57.3115 -19.9123 0
      vertex 60.4625 -21.5632 0
      vertex 59.0632 -22.9625 0
    endloop
  endfacet
  facet normal -0 0 -1
    outer loop
      vertex 62.984 18.5152 0
      vertex 58 18 0
      vertex 61.7712 20.0789 0
    endloop
  endfacet
  facet normal 0 0 -1
    outer loop
      vertex 57.9941 18.1884 0
      vertex 61.7712 20.0789 0
      vertex 58 18 0
    endloop
  endfacet
  facet normal 0 0 -1
    outer loop
      vertex 61.7712 -20.0789 0
      vertex 57.9941 -18.1884 0
      vertex 58 -18 0
    endloop
  endfacet
  facet normal 0 0 -1
    outer loop
      vertex 61.7712 -20.0789 0
      vertex 57.9763 -18.376 0
      vertex 57.9941 -18.1884 0
    endloop
  endfacet
  facet normal 0 0 -1
    outer loop
      vertex 61.7712 -20.0789 0
      vertex 57.9469 -18.5621 0
      vertex 57.9763 -18.376 0
    endloop
  endfacet
  facet normal 0 0 -1
    outer loop
      vertex 61.7712 -20.0789 0
      vertex 57.9058 -18.7461 0
      vertex 57.9469 -18.5621 0
    endloop
  endfacet
  facet normal 0 0 -1
    outer loop
      vertex 61.7712 -20.0789 0
      vertex 57.8532 -18.9271 0
      vertex 57.9058 -18.7461 0
    endloop
  endfacet
  facet normal 0 0 -1
    outer loop
      vertex 60.4625 -21.5632 0
      vertex 57.7893 -19.1044 0
      vertex 57.8532 -18.9271 0
    endloop
  endfacet
  facet normal 0 0 -1
    outer loop
      vertex 60.4625 -21.5632 0
      vertex 57.7145 -19.2773 0
      vertex 57.7893 -19.1044 0
    endloop
  endfacet
  facet normal 0 0 -1
    outer loop
      vertex 60.4625 -21.5632 0
      vertex 57.6289 -19.4453 0
      vertex 57.7145 -19.2773 0
    endloop
  endfacet
  facet normal 0 0 -1
    outer loop
      vertex 56.4453 -20.6289 0
      vertex 59.0632 -22.9625 0
      vertex 57.5789 -24.2712 0
    endloop
  endfacet
  facet normal 0 0 -1
    outer loop
      vertex 60.4625 -21.5632 0
      vertex 57.533 -19.6075 0
      vertex 57.6289 -19.4453 0
    endloop
  endfacet
  facet normal 0 0 -1
    outer loop
      vertex 60.4625 -21.5632 0
      vertex 57.4271 -19.7634 0
      vertex 57.533 -19.6075 0
    endloop
  endfacet
  facet normal 0 0 -1
    outer loop
      vertex 60.4625 -21.5632 0
      vertex 57.3115 -19.9123 0
      vertex 57.4271 -19.7634 0
    endloop
  endfacet
  facet normal 0 0 -1
    outer loop
      vertex 59.0632 -22.9625 0
      vertex 57.1869 -20.0536 0
      vertex 57.3115 -19.9123 0
    endloop
  endfacet
  facet normal 0 0 -1
    outer loop
      vertex 59.0632 -22.9625 0
      vertex 57.0536 -20.1869 0
      vertex 57.1869 -20.0536 0
    endloop
  endfacet
  facet normal 0 0 -1
    outer loop
      vertex 59.0632 -22.9625 0
      vertex 56.9123 -20.3115 0
      vertex 57.0536 -20.1869 0
    endloop
  endfacet
  facet normal 0 0 -1
    outer loop
      vertex 59.0632 -22.9625 0
      vertex 56.7634 -20.4271 0
      vertex 56.9123 -20.3115 0
    endloop
  endfacet
  facet normal 0 0 -1
    outer loop
      vertex 59.0632 -22.9625 0
      vertex 56.6075 -20.533 0
      vertex 56.7634 -20.4271 0
    endloop
  endfacet
  facet normal 0 0 -1
    outer loop
      vertex 59.0632 -22.9625 0
      vertex 56.4453 -20.6289 0
      vertex 56.6075 -20.533 0
    endloop
  endfacet
  facet normal 0 0 -1
    outer loop
      vertex 57.5789 -24.2712 0
      vertex 56.2773 -20.7145 0
      vertex 56.4453 -20.6289 0
    endloop
  endfacet
  facet normal 0 0 -1
    outer loop
      vertex 57.5789 -24.2712 0
      vertex 56.1044 -20.7893 0
      vertex 56.2773 -20.7145 0
    endloop
  endfacet
  facet normal 0 0 -1
    outer loop
      vertex 55.376 -20.9763 0
      vertex 57.5789 -24.2712 0
      vertex 56.0152 -25.484 0
    endloop
  endfacet
  facet normal 0 0 -1
    outer loop
      vertex 57.5789 -24.2712 0
      vertex 55.9271 -20.8532 0
      vertex 56.1044 -20.7893 0
    endloop
  endfacet
  facet normal 0 0 -1
    outer loop
      vertex 57.5789 -24.2712 0
      vertex 55.7461 -20.9058 0
      vertex 55.9271 -20.8532 0
    endloop
  endfacet
  facet normal 0 0 -1
    outer loop
      vertex 57.5789 -24.2712 0
      vertex 55.5621 -20.9469 0
      vertex 55.7461 -20.9058 0
    endloop
  endfacet
  facet normal 0 0 -1
    outer loop
      vertex 57.5789 -24.2712 0
      vertex 55.376 -20.9763 0
      vertex 55.5621 -20.9469 0
    endloop
  endfacet
  facet normal 0 0 -1
    outer loop
      vertex 56.0152 -25.484 0
      vertex 55.1884 -20.9941 0
      vertex 55.376 -20.9763 0
    endloop
  endfacet
  facet normal 0 0 -1
    outer loop
      vertex 56.0152 -25.484 0
      vertex 55 -21 0
      vertex 55.1884 -20.9941 0
    endloop
  endfacet
  facet normal 0 0 -1
    outer loop
      vertex 56.0152 -25.484 0
      vertex 54.8116 -20.9941 0
      vertex 55 -21 0
    endloop
  endfacet
  facet normal 0 0 -1
    outer loop
      vertex 56.0152 -25.484 0
      vertex 54.624 -20.9763 0
      vertex 54.8116 -20.9941 0
    endloop
  endfacet
  facet normal 0 0 -1
    outer loop
      vertex 56.0152 -25.484 0
      vertex 54.4379 -20.9469 0
      vertex 54.624 -20.9763 0
    endloop
  endfacet
  facet normal 0 0 -1
    outer loop
      vertex 54.2539 -20.9058 0
      vertex 56.0152 -25.484 0
      vertex 54.3785 -26.5963 0
    endloop
  endfacet
  facet normal 0 0 -1
    outer loop
      vertex 56.0152 -25.484 0
      vertex 54.2539 -20.9058 0
      vertex 54.4379 -20.9469 0
    endloop
  endfacet
  facet normal 0 0 -1
    outer loop
      vertex 54.3785 -26.5963 0
      vertex 54.0729 -20.8532 0
      vertex 54.2539 -20.9058 0
    endloop
  endfacet
  facet normal 0 0 -1
    outer loop
      vertex 54.3785 -26.5963 0
      vertex 53.8956 -20.7893 0
      vertex 54.0729 -20.8532 0
    endloop
  endfacet
  facet normal 0 0 -1
    outer loop
      vertex 54.3785 -26.5963 0
      vertex 53.7227 -20.7145 0
      vertex 53.8956 -20.7893 0
    endloop
  endfacet
  facet normal 0 0 -1
    outer loop
      vertex 54.3785 -26.5963 0
      vertex 53.5547 -20.6289 0
      vertex 53.7227 -20.7145 0
    endloop
  endfacet
  facet normal 0 0 -1
    outer loop
      vertex 52.6752 -27.6037 0
      vertex 53.5547 -20.6289 0
      vertex 54.3785 -26.5963 0
    endloop
  endfacet
  facet normal -0 0 -1
    outer loop
      vertex 53.5547 -20.6289 0
      vertex 52.6752 -27.6037 0
      vertex 53.3925 -20.533 0
    endloop
  endfacet
  facet normal -0 0 -1
    outer loop
      vertex 53.3925 -20.533 0
      vertex 52.6752 -27.6037 0
      vertex 53.2366 -20.4271 0
    endloop
  endfacet
  facet normal -0 0 -1
    outer loop
      vertex 53.2366 -20.4271 0
      vertex 52.6752 -27.6037 0
      vertex 53.0877 -20.3115 0
    endloop
  endfacet
  facet normal -0 0 -1
    outer loop
      vertex 53.0877 -20.3115 0
      vertex 52.6752 -27.6037 0
      vertex 52.9464 -20.1869 0
    endloop
  endfacet
  facet normal 0 0 -1
    outer loop
      vertex 50.912 -28.5021 0
      vertex 52.9464 -20.1869 0
      vertex 52.6752 -27.6037 0
    endloop
  endfacet
  facet normal -0 0 -1
    outer loop
      vertex 52.9464 -20.1869 0
      vertex 50.912 -28.5021 0
      vertex 52.8131 -20.0536 0
    endloop
  endfacet
  facet normal -0 0 -1
    outer loop
      vertex 52.8131 -20.0536 0
      vertex 50.912 -28.5021 0
      vertex 52.6885 -19.9123 0
    endloop
  endfacet
  facet normal -0 0 -1
    outer loop
      vertex 52.6885 -19.9123 0
      vertex 50.912 -28.5021 0
      vertex 52.5729 -19.7634 0
    endloop
  endfacet
  facet normal 0 0 -1
    outer loop
      vertex 49.0959 -29.288 0
      vertex 52.5729 -19.7634 0
      vertex 50.912 -28.5021 0
    endloop
  endfacet
  facet normal -0 0 -1
    outer loop
      vertex 52.5729 -19.7634 0
      vertex 49.0959 -29.288 0
      vertex 52.467 -19.6075 0
    endloop
  endfacet
  facet normal -0 0 -1
    outer loop
      vertex 52.467 -19.6075 0
      vertex 49.0959 -29.288 0
      vertex 52.3711 -19.4453 0
    endloop
  endfacet
  facet normal 0 0 -1
    outer loop
      vertex 43.7581 -15.8062 0
      vertex 52.3711 -19.4453 0
      vertex 49.0959 -29.288 0
    endloop
  endfacet
  facet normal 0 0 -1
    outer loop
      vertex 52.3711 -19.4453 0
      vertex 43.7581 -15.8062 0
      vertex 52.2855 -19.2773 0
    endloop
  endfacet
  facet normal 0 0 -1
    outer loop
      vertex 52.2855 -19.2773 0
      vertex 43.7581 -15.8062 0
      vertex 52.2107 -19.1044 0
    endloop
  endfacet
  facet normal 0 0 -1
    outer loop
      vertex 52.2107 -19.1044 0
      vertex 43.7581 -15.8062 0
      vertex 52.1468 -18.9271 0
    endloop
  endfacet
  facet normal 0 -0 -1
    outer loop
      vertex 44.7382 -15.3821 0
      vertex 52.1468 -18.9271 0
      vertex 43.7581 -15.8062 0
    endloop
  endfacet
  facet normal 0 0 -1
    outer loop
      vertex 54.8116 -15.0059 0
      vertex 51.2533 -9.99235 0
      vertex 51.8536 -9.10905 0
    endloop
  endfacet
  facet normal 0 0 -1
    outer loop
      vertex 45.6898 -14.8972 0
      vertex 52 -18 0
      vertex 52.0059 -18.1884 0
    endloop
  endfacet
  facet normal 0 0 -1
    outer loop
      vertex 52.1468 -18.9271 0
      vertex 44.7382 -15.3821 0
      vertex 52.0942 -18.7461 0
    endloop
  endfacet
  facet normal 0 0 -1
    outer loop
      vertex 52.0942 -18.7461 0
      vertex 44.7382 -15.3821 0
      vertex 52.0531 -18.5621 0
    endloop
  endfacet
  facet normal 0 0 -1
    outer loop
      vertex 54.0729 -15.1468 0
      vertex 50.5987 -10.8362 0
      vertex 51.2533 -9.99235 0
    endloop
  endfacet
  facet normal 0 0 -1
    outer loop
      vertex 53.5547 -15.3711 0
      vertex 49.8925 -11.6373 0
      vertex 50.5987 -10.8362 0
    endloop
  endfacet
  facet normal 0 0 -1
    outer loop
      vertex 52.9464 -15.8131 0
      vertex 49.1373 -12.3925 0
      vertex 49.8925 -11.6373 0
    endloop
  endfacet
  facet normal 0 -0 -1
    outer loop
      vertex 45.6898 -14.8972 0
      vertex 52.0531 -18.5621 0
      vertex 44.7382 -15.3821 0
    endloop
  endfacet
  facet normal 0 0 -1
    outer loop
      vertex 52.5729 -16.2366 0
      vertex 48.3362 -13.0987 0
      vertex 49.1373 -12.3925 0
    endloop
  endfacet
  facet normal 0 0 -1
    outer loop
      vertex 52.2855 -16.7227 0
      vertex 47.4923 -13.7533 0
      vertex 48.3362 -13.0987 0
    endloop
  endfacet
  facet normal 0 0 -1
    outer loop
      vertex 43.7581 -15.8062 0
      vertex 49.0959 -29.288 0
      vertex 47.234 -29.9583 0
    endloop
  endfacet
  facet normal 0 0 -1
    outer loop
      vertex 52.0531 -17.4379 0
      vertex 46.6091 -14.3536 0
      vertex 47.4923 -13.7533 0
    endloop
  endfacet
  facet normal 0 0 -1
    outer loop
      vertex 52 -18 0
      vertex 45.6898 -14.8972 0
      vertex 46.6091 -14.3536 0
    endloop
  endfacet
  facet normal 0 0 -1
    outer loop
      vertex 42.7533 -16.168 0
      vertex 47.234 -29.9583 0
      vertex 45.3337 -30.5104 0
    endloop
  endfacet
  facet normal 0 0 -1
    outer loop
      vertex 52.0237 -18.376 0
      vertex 45.6898 -14.8972 0
      vertex 52.0059 -18.1884 0
    endloop
  endfacet
  facet normal 0 0 -1
    outer loop
      vertex 52.0531 -18.5621 0
      vertex 45.6898 -14.8972 0
      vertex 52.0237 -18.376 0
    endloop
  endfacet
  facet normal 0 0 -1
    outer loop
      vertex 41.7277 -16.4659 0
      vertex 45.3337 -30.5104 0
      vertex 43.4025 -30.942 0
    endloop
  endfacet
  facet normal 0 0 -1
    outer loop
      vertex 47.234 -29.9583 0
      vertex 42.7533 -16.168 0
      vertex 43.7581 -15.8062 0
    endloop
  endfacet
  facet normal 0 0 -1
    outer loop
      vertex 45.3337 -30.5104 0
      vertex 41.7277 -16.4659 0
      vertex 42.7533 -16.168 0
    endloop
  endfacet
  facet normal 0 0 -1
    outer loop
      vertex 40.6855 -16.6989 0
      vertex 43.4025 -30.942 0
      vertex 41.448 -31.2516 0
    endloop
  endfacet
  facet normal 0 0 -1
    outer loop
      vertex 43.4025 -30.942 0
      vertex 40.6855 -16.6989 0
      vertex 41.7277 -16.4659 0
    endloop
  endfacet
  facet normal 0 0 -1
    outer loop
      vertex 41.448 -31.2516 0
      vertex 39.6307 -16.8659 0
      vertex 40.6855 -16.6989 0
    endloop
  endfacet
  facet normal 0 0 -1
    outer loop
      vertex 39.4779 -31.4378 0
      vertex 39.6307 -16.8659 0
      vertex 41.448 -31.2516 0
    endloop
  endfacet
  facet normal 0 0 -1
    outer loop
      vertex 39.4779 -31.4378 0
      vertex 38.5674 -16.9665 0
      vertex 39.6307 -16.8659 0
    endloop
  endfacet
  facet normal 0 0 -1
    outer loop
      vertex 37.5 -31.5 0
      vertex 38.5674 -16.9665 0
      vertex 39.4779 -31.4378 0
    endloop
  endfacet
  facet normal 0 0 -1
    outer loop
      vertex 37.5 -31.5 0
      vertex 37.5 -17 0
      vertex 38.5674 -16.9665 0
    endloop
  endfacet
  facet normal 0 0 -1
    outer loop
      vertex -37.5 -31.5 0
      vertex 37.5 -17 0
      vertex 37.5 -31.5 0
    endloop
  endfacet
  facet normal 0 0 -1
    outer loop
      vertex -37.5 -31.5 0
      vertex -37.5 -17 0
      vertex 37.5 -17 0
    endloop
  endfacet
  facet normal 0 0 -1
    outer loop
      vertex -37.5 -31.5 0
      vertex -38.5674 -16.9665 0
      vertex -37.5 -17 0
    endloop
  endfacet
  facet normal 0 0 -1
    outer loop
      vertex -39.4779 -31.4378 0
      vertex -38.5674 -16.9665 0
      vertex -37.5 -31.5 0
    endloop
  endfacet
  facet normal 0 0 -1
    outer loop
      vertex -39.4779 -31.4378 0
      vertex -39.6307 -16.8659 0
      vertex -38.5674 -16.9665 0
    endloop
  endfacet
  facet normal 0 0 -1
    outer loop
      vertex -41.448 -31.2516 0
      vertex -39.6307 -16.8659 0
      vertex -39.4779 -31.4378 0
    endloop
  endfacet
  facet normal -0 0 -1
    outer loop
      vertex -39.6307 -16.8659 0
      vertex -41.448 -31.2516 0
      vertex -40.6855 -16.6989 0
    endloop
  endfacet
  facet normal 0 0 -1
    outer loop
      vertex -43.4025 -30.942 0
      vertex -40.6855 -16.6989 0
      vertex -41.448 -31.2516 0
    endloop
  endfacet
  facet normal -0 0 -1
    outer loop
      vertex -40.6855 -16.6989 0
      vertex -43.4025 -30.942 0
      vertex -41.7277 -16.4659 0
    endloop
  endfacet
  facet normal 0 0 -1
    outer loop
      vertex -45.3337 -30.5104 0
      vertex -41.7277 -16.4659 0
      vertex -43.4025 -30.942 0
    endloop
  endfacet
  facet normal -0 0 -1
    outer loop
      vertex -41.7277 -16.4659 0
      vertex -45.3337 -30.5104 0
      vertex -42.7533 -16.168 0
    endloop
  endfacet
  facet normal 0 0 -1
    outer loop
      vertex -47.234 -29.9583 0
      vertex -42.7533 -16.168 0
      vertex -45.3337 -30.5104 0
    endloop
  endfacet
  facet normal -0 0 -1
    outer loop
      vertex -42.7533 -16.168 0
      vertex -47.234 -29.9583 0
      vertex -43.7581 -15.8062 0
    endloop
  endfacet
  facet normal 0 0 -1
    outer loop
      vertex -49.0959 -29.288 0
      vertex -43.7581 -15.8062 0
      vertex -47.234 -29.9583 0
    endloop
  endfacet
  facet normal 0 -0 -1
    outer loop
      vertex -52.2107 -19.1044 0
      vertex -43.7581 -15.8062 0
      vertex -52.2855 -19.2773 0
    endloop
  endfacet
  facet normal -0 0 -1
    outer loop
      vertex -43.7581 -15.8062 0
      vertex -52.2107 -19.1044 0
      vertex -44.7382 -15.3821 0
    endloop
  endfacet
  facet normal 0 -0 -1
    outer loop
      vertex -52.0942 -18.7461 0
      vertex -44.7382 -15.3821 0
      vertex -52.1468 -18.9271 0
    endloop
  endfacet
  facet normal -0 0 -1
    outer loop
      vertex -44.7382 -15.3821 0
      vertex -52.0531 -18.5621 0
      vertex -45.6898 -14.8972 0
    endloop
  endfacet
  facet normal 0 0 -1
    outer loop
      vertex -52.3711 -19.4453 0
      vertex -43.7581 -15.8062 0
      vertex -49.0959 -29.288 0
    endloop
  endfacet
  facet normal 0 -0 -1
    outer loop
      vertex -52.0059 -18.1884 0
      vertex -45.6898 -14.8972 0
      vertex -52.0237 -18.376 0
    endloop
  endfacet
  facet normal -0 0 -1
    outer loop
      vertex -45.6898 -14.8972 0
      vertex -52 -18 0
      vertex -46.6091 -14.3536 0
    endloop
  endfacet
  facet normal 0 0 -1
    outer loop
      vertex -52.0531 -17.4379 0
      vertex -46.6091 -14.3536 0
      vertex -52.0237 -17.624 0
    endloop
  endfacet
  facet normal 0 0 -1
    outer loop
      vertex -52.5729 -19.7634 0
      vertex -49.0959 -29.288 0
      vertex -50.912 -28.5021 0
    endloop
  endfacet
  facet normal -0 0 -1
    outer loop
      vertex -46.6091 -14.3536 0
      vertex -52.0531 -17.4379 0
      vertex -47.4923 -13.7533 0
    endloop
  endfacet
  facet normal 0 0 -1
    outer loop
      vertex -52.1468 -17.0729 0
      vertex -47.4923 -13.7533 0
      vertex -52.0942 -17.2539 0
    endloop
  endfacet
  facet normal 0 0 -1
    outer loop
      vertex -52.2107 -16.8956 0
      vertex -47.4923 -13.7533 0
      vertex -52.1468 -17.0729 0
    endloop
  endfacet
  facet normal 0 0 -1
    outer loop
      vertex -52.0942 -17.2539 0
      vertex -47.4923 -13.7533 0
      vertex -52.0531 -17.4379 0
    endloop
  endfacet
  facet normal 0 0 -1
    outer loop
      vertex -52.0237 -17.624 0
      vertex -46.6091 -14.3536 0
      vertex -52.0059 -17.8116 0
    endloop
  endfacet
  facet normal 0 0 -1
    outer loop
      vertex -52.0059 -17.8116 0
      vertex -46.6091 -14.3536 0
      vertex -52 -18 0
    endloop
  endfacet
  facet normal 0 -0 -1
    outer loop
      vertex -52 -18 0
      vertex -45.6898 -14.8972 0
      vertex -52.0059 -18.1884 0
    endloop
  endfacet
  facet normal 0 -0 -1
    outer loop
      vertex -52.0237 -18.376 0
      vertex -45.6898 -14.8972 0
      vertex -52.0531 -18.5621 0
    endloop
  endfacet
  facet normal 0 -0 -1
    outer loop
      vertex -52.0531 -18.5621 0
      vertex -44.7382 -15.3821 0
      vertex -52.0942 -18.7461 0
    endloop
  endfacet
  facet normal 0 -0 -1
    outer loop
      vertex -52.1468 -18.9271 0
      vertex -44.7382 -15.3821 0
      vertex -52.2107 -19.1044 0
    endloop
  endfacet
  facet normal 0 0 -1
    outer loop
      vertex -43.7581 -15.8062 0
      vertex -52.3711 -19.4453 0
      vertex -52.2855 -19.2773 0
    endloop
  endfacet
  facet normal 0 0 -1
    outer loop
      vertex -49.0959 -29.288 0
      vertex -52.467 -19.6075 0
      vertex -52.3711 -19.4453 0
    endloop
  endfacet
  facet normal 0 0 -1
    outer loop
      vertex -49.0959 -29.288 0
      vertex -52.5729 -19.7634 0
      vertex -52.467 -19.6075 0
    endloop
  endfacet
  facet normal 0 0 -1
    outer loop
      vertex -52.9464 -20.1869 0
      vertex -50.912 -28.5021 0
      vertex -52.6752 -27.6037 0
    endloop
  endfacet
  facet normal 0 0 -1
    outer loop
      vertex -50.912 -28.5021 0
      vertex -52.6885 -19.9123 0
      vertex -52.5729 -19.7634 0
    endloop
  endfacet
  facet normal 0 0 -1
    outer loop
      vertex -50.912 -28.5021 0
      vertex -52.8131 -20.0536 0
      vertex -52.6885 -19.9123 0
    endloop
  endfacet
  facet normal 0 0 -1
    outer loop
      vertex -50.912 -28.5021 0
      vertex -52.9464 -20.1869 0
      vertex -52.8131 -20.0536 0
    endloop
  endfacet
  facet normal 0 0 -1
    outer loop
      vertex -52.6752 -27.6037 0
      vertex -53.0877 -20.3115 0
      vertex -52.9464 -20.1869 0
    endloop
  endfacet
  facet normal 0 0 -1
    outer loop
      vertex -52.6752 -27.6037 0
      vertex -53.2366 -20.4271 0
      vertex -53.0877 -20.3115 0
    endloop
  endfacet
  facet normal 0 0 -1
    outer loop
      vertex -52.6752 -27.6037 0
      vertex -53.3925 -20.533 0
      vertex -53.2366 -20.4271 0
    endloop
  endfacet
  facet normal 0 0 -1
    outer loop
      vertex -52.6752 -27.6037 0
      vertex -53.5547 -20.6289 0
      vertex -53.3925 -20.533 0
    endloop
  endfacet
  facet normal 0 0 -1
    outer loop
      vertex -54.3785 -26.5963 0
      vertex -53.5547 -20.6289 0
      vertex -52.6752 -27.6037 0
    endloop
  endfacet
  facet normal 0 0 -1
    outer loop
      vertex -53.5547 -20.6289 0
      vertex -54.3785 -26.5963 0
      vertex -53.7227 -20.7145 0
    endloop
  endfacet
  facet normal 0 0 -1
    outer loop
      vertex -53.7227 -20.7145 0
      vertex -54.3785 -26.5963 0
      vertex -53.8956 -20.7893 0
    endloop
  endfacet
  facet normal 0 0 -1
    outer loop
      vertex -53.8956 -20.7893 0
      vertex -54.3785 -26.5963 0
      vertex -54.0729 -20.8532 0
    endloop
  endfacet
  facet normal 0 0 -1
    outer loop
      vertex -54.0729 -20.8532 0
      vertex -54.3785 -26.5963 0
      vertex -54.2539 -20.9058 0
    endloop
  endfacet
  facet normal 0 0 -1
    outer loop
      vertex -56.0152 -25.484 0
      vertex -54.2539 -20.9058 0
      vertex -54.3785 -26.5963 0
    endloop
  endfacet
  facet normal 0 0 -1
    outer loop
      vertex -54.2539 -20.9058 0
      vertex -56.0152 -25.484 0
      vertex -54.4379 -20.9469 0
    endloop
  endfacet
  facet normal 0 0 -1
    outer loop
      vertex -54.4379 -20.9469 0
      vertex -56.0152 -25.484 0
      vertex -54.624 -20.9763 0
    endloop
  endfacet
  facet normal 0 0 -1
    outer loop
      vertex -54.624 -20.9763 0
      vertex -56.0152 -25.484 0
      vertex -54.8116 -20.9941 0
    endloop
  endfacet
  facet normal 0 0 -1
    outer loop
      vertex -54.8116 -20.9941 0
      vertex -56.0152 -25.484 0
      vertex -55 -21 0
    endloop
  endfacet
  facet normal -0 0 -1
    outer loop
      vertex -55 -21 0
      vertex -56.0152 -25.484 0
      vertex -55.1884 -20.9941 0
    endloop
  endfacet
  facet normal -0 0 -1
    outer loop
      vertex -55.1884 -20.9941 0
      vertex -56.0152 -25.484 0
      vertex -55.376 -20.9763 0
    endloop
  endfacet
  facet normal 0 0 -1
    outer loop
      vertex -57.5789 -24.2712 0
      vertex -55.376 -20.9763 0
      vertex -56.0152 -25.484 0
    endloop
  endfacet
  facet normal -0 0 -1
    outer loop
      vertex -55.376 -20.9763 0
      vertex -57.5789 -24.2712 0
      vertex -55.5621 -20.9469 0
    endloop
  endfacet
  facet normal -0 0 -1
    outer loop
      vertex -55.5621 -20.9469 0
      vertex -57.5789 -24.2712 0
      vertex -55.7461 -20.9058 0
    endloop
  endfacet
  facet normal -0 0 -1
    outer loop
      vertex -55.7461 -20.9058 0
      vertex -57.5789 -24.2712 0
      vertex -55.9271 -20.8532 0
    endloop
  endfacet
  facet normal -0 0 -1
    outer loop
      vertex -55.9271 -20.8532 0
      vertex -57.5789 -24.2712 0
      vertex -56.1044 -20.7893 0
    endloop
  endfacet
  facet normal -0 0 -1
    outer loop
      vertex -56.1044 -20.7893 0
      vertex -57.5789 -24.2712 0
      vertex -56.2773 -20.7145 0
    endloop
  endfacet
  facet normal -0 0 -1
    outer loop
      vertex -56.2773 -20.7145 0
      vertex -57.5789 -24.2712 0
      vertex -56.4453 -20.6289 0
    endloop
  endfacet
  facet normal 0 0 -1
    outer loop
      vertex -59.0632 -22.9625 0
      vertex -56.4453 -20.6289 0
      vertex -57.5789 -24.2712 0
    endloop
  endfacet
  facet normal -0 0 -1
    outer loop
      vertex -56.4453 -20.6289 0
      vertex -59.0632 -22.9625 0
      vertex -56.6075 -20.533 0
    endloop
  endfacet
  facet normal -0 0 -1
    outer loop
      vertex -56.6075 -20.533 0
      vertex -59.0632 -22.9625 0
      vertex -56.7634 -20.4271 0
    endloop
  endfacet
  facet normal -0 0 -1
    outer loop
      vertex -56.7634 -20.4271 0
      vertex -59.0632 -22.9625 0
      vertex -56.9123 -20.3115 0
    endloop
  endfacet
  facet normal -0 0 -1
    outer loop
      vertex -56.9123 -20.3115 0
      vertex -59.0632 -22.9625 0
      vertex -57.0536 -20.1869 0
    endloop
  endfacet
  facet normal -0 0 -1
    outer loop
      vertex -57.0536 -20.1869 0
      vertex -59.0632 -22.9625 0
      vertex -57.1869 -20.0536 0
    endloop
  endfacet
  facet normal -0 0 -1
    outer loop
      vertex -57.1869 -20.0536 0
      vertex -59.0632 -22.9625 0
      vertex -57.3115 -19.9123 0
    endloop
  endfacet
  facet normal 0 0 -1
    outer loop
      vertex -60.4625 -21.5632 0
      vertex -57.3115 -19.9123 0
      vertex -59.0632 -22.9625 0
    endloop
  endfacet
  facet normal -0 0 -1
    outer loop
      vertex -57.3115 -19.9123 0
      vertex -60.4625 -21.5632 0
      vertex -57.4271 -19.7634 0
    endloop
  endfacet
  facet normal -0 0 -1
    outer loop
      vertex -57.4271 -19.7634 0
      vertex -60.4625 -21.5632 0
      vertex -57.533 -19.6075 0
    endloop
  endfacet
  facet normal -0 0 -1
    outer loop
      vertex -57.533 -19.6075 0
      vertex -60.4625 -21.5632 0
      vertex -57.6289 -19.4453 0
    endloop
  endfacet
  facet normal -0 0 -1
    outer loop
      vertex -57.6289 -19.4453 0
      vertex -60.4625 -21.5632 0
      vertex -57.7145 -19.2773 0
    endloop
  endfacet
  facet normal -0 0 -1
    outer loop
      vertex -57.7145 -19.2773 0
      vertex -60.4625 -21.5632 0
      vertex -57.7893 -19.1044 0
    endloop
  endfacet
  facet normal -0 0 -1
    outer loop
      vertex -57.7893 -19.1044 0
      vertex -60.4625 -21.5632 0
      vertex -57.8532 -18.9271 0
    endloop
  endfacet
  facet normal 0 0 -1
    outer loop
      vertex -61.7712 -20.0789 0
      vertex -57.8532 -18.9271 0
      vertex -60.4625 -21.5632 0
    endloop
  endfacet
  facet normal -0 0 -1
    outer loop
      vertex -57.8532 -18.9271 0
      vertex -61.7712 -20.0789 0
      vertex -57.9058 -18.7461 0
    endloop
  endfacet
  facet normal -0 0 -1
    outer loop
      vertex -57.9763 -18.376 0
      vertex -61.7712 -20.0789 0
      vertex -57.9941 -18.1884 0
    endloop
  endfacet
  facet normal -0 0 -1
    outer loop
      vertex -57.9469 -18.5621 0
      vertex -61.7712 -20.0789 0
      vertex -57.9763 -18.376 0
    endloop
  endfacet
  facet normal -0 0 -1
    outer loop
      vertex -57.9058 -18.7461 0
      vertex -61.7712 -20.0789 0
      vertex -57.9469 -18.5621 0
    endloop
  endfacet
  facet normal 0 0 -1
    outer loop
      vertex 57.9763 18.376 0
      vertex 61.7712 20.0789 0
      vertex 57.9941 18.1884 0
    endloop
  endfacet
  facet normal 0 0 -1
    outer loop
      vertex 57.9469 18.5621 0
      vertex 61.7712 20.0789 0
      vertex 57.9763 18.376 0
    endloop
  endfacet
  facet normal 0 0 -1
    outer loop
      vertex 57.9058 18.7461 0
      vertex 61.7712 20.0789 0
      vertex 57.9469 18.5621 0
    endloop
  endfacet
  facet normal 0 0 -1
    outer loop
      vertex 57.8532 18.9271 0
      vertex 61.7712 20.0789 0
      vertex 57.9058 18.7461 0
    endloop
  endfacet
  facet normal -0 0 -1
    outer loop
      vertex 61.7712 20.0789 0
      vertex 57.8532 18.9271 0
      vertex 60.4625 21.5632 0
    endloop
  endfacet
  facet normal 0 0 -1
    outer loop
      vertex 57.7893 19.1044 0
      vertex 60.4625 21.5632 0
      vertex 57.8532 18.9271 0
    endloop
  endfacet
  facet normal 0 0 -1
    outer loop
      vertex 57.7145 19.2773 0
      vertex 60.4625 21.5632 0
      vertex 57.7893 19.1044 0
    endloop
  endfacet
  facet normal 0 0 -1
    outer loop
      vertex 57.6289 19.4453 0
      vertex 60.4625 21.5632 0
      vertex 57.7145 19.2773 0
    endloop
  endfacet
  facet normal 0 0 -1
    outer loop
      vertex 57.533 19.6075 0
      vertex 60.4625 21.5632 0
      vertex 57.6289 19.4453 0
    endloop
  endfacet
  facet normal 0 0 -1
    outer loop
      vertex 57.4271 19.7634 0
      vertex 60.4625 21.5632 0
      vertex 57.533 19.6075 0
    endloop
  endfacet
  facet normal 0 0 -1
    outer loop
      vertex 57.3115 19.9123 0
      vertex 60.4625 21.5632 0
      vertex 57.4271 19.7634 0
    endloop
  endfacet
  facet normal -0 0 -1
    outer loop
      vertex 60.4625 21.5632 0
      vertex 57.3115 19.9123 0
      vertex 59.0632 22.9625 0
    endloop
  endfacet
  facet normal 0 0 -1
    outer loop
      vertex 57.1869 20.0536 0
      vertex 59.0632 22.9625 0
      vertex 57.3115 19.9123 0
    endloop
  endfacet
  facet normal 0 0 -1
    outer loop
      vertex 57.0536 20.1869 0
      vertex 59.0632 22.9625 0
      vertex 57.1869 20.0536 0
    endloop
  endfacet
  facet normal 0 0 -1
    outer loop
      vertex 56.9123 20.3115 0
      vertex 59.0632 22.9625 0
      vertex 57.0536 20.1869 0
    endloop
  endfacet
  facet normal 0 0 -1
    outer loop
      vertex 56.7634 20.4271 0
      vertex 59.0632 22.9625 0
      vertex 56.9123 20.3115 0
    endloop
  endfacet
  facet normal 0 0 -1
    outer loop
      vertex 56.6075 20.533 0
      vertex 59.0632 22.9625 0
      vertex 56.7634 20.4271 0
    endloop
  endfacet
  facet normal 0 0 -1
    outer loop
      vertex 56.4453 20.6289 0
      vertex 59.0632 22.9625 0
      vertex 56.6075 20.533 0
    endloop
  endfacet
  facet normal -0 0 -1
    outer loop
      vertex 59.0632 22.9625 0
      vertex 56.4453 20.6289 0
      vertex 57.5789 24.2712 0
    endloop
  endfacet
  facet normal 0 0 -1
    outer loop
      vertex 56.2773 20.7145 0
      vertex 57.5789 24.2712 0
      vertex 56.4453 20.6289 0
    endloop
  endfacet
  facet normal 0 0 -1
    outer loop
      vertex 56.1044 20.7893 0
      vertex 57.5789 24.2712 0
      vertex 56.2773 20.7145 0
    endloop
  endfacet
  facet normal 0 0 -1
    outer loop
      vertex 55.9271 20.8532 0
      vertex 57.5789 24.2712 0
      vertex 56.1044 20.7893 0
    endloop
  endfacet
  facet normal 0 0 -1
    outer loop
      vertex 55.7461 20.9058 0
      vertex 57.5789 24.2712 0
      vertex 55.9271 20.8532 0
    endloop
  endfacet
  facet normal 0 0 -1
    outer loop
      vertex 55.5621 20.9469 0
      vertex 57.5789 24.2712 0
      vertex 55.7461 20.9058 0
    endloop
  endfacet
  facet normal 0 0 -1
    outer loop
      vertex 55.376 20.9763 0
      vertex 57.5789 24.2712 0
      vertex 55.5621 20.9469 0
    endloop
  endfacet
  facet normal -0 0 -1
    outer loop
      vertex 57.5789 24.2712 0
      vertex 55.376 20.9763 0
      vertex 56.0152 25.484 0
    endloop
  endfacet
  facet normal 0 0 -1
    outer loop
      vertex 55.1884 20.9941 0
      vertex 56.0152 25.484 0
      vertex 55.376 20.9763 0
    endloop
  endfacet
  facet normal 0 0 -1
    outer loop
      vertex 55 21 0
      vertex 56.0152 25.484 0
      vertex 55.1884 20.9941 0
    endloop
  endfacet
  facet normal 0 0 -1
    outer loop
      vertex 54.8116 20.9941 0
      vertex 56.0152 25.484 0
      vertex 55 21 0
    endloop
  endfacet
  facet normal 0 0 -1
    outer loop
      vertex 54.624 20.9763 0
      vertex 56.0152 25.484 0
      vertex 54.8116 20.9941 0
    endloop
  endfacet
  facet normal 0 0 -1
    outer loop
      vertex 54.4379 20.9469 0
      vertex 56.0152 25.484 0
      vertex 54.624 20.9763 0
    endloop
  endfacet
  facet normal 0 0 -1
    outer loop
      vertex 54.2539 20.9058 0
      vertex 56.0152 25.484 0
      vertex 54.4379 20.9469 0
    endloop
  endfacet
  facet normal -0 0 -1
    outer loop
      vertex 56.0152 25.484 0
      vertex 54.2539 20.9058 0
      vertex 54.3785 26.5963 0
    endloop
  endfacet
  facet normal 0 0 -1
    outer loop
      vertex 54.0729 20.8532 0
      vertex 54.3785 26.5963 0
      vertex 54.2539 20.9058 0
    endloop
  endfacet
  facet normal 0 0 -1
    outer loop
      vertex 53.8956 20.7893 0
      vertex 54.3785 26.5963 0
      vertex 54.0729 20.8532 0
    endloop
  endfacet
  facet normal 0 0 -1
    outer loop
      vertex 53.7227 20.7145 0
      vertex 54.3785 26.5963 0
      vertex 53.8956 20.7893 0
    endloop
  endfacet
  facet normal 0 0 -1
    outer loop
      vertex 53.5547 20.6289 0
      vertex 54.3785 26.5963 0
      vertex 53.7227 20.7145 0
    endloop
  endfacet
  facet normal 0 0 -1
    outer loop
      vertex 52.6752 27.6037 0
      vertex 53.5547 20.6289 0
      vertex 53.3925 20.533 0
    endloop
  endfacet
  facet normal 0 0 -1
    outer loop
      vertex 52.6752 27.6037 0
      vertex 53.3925 20.533 0
      vertex 53.2366 20.4271 0
    endloop
  endfacet
  facet normal 0 0 -1
    outer loop
      vertex 52.6752 27.6037 0
      vertex 53.2366 20.4271 0
      vertex 53.0877 20.3115 0
    endloop
  endfacet
  facet normal 0 0 -1
    outer loop
      vertex 52.6752 27.6037 0
      vertex 53.0877 20.3115 0
      vertex 52.9464 20.1869 0
    endloop
  endfacet
  facet normal 0 0 -1
    outer loop
      vertex 50.912 28.5021 0
      vertex 52.9464 20.1869 0
      vertex 52.8131 20.0536 0
    endloop
  endfacet
  facet normal 0 0 -1
    outer loop
      vertex 50.912 28.5021 0
      vertex 52.8131 20.0536 0
      vertex 52.6885 19.9123 0
    endloop
  endfacet
  facet normal 0 0 -1
    outer loop
      vertex 53.5547 20.6289 0
      vertex 52.6752 27.6037 0
      vertex 54.3785 26.5963 0
    endloop
  endfacet
  facet normal 0 0 -1
    outer loop
      vertex 50.912 28.5021 0
      vertex 52.6885 19.9123 0
      vertex 52.5729 19.7634 0
    endloop
  endfacet
  facet normal 0 0 -1
    outer loop
      vertex 49.0959 29.288 0
      vertex 52.5729 19.7634 0
      vertex 52.467 19.6075 0
    endloop
  endfacet
  facet normal 0 0 -1
    outer loop
      vertex 49.0959 29.288 0
      vertex 52.467 19.6075 0
      vertex 52.3711 19.4453 0
    endloop
  endfacet
  facet normal 0 0 -1
    outer loop
      vertex 43.7581 15.8062 0
      vertex 52.3711 19.4453 0
      vertex 52.2855 19.2773 0
    endloop
  endfacet
  facet normal 0 0 -1
    outer loop
      vertex 43.7581 15.8062 0
      vertex 52.2855 19.2773 0
      vertex 52.2107 19.1044 0
    endloop
  endfacet
  facet normal 0 0 -1
    outer loop
      vertex 43.7581 15.8062 0
      vertex 52.2107 19.1044 0
      vertex 52.1468 18.9271 0
    endloop
  endfacet
  facet normal 0 0 -1
    outer loop
      vertex 44.7382 15.3821 0
      vertex 52.1468 18.9271 0
      vertex 52.0942 18.7461 0
    endloop
  endfacet
  facet normal 0 0 -1
    outer loop
      vertex 44.7382 15.3821 0
      vertex 52.0942 18.7461 0
      vertex 52.0531 18.5621 0
    endloop
  endfacet
  facet normal 0 0 -1
    outer loop
      vertex 45.6898 14.8972 0
      vertex 52.0531 18.5621 0
      vertex 52.0237 18.376 0
    endloop
  endfacet
  facet normal 0 0 -1
    outer loop
      vertex 45.6898 14.8972 0
      vertex 52.0237 18.376 0
      vertex 52.0059 18.1884 0
    endloop
  endfacet
  facet normal -0 0 -1
    outer loop
      vertex 52.2107 16.8956 0
      vertex 47.4923 13.7533 0
      vertex 52.1468 17.0729 0
    endloop
  endfacet
  facet normal -0 0 -1
    outer loop
      vertex 52.1468 17.0729 0
      vertex 47.4923 13.7533 0
      vertex 52.0942 17.2539 0
    endloop
  endfacet
  facet normal -0 0 -1
    outer loop
      vertex 52.0942 17.2539 0
      vertex 47.4923 13.7533 0
      vertex 52.0531 17.4379 0
    endloop
  endfacet
  facet normal 0 0 -1
    outer loop
      vertex 46.6091 14.3536 0
      vertex 52.0531 17.4379 0
      vertex 47.4923 13.7533 0
    endloop
  endfacet
  facet normal -0 0 -1
    outer loop
      vertex 52.0531 17.4379 0
      vertex 46.6091 14.3536 0
      vertex 52.0237 17.624 0
    endloop
  endfacet
  facet normal -0 0 -1
    outer loop
      vertex 52.0237 17.624 0
      vertex 46.6091 14.3536 0
      vertex 52.0059 17.8116 0
    endloop
  endfacet
  facet normal -0 0 -1
    outer loop
      vertex 52.0059 17.8116 0
      vertex 46.6091 14.3536 0
      vertex 52 18 0
    endloop
  endfacet
  facet normal 0 0 -1
    outer loop
      vertex 45.6898 14.8972 0
      vertex 52 18 0
      vertex 46.6091 14.3536 0
    endloop
  endfacet
  facet normal -0 0 -1
    outer loop
      vertex 52 18 0
      vertex 45.6898 14.8972 0
      vertex 52.0059 18.1884 0
    endloop
  endfacet
  facet normal 0 0 -1
    outer loop
      vertex 52.0531 18.5621 0
      vertex 45.6898 14.8972 0
      vertex 44.7382 15.3821 0
    endloop
  endfacet
  facet normal 0 0 -1
    outer loop
      vertex 52.9464 20.1869 0
      vertex 50.912 28.5021 0
      vertex 52.6752 27.6037 0
    endloop
  endfacet
  facet normal 0 0 -1
    outer loop
      vertex 52.1468 18.9271 0
      vertex 44.7382 15.3821 0
      vertex 43.7581 15.8062 0
    endloop
  endfacet
  facet normal 0 0 -1
    outer loop
      vertex 52.5729 19.7634 0
      vertex 49.0959 29.288 0
      vertex 50.912 28.5021 0
    endloop
  endfacet
  facet normal -0 0 -1
    outer loop
      vertex 52.3711 19.4453 0
      vertex 43.7581 15.8062 0
      vertex 49.0959 29.288 0
    endloop
  endfacet
  facet normal -0 0 -1
    outer loop
      vertex 49.0959 29.288 0
      vertex 43.7581 15.8062 0
      vertex 47.234 29.9583 0
    endloop
  endfacet
  facet normal 0 0 -1
    outer loop
      vertex 42.7533 16.168 0
      vertex 47.234 29.9583 0
      vertex 43.7581 15.8062 0
    endloop
  endfacet
  facet normal -0 0 -1
    outer loop
      vertex 47.234 29.9583 0
      vertex 42.7533 16.168 0
      vertex 45.3337 30.5104 0
    endloop
  endfacet
  facet normal 0 0 -1
    outer loop
      vertex 41.7277 16.4659 0
      vertex 45.3337 30.5104 0
      vertex 42.7533 16.168 0
    endloop
  endfacet
  facet normal -0 0 -1
    outer loop
      vertex 45.3337 30.5104 0
      vertex 41.7277 16.4659 0
      vertex 43.4025 30.942 0
    endloop
  endfacet
  facet normal 0 0 -1
    outer loop
      vertex 40.6855 16.6989 0
      vertex 43.4025 30.942 0
      vertex 41.7277 16.4659 0
    endloop
  endfacet
  facet normal -0 0 -1
    outer loop
      vertex 43.4025 30.942 0
      vertex 40.6855 16.6989 0
      vertex 41.448 31.2516 0
    endloop
  endfacet
  facet normal 0 0 -1
    outer loop
      vertex 39.6307 16.8659 0
      vertex 41.448 31.2516 0
      vertex 40.6855 16.6989 0
    endloop
  endfacet
  facet normal 0 0 -1
    outer loop
      vertex 39.6307 16.8659 0
      vertex 39.4779 31.4378 0
      vertex 41.448 31.2516 0
    endloop
  endfacet
  facet normal 0 0 -1
    outer loop
      vertex 38.5674 16.9665 0
      vertex 39.4779 31.4378 0
      vertex 39.6307 16.8659 0
    endloop
  endfacet
  facet normal 0 0 -1
    outer loop
      vertex 37.5 17 0
      vertex 39.4779 31.4378 0
      vertex 38.5674 16.9665 0
    endloop
  endfacet
  facet normal 0 0 -1
    outer loop
      vertex 37.5 17 0
      vertex 37.5 31.5 0
      vertex 39.4779 31.4378 0
    endloop
  endfacet
  facet normal 0 0 -1
    outer loop
      vertex -37.5 17 0
      vertex 37.5 31.5 0
      vertex 37.5 17 0
    endloop
  endfacet
  facet normal 0 0 -1
    outer loop
      vertex -37.5 17 0
      vertex -37.5 31.5 0
      vertex 37.5 31.5 0
    endloop
  endfacet
  facet normal 0 0 -1
    outer loop
      vertex -38.5674 16.9665 0
      vertex -37.5 31.5 0
      vertex -37.5 17 0
    endloop
  endfacet
  facet normal 0 0 -1
    outer loop
      vertex -38.5674 16.9665 0
      vertex -39.4779 31.4378 0
      vertex -37.5 31.5 0
    endloop
  endfacet
  facet normal 0 0 -1
    outer loop
      vertex -39.6307 16.8659 0
      vertex -39.4779 31.4378 0
      vertex -38.5674 16.9665 0
    endloop
  endfacet
  facet normal 0 0 -1
    outer loop
      vertex -41.448 31.2516 0
      vertex -39.6307 16.8659 0
      vertex -40.6855 16.6989 0
    endloop
  endfacet
  facet normal 0 0 -1
    outer loop
      vertex -39.6307 16.8659 0
      vertex -41.448 31.2516 0
      vertex -39.4779 31.4378 0
    endloop
  endfacet
  facet normal 0 0 -1
    outer loop
      vertex -43.4025 30.942 0
      vertex -40.6855 16.6989 0
      vertex -41.7277 16.4659 0
    endloop
  endfacet
  facet normal 0 0 -1
    outer loop
      vertex -45.3337 30.5104 0
      vertex -41.7277 16.4659 0
      vertex -42.7533 16.168 0
    endloop
  endfacet
  facet normal 0 0 -1
    outer loop
      vertex -40.6855 16.6989 0
      vertex -43.4025 30.942 0
      vertex -41.448 31.2516 0
    endloop
  endfacet
  facet normal 0 0 -1
    outer loop
      vertex -47.234 29.9583 0
      vertex -42.7533 16.168 0
      vertex -43.7581 15.8062 0
    endloop
  endfacet
  facet normal 0 0 -1
    outer loop
      vertex -52.2107 19.1044 0
      vertex -43.7581 15.8062 0
      vertex -44.7382 15.3821 0
    endloop
  endfacet
  facet normal 0 0 -1
    outer loop
      vertex -41.7277 16.4659 0
      vertex -45.3337 30.5104 0
      vertex -43.4025 30.942 0
    endloop
  endfacet
  facet normal 0 0 -1
    outer loop
      vertex -52.0531 18.5621 0
      vertex -44.7382 15.3821 0
      vertex -45.6898 14.8972 0
    endloop
  endfacet
  facet normal 0 0 -1
    outer loop
      vertex -52 18 0
      vertex -45.6898 14.8972 0
      vertex -46.6091 14.3536 0
    endloop
  endfacet
  facet normal 0 0 -1
    outer loop
      vertex -42.7533 16.168 0
      vertex -47.234 29.9583 0
      vertex -45.3337 30.5104 0
    endloop
  endfacet
  facet normal 0 0 -1
    outer loop
      vertex -52.0059 17.8116 0
      vertex -46.6091 14.3536 0
      vertex -47.4923 13.7533 0
    endloop
  endfacet
  facet normal 0 0 -1
    outer loop
      vertex -52.0059 17.8116 0
      vertex -47.4923 13.7533 0
      vertex -48.3362 13.0987 0
    endloop
  endfacet
  facet normal 0 0 -1
    outer loop
      vertex -44.7382 15.3821 0
      vertex -52.0942 18.7461 0
      vertex -52.1468 18.9271 0
    endloop
  endfacet
  facet normal 0 0 -1
    outer loop
      vertex -52.0059 17.8116 0
      vertex -48.3362 13.0987 0
      vertex -49.1373 12.3925 0
    endloop
  endfacet
  facet normal 0 0 -1
    outer loop
      vertex -52.0059 17.8116 0
      vertex -49.1373 12.3925 0
      vertex -49.8925 11.6373 0
    endloop
  endfacet
  facet normal 0 0 -1
    outer loop
      vertex -52.0059 17.8116 0
      vertex -49.8925 11.6373 0
      vertex -50.5987 10.8362 0
    endloop
  endfacet
  facet normal 0 0 -1
    outer loop
      vertex -45.6898 14.8972 0
      vertex -52 18 0
      vertex -52.0059 18.1884 0
    endloop
  endfacet
  facet normal 0 0 -1
    outer loop
      vertex -52.0059 17.8116 0
      vertex -50.5987 10.8362 0
      vertex -51.2533 9.99235 0
    endloop
  endfacet
  facet normal 0 0 -1
    outer loop
      vertex -54.8116 15.0059 0
      vertex -51.2533 9.99235 0
      vertex -51.8536 9.10905 0
    endloop
  endfacet
  facet normal 0 0 -1
    outer loop
      vertex -45.6898 14.8972 0
      vertex -52.0059 18.1884 0
      vertex -52.0237 18.376 0
    endloop
  endfacet
  facet normal 0 0 -1
    outer loop
      vertex -45.6898 14.8972 0
      vertex -52.0237 18.376 0
      vertex -52.0531 18.5621 0
    endloop
  endfacet
  facet normal 0 0 -1
    outer loop
      vertex -44.7382 15.3821 0
      vertex -52.0531 18.5621 0
      vertex -52.0942 18.7461 0
    endloop
  endfacet
  facet normal 0 0 -1
    outer loop
      vertex -44.7382 15.3821 0
      vertex -52.1468 18.9271 0
      vertex -52.2107 19.1044 0
    endloop
  endfacet
  facet normal 0 0 -1
    outer loop
      vertex -43.7581 15.8062 0
      vertex -52.2107 19.1044 0
      vertex -52.2855 19.2773 0
    endloop
  endfacet
  facet normal 0 0 -1
    outer loop
      vertex -52.3711 19.4453 0
      vertex -43.7581 15.8062 0
      vertex -52.2855 19.2773 0
    endloop
  endfacet
  facet normal 0 0 -1
    outer loop
      vertex -43.7581 15.8062 0
      vertex -49.0959 29.288 0
      vertex -47.234 29.9583 0
    endloop
  endfacet
  facet normal 0 0 -1
    outer loop
      vertex -43.7581 15.8062 0
      vertex -52.3711 19.4453 0
      vertex -49.0959 29.288 0
    endloop
  endfacet
  facet normal 0 0 -1
    outer loop
      vertex -52.467 19.6075 0
      vertex -49.0959 29.288 0
      vertex -52.3711 19.4453 0
    endloop
  endfacet
  facet normal 0 0 -1
    outer loop
      vertex -52.5729 19.7634 0
      vertex -49.0959 29.288 0
      vertex -52.467 19.6075 0
    endloop
  endfacet
  facet normal 0 0 -1
    outer loop
      vertex -49.0959 29.288 0
      vertex -52.5729 19.7634 0
      vertex -50.912 28.5021 0
    endloop
  endfacet
  facet normal 0 0 -1
    outer loop
      vertex -52.6885 19.9123 0
      vertex -50.912 28.5021 0
      vertex -52.5729 19.7634 0
    endloop
  endfacet
  facet normal 0 0 -1
    outer loop
      vertex -52.8131 20.0536 0
      vertex -50.912 28.5021 0
      vertex -52.6885 19.9123 0
    endloop
  endfacet
  facet normal 0 0 -1
    outer loop
      vertex -52.9464 20.1869 0
      vertex -50.912 28.5021 0
      vertex -52.8131 20.0536 0
    endloop
  endfacet
  facet normal 0 0 -1
    outer loop
      vertex -50.912 28.5021 0
      vertex -52.9464 20.1869 0
      vertex -52.6752 27.6037 0
    endloop
  endfacet
  facet normal 0 0 -1
    outer loop
      vertex -53.0877 20.3115 0
      vertex -52.6752 27.6037 0
      vertex -52.9464 20.1869 0
    endloop
  endfacet
  facet normal 0 0 -1
    outer loop
      vertex -53.2366 20.4271 0
      vertex -52.6752 27.6037 0
      vertex -53.0877 20.3115 0
    endloop
  endfacet
  facet normal 0 0 -1
    outer loop
      vertex -53.3925 20.533 0
      vertex -52.6752 27.6037 0
      vertex -53.2366 20.4271 0
    endloop
  endfacet
  facet normal 0 0 -1
    outer loop
      vertex -53.5547 20.6289 0
      vertex -52.6752 27.6037 0
      vertex -53.3925 20.533 0
    endloop
  endfacet
  facet normal 0 0 -1
    outer loop
      vertex -54.3785 26.5963 0
      vertex -53.5547 20.6289 0
      vertex -53.7227 20.7145 0
    endloop
  endfacet
  facet normal 0 0 -1
    outer loop
      vertex -54.3785 26.5963 0
      vertex -53.7227 20.7145 0
      vertex -53.8956 20.7893 0
    endloop
  endfacet
  facet normal 0 0 -1
    outer loop
      vertex -54.3785 26.5963 0
      vertex -53.8956 20.7893 0
      vertex -54.0729 20.8532 0
    endloop
  endfacet
  facet normal 0 0 -1
    outer loop
      vertex -54.3785 26.5963 0
      vertex -54.0729 20.8532 0
      vertex -54.2539 20.9058 0
    endloop
  endfacet
  facet normal 0 0 -1
    outer loop
      vertex -53.5547 20.6289 0
      vertex -54.3785 26.5963 0
      vertex -52.6752 27.6037 0
    endloop
  endfacet
  facet normal 0 0 -1
    outer loop
      vertex -56.0152 25.484 0
      vertex -54.2539 20.9058 0
      vertex -54.4379 20.9469 0
    endloop
  endfacet
  facet normal 0 0 -1
    outer loop
      vertex -56.0152 25.484 0
      vertex -54.4379 20.9469 0
      vertex -54.624 20.9763 0
    endloop
  endfacet
  facet normal 0 0 -1
    outer loop
      vertex -56.0152 25.484 0
      vertex -54.624 20.9763 0
      vertex -54.8116 20.9941 0
    endloop
  endfacet
  facet normal 0 0 -1
    outer loop
      vertex -56.0152 25.484 0
      vertex -54.8116 20.9941 0
      vertex -55 21 0
    endloop
  endfacet
  facet normal 0 0 -1
    outer loop
      vertex -56.0152 25.484 0
      vertex -55 21 0
      vertex -55.1884 20.9941 0
    endloop
  endfacet
  facet normal 0 0 -1
    outer loop
      vertex -56.0152 25.484 0
      vertex -55.1884 20.9941 0
      vertex -55.376 20.9763 0
    endloop
  endfacet
  facet normal 0 0 -1
    outer loop
      vertex -57.5789 24.2712 0
      vertex -55.376 20.9763 0
      vertex -55.5621 20.9469 0
    endloop
  endfacet
  facet normal 0 0 -1
    outer loop
      vertex -57.5789 24.2712 0
      vertex -55.5621 20.9469 0
      vertex -55.7461 20.9058 0
    endloop
  endfacet
  facet normal 0 0 -1
    outer loop
      vertex -57.5789 24.2712 0
      vertex -55.7461 20.9058 0
      vertex -55.9271 20.8532 0
    endloop
  endfacet
  facet normal 0 0 -1
    outer loop
      vertex -54.2539 20.9058 0
      vertex -56.0152 25.484 0
      vertex -54.3785 26.5963 0
    endloop
  endfacet
  facet normal 0 0 -1
    outer loop
      vertex -57.5789 24.2712 0
      vertex -55.9271 20.8532 0
      vertex -56.1044 20.7893 0
    endloop
  endfacet
  facet normal 0 0 -1
    outer loop
      vertex -57.5789 24.2712 0
      vertex -56.1044 20.7893 0
      vertex -56.2773 20.7145 0
    endloop
  endfacet
  facet normal 0 0 -1
    outer loop
      vertex -57.5789 24.2712 0
      vertex -56.2773 20.7145 0
      vertex -56.4453 20.6289 0
    endloop
  endfacet
  facet normal 0 0 -1
    outer loop
      vertex -59.0632 22.9625 0
      vertex -56.4453 20.6289 0
      vertex -56.6075 20.533 0
    endloop
  endfacet
  facet normal 0 0 -1
    outer loop
      vertex -59.0632 22.9625 0
      vertex -56.6075 20.533 0
      vertex -56.7634 20.4271 0
    endloop
  endfacet
  facet normal 0 0 -1
    outer loop
      vertex -59.0632 22.9625 0
      vertex -56.7634 20.4271 0
      vertex -56.9123 20.3115 0
    endloop
  endfacet
  facet normal 0 0 -1
    outer loop
      vertex -59.0632 22.9625 0
      vertex -56.9123 20.3115 0
      vertex -57.0536 20.1869 0
    endloop
  endfacet
  facet normal 0 0 -1
    outer loop
      vertex -59.0632 22.9625 0
      vertex -57.0536 20.1869 0
      vertex -57.1869 20.0536 0
    endloop
  endfacet
  facet normal 0 0 -1
    outer loop
      vertex -59.0632 22.9625 0
      vertex -57.1869 20.0536 0
      vertex -57.3115 19.9123 0
    endloop
  endfacet
  facet normal 0 0 -1
    outer loop
      vertex -60.4625 21.5632 0
      vertex -57.3115 19.9123 0
      vertex -57.4271 19.7634 0
    endloop
  endfacet
  facet normal 0 0 -1
    outer loop
      vertex -60.4625 21.5632 0
      vertex -57.4271 19.7634 0
      vertex -57.533 19.6075 0
    endloop
  endfacet
  facet normal 0 0 -1
    outer loop
      vertex -55.376 20.9763 0
      vertex -57.5789 24.2712 0
      vertex -56.0152 25.484 0
    endloop
  endfacet
  facet normal 0 0 -1
    outer loop
      vertex -60.4625 21.5632 0
      vertex -57.533 19.6075 0
      vertex -57.6289 19.4453 0
    endloop
  endfacet
  facet normal 0 0 -1
    outer loop
      vertex -60.4625 21.5632 0
      vertex -57.6289 19.4453 0
      vertex -57.7145 19.2773 0
    endloop
  endfacet
  facet normal 0 0 -1
    outer loop
      vertex -60.4625 21.5632 0
      vertex -57.7145 19.2773 0
      vertex -57.7893 19.1044 0
    endloop
  endfacet
  facet normal 0 0 -1
    outer loop
      vertex -60.4625 21.5632 0
      vertex -57.7893 19.1044 0
      vertex -57.8532 18.9271 0
    endloop
  endfacet
  facet normal 0 0 -1
    outer loop
      vertex -61.7712 20.0789 0
      vertex -57.8532 18.9271 0
      vertex -57.9058 18.7461 0
    endloop
  endfacet
  facet normal 0 0 -1
    outer loop
      vertex -61.7712 20.0789 0
      vertex -57.9058 18.7461 0
      vertex -57.9469 18.5621 0
    endloop
  endfacet
  facet normal 0 0 -1
    outer loop
      vertex -61.7712 20.0789 0
      vertex -57.9469 18.5621 0
      vertex -57.9763 18.376 0
    endloop
  endfacet
  facet normal 0 0 -1
    outer loop
      vertex -61.7712 20.0789 0
      vertex -57.9763 18.376 0
      vertex -57.9941 18.1884 0
    endloop
  endfacet
  facet normal 0 0 -1
    outer loop
      vertex -56.4453 20.6289 0
      vertex -59.0632 22.9625 0
      vertex -57.5789 24.2712 0
    endloop
  endfacet
  facet normal 0 0 -1
    outer loop
      vertex -61.7712 20.0789 0
      vertex -57.9941 18.1884 0
      vertex -58 18 0
    endloop
  endfacet
  facet normal -0 0 -1
    outer loop
      vertex -57.9941 -18.1884 0
      vertex -61.7712 -20.0789 0
      vertex -58 -18 0
    endloop
  endfacet
  facet normal 0 0 -1
    outer loop
      vertex -62.984 -18.5152 0
      vertex -58 -18 0
      vertex -61.7712 -20.0789 0
    endloop
  endfacet
  facet normal 0 0 -1
    outer loop
      vertex -57.3115 19.9123 0
      vertex -60.4625 21.5632 0
      vertex -59.0632 22.9625 0
    endloop
  endfacet
  facet normal -0 0 -1
    outer loop
      vertex -57.8532 -17.0729 0
      vertex -62.984 -18.5152 0
      vertex -64.0963 -16.8785 0
    endloop
  endfacet
  facet normal 0 0 -1
    outer loop
      vertex -57.8532 18.9271 0
      vertex -61.7712 20.0789 0
      vertex -60.4625 21.5632 0
    endloop
  endfacet
  facet normal -0 0 -1
    outer loop
      vertex -57.533 -16.3925 0
      vertex -64.0963 -16.8785 0
      vertex -65.1037 -15.1752 0
    endloop
  endfacet
  facet normal 0 0 -1
    outer loop
      vertex -58 18 0
      vertex -62.984 18.5152 0
      vertex -61.7712 20.0789 0
    endloop
  endfacet
  facet normal 0 0 -1
    outer loop
      vertex -57.0536 -15.8131 0
      vertex -65.1037 -15.1752 0
      vertex -66.0021 -13.412 0
    endloop
  endfacet
  facet normal 0 0 -1
    outer loop
      vertex -57.9941 17.8116 0
      vertex -62.984 18.5152 0
      vertex -58 18 0
    endloop
  endfacet
  facet normal 0 0 -1
    outer loop
      vertex -56.6075 -15.467 0
      vertex -66.0021 -13.412 0
      vertex -66.788 -11.5959 0
    endloop
  endfacet
  facet normal 0 0 -1
    outer loop
      vertex -57.9763 17.624 0
      vertex -62.984 18.5152 0
      vertex -57.9941 17.8116 0
    endloop
  endfacet
  facet normal -0 0 -1
    outer loop
      vertex -53.9659 -4.22773 0
      vertex -68.0104 -7.83373 0
      vertex -54.1989 -3.18548 0
    endloop
  endfacet
  facet normal 0 0 -1
    outer loop
      vertex -57.9469 17.4379 0
      vertex -62.984 18.5152 0
      vertex -57.9763 17.624 0
    endloop
  endfacet
  facet normal 0 0 -1
    outer loop
      vertex -68.7516 -3.948 0
      vertex -54.366 -2.13066 0
      vertex -68.442 -5.90251 0
    endloop
  endfacet
  facet normal 0 0 -1
    outer loop
      vertex -57.9058 17.2539 0
      vertex -62.984 18.5152 0
      vertex -57.9469 17.4379 0
    endloop
  endfacet
  facet normal -0 0 -1
    outer loop
      vertex -54.366 -2.13066 0
      vertex -68.7516 -3.948 0
      vertex -54.4665 -1.06744 0
    endloop
  endfacet
  facet normal 0 0 -1
    outer loop
      vertex -57.8532 17.0729 0
      vertex -62.984 18.5152 0
      vertex -57.9058 17.2539 0
    endloop
  endfacet
  facet normal 0 0 -1
    outer loop
      vertex -68.9378 -1.9779 0
      vertex -54.4665 -1.06744 0
      vertex -68.7516 -3.948 0
    endloop
  endfacet
  facet normal 0 -0 -1
    outer loop
      vertex -62.984 18.5152 0
      vertex -57.8532 17.0729 0
      vertex -64.0963 16.8785 0
    endloop
  endfacet
  facet normal -0 0 -1
    outer loop
      vertex -54.4665 -1.06744 0
      vertex -68.9378 -1.9779 0
      vertex -54.5 0 0
    endloop
  endfacet
  facet normal -0 0 -1
    outer loop
      vertex -57.7893 16.8956 0
      vertex -64.0963 16.8785 0
      vertex -57.8532 17.0729 0
    endloop
  endfacet
  facet normal -0 0 -1
    outer loop
      vertex -54.5 0 0
      vertex -68.9378 -1.9779 0
      vertex -69 0 0
    endloop
  endfacet
  facet normal 0 0 -1
    outer loop
      vertex -57.7145 16.7227 0
      vertex -64.0963 16.8785 0
      vertex -57.7893 16.8956 0
    endloop
  endfacet
  facet normal 0 -0 -1
    outer loop
      vertex -64.0963 16.8785 0
      vertex -57.533 16.3925 0
      vertex -65.1037 15.1752 0
    endloop
  endfacet
  facet normal 0 0 -1
    outer loop
      vertex -57.6289 16.5547 0
      vertex -64.0963 16.8785 0
      vertex -57.7145 16.7227 0
    endloop
  endfacet
  facet normal 0 0 -1
    outer loop
      vertex -57.533 16.3925 0
      vertex -64.0963 16.8785 0
      vertex -57.6289 16.5547 0
    endloop
  endfacet
  facet normal 0 0 -1
    outer loop
      vertex 55.9271 15.1468 0
      vertex 52.8821 7.23825 0
      vertex 55.7461 15.0943 0
    endloop
  endfacet
  facet normal 0 0 -1
    outer loop
      vertex 52.3972 8.18981 0
      vertex 55.7461 15.0943 0
      vertex 52.8821 7.23825 0
    endloop
  endfacet
  facet normal 0 0 -1
    outer loop
      vertex 55.7461 15.0943 0
      vertex 52.3972 8.18981 0
      vertex 55.5621 15.0531 0
    endloop
  endfacet
  facet normal 0 0 -1
    outer loop
      vertex 55.5621 15.0531 0
      vertex 52.3972 8.18981 0
      vertex 55.376 15.0237 0
    endloop
  endfacet
  facet normal 0 0 -1
    outer loop
      vertex 51.8536 9.10905 0
      vertex 55.376 15.0237 0
      vertex 52.3972 8.18981 0
    endloop
  endfacet
  facet normal 0 0 -1
    outer loop
      vertex 55.376 15.0237 0
      vertex 51.8536 9.10905 0
      vertex 55.1884 15.0059 0
    endloop
  endfacet
  facet normal 0 0 -1
    outer loop
      vertex 55.1884 15.0059 0
      vertex 51.8536 9.10905 0
      vertex 55 15 0
    endloop
  endfacet
  facet normal -0 0 -1
    outer loop
      vertex 55 15 0
      vertex 51.8536 9.10905 0
      vertex 54.8116 15.0059 0
    endloop
  endfacet
  facet normal 0 0 -1
    outer loop
      vertex 51.2533 9.99235 0
      vertex 54.8116 15.0059 0
      vertex 51.8536 9.10905 0
    endloop
  endfacet
  facet normal -0 0 -1
    outer loop
      vertex 54.8116 15.0059 0
      vertex 51.2533 9.99235 0
      vertex 54.624 15.0237 0
    endloop
  endfacet
  facet normal -0 0 -1
    outer loop
      vertex 54.624 15.0237 0
      vertex 51.2533 9.99235 0
      vertex 54.4379 15.0531 0
    endloop
  endfacet
  facet normal -0 0 -1
    outer loop
      vertex 54.4379 15.0531 0
      vertex 51.2533 9.99235 0
      vertex 54.2539 15.0943 0
    endloop
  endfacet
  facet normal -0 0 -1
    outer loop
      vertex 54.2539 15.0943 0
      vertex 51.2533 9.99235 0
      vertex 54.0729 15.1468 0
    endloop
  endfacet
  facet normal 0 0 -1
    outer loop
      vertex 50.5987 10.8362 0
      vertex 54.0729 15.1468 0
      vertex 51.2533 9.99235 0
    endloop
  endfacet
  facet normal -0 0 -1
    outer loop
      vertex 54.0729 15.1468 0
      vertex 50.5987 10.8362 0
      vertex 53.8956 15.2107 0
    endloop
  endfacet
  facet normal -0 0 -1
    outer loop
      vertex 53.8956 15.2107 0
      vertex 50.5987 10.8362 0
      vertex 53.7227 15.2855 0
    endloop
  endfacet
  facet normal -0 0 -1
    outer loop
      vertex 53.7227 15.2855 0
      vertex 50.5987 10.8362 0
      vertex 53.5547 15.3711 0
    endloop
  endfacet
  facet normal 0 0 -1
    outer loop
      vertex 49.8925 11.6373 0
      vertex 53.5547 15.3711 0
      vertex 50.5987 10.8362 0
    endloop
  endfacet
  facet normal -0 0 -1
    outer loop
      vertex 53.5547 15.3711 0
      vertex 49.8925 11.6373 0
      vertex 53.3925 15.467 0
    endloop
  endfacet
  facet normal -0 0 -1
    outer loop
      vertex 53.3925 15.467 0
      vertex 49.8925 11.6373 0
      vertex 53.2366 15.5729 0
    endloop
  endfacet
  facet normal -0 0 -1
    outer loop
      vertex 53.2366 15.5729 0
      vertex 49.8925 11.6373 0
      vertex 53.0877 15.6885 0
    endloop
  endfacet
  facet normal -0 0 -1
    outer loop
      vertex 53.0877 15.6885 0
      vertex 49.8925 11.6373 0
      vertex 52.9464 15.8131 0
    endloop
  endfacet
  facet normal 0 0 -1
    outer loop
      vertex 49.1373 12.3925 0
      vertex 52.9464 15.8131 0
      vertex 49.8925 11.6373 0
    endloop
  endfacet
  facet normal -0 0 -1
    outer loop
      vertex 52.9464 15.8131 0
      vertex 49.1373 12.3925 0
      vertex 52.8131 15.9464 0
    endloop
  endfacet
  facet normal -0 0 -1
    outer loop
      vertex 52.8131 15.9464 0
      vertex 49.1373 12.3925 0
      vertex 52.6885 16.0877 0
    endloop
  endfacet
  facet normal -0 0 -1
    outer loop
      vertex 52.6885 16.0877 0
      vertex 49.1373 12.3925 0
      vertex 52.5729 16.2366 0
    endloop
  endfacet
  facet normal 0 0 -1
    outer loop
      vertex 48.3362 13.0987 0
      vertex 52.5729 16.2366 0
      vertex 49.1373 12.3925 0
    endloop
  endfacet
  facet normal -0 0 -1
    outer loop
      vertex 52.5729 16.2366 0
      vertex 48.3362 13.0987 0
      vertex 52.467 16.3925 0
    endloop
  endfacet
  facet normal -0 0 -1
    outer loop
      vertex 52.467 16.3925 0
      vertex 48.3362 13.0987 0
      vertex 52.3711 16.5547 0
    endloop
  endfacet
  facet normal -0 0 -1
    outer loop
      vertex 52.3711 16.5547 0
      vertex 48.3362 13.0987 0
      vertex 52.2855 16.7227 0
    endloop
  endfacet
  facet normal -0 0 -1
    outer loop
      vertex 52.2855 16.7227 0
      vertex 47.4923 13.7533 0
      vertex 52.2107 16.8956 0
    endloop
  endfacet
  facet normal 0 0 -1
    outer loop
      vertex 47.4923 13.7533 0
      vertex 52.2855 16.7227 0
      vertex 48.3362 13.0987 0
    endloop
  endfacet
  facet normal -0.890985 -0.454032 0
    outer loop
      vertex -52.3972 -8.18981 -15
      vertex -52.8821 -7.23825 0
      vertex -52.8821 -7.23825 -15
    endloop
  endfacet
  facet normal -0.890985 -0.454032 0
    outer loop
      vertex -52.8821 -7.23825 0
      vertex -52.3972 -8.18981 -15
      vertex -52.3972 -8.18981 0
    endloop
  endfacet
  facet normal -0.999508 -0.0313681 0
    outer loop
      vertex -54.4665 -1.06744 -15
      vertex -54.5 0 0
      vertex -54.5 0 -15
    endloop
  endfacet
  facet normal -0.999508 -0.0313681 0
    outer loop
      vertex -54.5 0 0
      vertex -54.4665 -1.06744 -15
      vertex -54.4665 -1.06744 0
    endloop
  endfacet
  facet normal 0 1 -0
    outer loop
      vertex 37.5 17 -15
      vertex -37.5 17 0
      vertex 37.5 17 0
    endloop
  endfacet
  facet normal 0 1 0
    outer loop
      vertex -37.5 17 0
      vertex 37.5 17 -15
      vertex -37.5 17 -15
    endloop
  endfacet
  facet normal -0.995562 -0.0941047 0
    outer loop
      vertex -54.366 -2.13066 -15
      vertex -54.4665 -1.06744 0
      vertex -54.4665 -1.06744 -15
    endloop
  endfacet
  facet normal -0.995562 -0.0941047 0
    outer loop
      vertex -54.4665 -1.06744 0
      vertex -54.366 -2.13066 -15
      vertex -54.366 -2.13066 0
    endloop
  endfacet
  facet normal -0.21818 0.975909 0
    outer loop
      vertex -40.6855 16.6989 -15
      vertex -41.7277 16.4659 0
      vertex -40.6855 16.6989 0
    endloop
  endfacet
  facet normal -0.21818 0.975909 0
    outer loop
      vertex -41.7277 16.4659 0
      vertex -40.6855 16.6989 -15
      vertex -41.7277 16.4659 -15
    endloop
  endfacet
  facet normal -0.338779 0.940866 0
    outer loop
      vertex -42.7533 16.168 -15
      vertex -43.7581 15.8062 0
      vertex -42.7533 16.168 0
    endloop
  endfacet
  facet normal -0.338779 0.940866 0
    outer loop
      vertex -43.7581 15.8062 0
      vertex -42.7533 16.168 -15
      vertex -43.7581 15.8062 -15
    endloop
  endfacet
  facet normal -0.661278 0.750141 0
    outer loop
      vertex -48.3362 13.0987 -15
      vertex -49.1373 12.3925 0
      vertex -48.3362 13.0987 0
    endloop
  endfacet
  facet normal -0.661278 0.750141 0
    outer loop
      vertex -49.1373 12.3925 0
      vertex -48.3362 13.0987 -15
      vertex -49.1373 12.3925 -15
    endloop
  endfacet
  facet normal 0.987684 -0.156465 0
    outer loop
      vertex 54.1989 -3.18548 0
      vertex 54.366 -2.13066 -15
      vertex 54.366 -2.13066 0
    endloop
  endfacet
  facet normal 0.987684 -0.156465 0
    outer loop
      vertex 54.366 -2.13066 -15
      vertex 54.1989 -3.18548 0
      vertex 54.1989 -3.18548 -15
    endloop
  endfacet
  facet normal 0.917768 0.397116 0
    outer loop
      vertex 53.3062 6.25812 0
      vertex 52.8821 7.23825 -15
      vertex 52.8821 7.23825 0
    endloop
  endfacet
  facet normal 0.917768 0.397116 0
    outer loop
      vertex 52.8821 7.23825 -15
      vertex 53.3062 6.25812 0
      vertex 53.3062 6.25812 -15
    endloop
  endfacet
  facet normal -0.860757 -0.509016 0
    outer loop
      vertex -51.8536 -9.10905 -15
      vertex -52.3972 -8.18981 0
      vertex -52.3972 -8.18981 -15
    endloop
  endfacet
  facet normal -0.860757 -0.509016 0
    outer loop
      vertex -52.3972 -8.18981 0
      vertex -51.8536 -9.10905 -15
      vertex -51.8536 -9.10905 0
    endloop
  endfacet
  facet normal -0.156376 -0.987698 0
    outer loop
      vertex -40.6855 -16.6989 -15
      vertex -39.6307 -16.8659 0
      vertex -40.6855 -16.6989 0
    endloop
  endfacet
  facet normal -0.156376 -0.987698 -0
    outer loop
      vertex -39.6307 -16.8659 0
      vertex -40.6855 -16.6989 -15
      vertex -39.6307 -16.8659 -15
    endloop
  endfacet
  facet normal -0.278936 -0.96031 0
    outer loop
      vertex -42.7533 -16.168 -15
      vertex -41.7277 -16.4659 0
      vertex -42.7533 -16.168 0
    endloop
  endfacet
  facet normal -0.278936 -0.96031 -0
    outer loop
      vertex -41.7277 -16.4659 0
      vertex -42.7533 -16.168 -15
      vertex -41.7277 -16.4659 -15
    endloop
  endfacet
  facet normal 0.508991 0.860772 -0
    outer loop
      vertex 46.6091 14.3536 -15
      vertex 45.6898 14.8972 0
      vertex 46.6091 14.3536 0
    endloop
  endfacet
  facet normal 0.508991 0.860772 0
    outer loop
      vertex 45.6898 14.8972 0
      vertex 46.6091 14.3536 -15
      vertex 45.6898 14.8972 -15
    endloop
  endfacet
  facet normal -0.987684 -0.156465 0
    outer loop
      vertex -54.1989 -3.18548 -15
      vertex -54.366 -2.13066 0
      vertex -54.366 -2.13066 -15
    endloop
  endfacet
  facet normal -0.987684 -0.156465 0
    outer loop
      vertex -54.366 -2.13066 0
      vertex -54.1989 -3.18548 -15
      vertex -54.1989 -3.18548 0
    endloop
  endfacet
  facet normal 0 -1 0
    outer loop
      vertex -37.5 -17 -15
      vertex 37.5 -17 0
      vertex -37.5 -17 0
    endloop
  endfacet
  facet normal 0 -1 -0
    outer loop
      vertex 37.5 -17 0
      vertex -37.5 -17 -15
      vertex 37.5 -17 -15
    endloop
  endfacet
  facet normal -0.987684 0.156465 0
    outer loop
      vertex -54.366 2.13066 -15
      vertex -54.1989 3.18548 0
      vertex -54.1989 3.18548 -15
    endloop
  endfacet
  facet normal -0.987684 0.156465 0
    outer loop
      vertex -54.1989 3.18548 0
      vertex -54.366 2.13066 -15
      vertex -54.366 2.13066 0
    endloop
  endfacet
  facet normal 0.0941905 -0.995554 0
    outer loop
      vertex 38.5674 -16.9665 -15
      vertex 39.6307 -16.8659 0
      vertex 38.5674 -16.9665 0
    endloop
  endfacet
  facet normal 0.0941905 -0.995554 0
    outer loop
      vertex 39.6307 -16.8659 0
      vertex 38.5674 -16.9665 -15
      vertex 39.6307 -16.8659 -15
    endloop
  endfacet
  facet normal -0.397126 0.917764 0
    outer loop
      vertex -43.7581 15.8062 -15
      vertex -44.7382 15.3821 0
      vertex -43.7581 15.8062 0
    endloop
  endfacet
  facet normal -0.397126 0.917764 0
    outer loop
      vertex -44.7382 15.3821 0
      vertex -43.7581 15.8062 -15
      vertex -44.7382 15.3821 -15
    endloop
  endfacet
  facet normal -0.940869 0.33877 0
    outer loop
      vertex -53.668 5.25329 -15
      vertex -53.3062 6.25812 0
      vertex -53.3062 6.25812 -15
    endloop
  endfacet
  facet normal -0.940869 0.33877 0
    outer loop
      vertex -53.3062 6.25812 0
      vertex -53.668 5.25329 -15
      vertex -53.668 5.25329 0
    endloop
  endfacet
  facet normal -0.827076 0.56209 0
    outer loop
      vertex -51.8536 9.10905 -15
      vertex -51.2533 9.99235 0
      vertex -51.2533 9.99235 -15
    endloop
  endfacet
  facet normal -0.827076 0.56209 0
    outer loop
      vertex -51.2533 9.99235 0
      vertex -51.8536 9.10905 -15
      vertex -51.8536 9.10905 0
    endloop
  endfacet
  facet normal 0.975911 -0.21817 0
    outer loop
      vertex 53.9659 -4.22773 0
      vertex 54.1989 -3.18548 -15
      vertex 54.1989 -3.18548 0
    endloop
  endfacet
  facet normal 0.975911 -0.21817 0
    outer loop
      vertex 54.1989 -3.18548 -15
      vertex 53.9659 -4.22773 0
      vertex 53.9659 -4.22773 -15
    endloop
  endfacet
  facet normal 0.21818 0.975909 -0
    outer loop
      vertex 41.7277 16.4659 -15
      vertex 40.6855 16.6989 0
      vertex 41.7277 16.4659 0
    endloop
  endfacet
  facet normal 0.21818 0.975909 0
    outer loop
      vertex 40.6855 16.6989 0
      vertex 41.7277 16.4659 -15
      vertex 40.6855 16.6989 -15
    endloop
  endfacet
  facet normal 0.278936 -0.96031 0
    outer loop
      vertex 41.7277 -16.4659 -15
      vertex 42.7533 -16.168 0
      vertex 41.7277 -16.4659 0
    endloop
  endfacet
  facet normal 0.278936 -0.96031 0
    outer loop
      vertex 42.7533 -16.168 0
      vertex 41.7277 -16.4659 -15
      vertex 42.7533 -16.168 -15
    endloop
  endfacet
  facet normal -0.940869 -0.33877 0
    outer loop
      vertex -53.3062 -6.25812 -15
      vertex -53.668 -5.25329 0
      vertex -53.668 -5.25329 -15
    endloop
  endfacet
  facet normal -0.940869 -0.33877 0
    outer loop
      vertex -53.668 -5.25329 0
      vertex -53.3062 -6.25812 -15
      vertex -53.3062 -6.25812 0
    endloop
  endfacet
  facet normal 0.612909 0.790153 -0
    outer loop
      vertex 48.3362 13.0987 -15
      vertex 47.4923 13.7533 0
      vertex 48.3362 13.0987 0
    endloop
  endfacet
  facet normal 0.612909 0.790153 0
    outer loop
      vertex 47.4923 13.7533 0
      vertex 48.3362 13.0987 -15
      vertex 47.4923 13.7533 -15
    endloop
  endfacet
  facet normal 0.562133 -0.827047 0
    outer loop
      vertex 46.6091 -14.3536 -15
      vertex 47.4923 -13.7533 0
      vertex 46.6091 -14.3536 0
    endloop
  endfacet
  facet normal 0.562133 -0.827047 0
    outer loop
      vertex 47.4923 -13.7533 0
      vertex 46.6091 -14.3536 -15
      vertex 47.4923 -13.7533 -15
    endloop
  endfacet
  facet normal -0.454017 0.890993 0
    outer loop
      vertex -44.7382 15.3821 -15
      vertex -45.6898 14.8972 0
      vertex -44.7382 15.3821 0
    endloop
  endfacet
  facet normal -0.454017 0.890993 0
    outer loop
      vertex -45.6898 14.8972 0
      vertex -44.7382 15.3821 -15
      vertex -45.6898 14.8972 -15
    endloop
  endfacet
  facet normal -0.995562 0.0941047 0
    outer loop
      vertex -54.4665 1.06744 -15
      vertex -54.366 2.13066 0
      vertex -54.366 2.13066 -15
    endloop
  endfacet
  facet normal -0.995562 0.0941047 0
    outer loop
      vertex -54.366 2.13066 0
      vertex -54.4665 1.06744 -15
      vertex -54.4665 1.06744 0
    endloop
  endfacet
  facet normal 0.917768 -0.397116 0
    outer loop
      vertex 52.8821 -7.23825 0
      vertex 53.3062 -6.25812 -15
      vertex 53.3062 -6.25812 0
    endloop
  endfacet
  facet normal 0.917768 -0.397116 0
    outer loop
      vertex 53.3062 -6.25812 -15
      vertex 52.8821 -7.23825 0
      vertex 52.8821 -7.23825 -15
    endloop
  endfacet
  facet normal 0.975911 0.21817 0
    outer loop
      vertex 54.1989 3.18548 0
      vertex 53.9659 4.22773 -15
      vertex 53.9659 4.22773 0
    endloop
  endfacet
  facet normal 0.975911 0.21817 0
    outer loop
      vertex 53.9659 4.22773 -15
      vertex 54.1989 3.18548 0
      vertex 54.1989 3.18548 -15
    endloop
  endfacet
  facet normal 0.0313692 0.999508 -0
    outer loop
      vertex 38.5674 16.9665 -15
      vertex 37.5 17 0
      vertex 38.5674 16.9665 0
    endloop
  endfacet
  facet normal 0.0313692 0.999508 0
    outer loop
      vertex 37.5 17 0
      vertex 38.5674 16.9665 -15
      vertex 37.5 17 -15
    endloop
  endfacet
  facet normal -0.999508 0.0313681 0
    outer loop
      vertex -54.5 0 -15
      vertex -54.4665 1.06744 0
      vertex -54.4665 1.06744 -15
    endloop
  endfacet
  facet normal -0.999508 0.0313681 0
    outer loop
      vertex -54.4665 1.06744 0
      vertex -54.5 0 -15
      vertex -54.5 0 0
    endloop
  endfacet
  facet normal -0.750141 -0.661278 0
    outer loop
      vertex -49.8925 -11.6373 -15
      vertex -50.5987 -10.8362 0
      vertex -50.5987 -10.8362 -15
    endloop
  endfacet
  facet normal -0.750141 -0.661278 0
    outer loop
      vertex -50.5987 -10.8362 0
      vertex -49.8925 -11.6373 -15
      vertex -49.8925 -11.6373 0
    endloop
  endfacet
  facet normal 0.750141 -0.661278 0
    outer loop
      vertex 49.8925 -11.6373 0
      vertex 50.5987 -10.8362 -15
      vertex 50.5987 -10.8362 0
    endloop
  endfacet
  facet normal 0.750141 -0.661278 0
    outer loop
      vertex 50.5987 -10.8362 -15
      vertex 49.8925 -11.6373 0
      vertex 49.8925 -11.6373 -15
    endloop
  endfacet
  facet normal 0.999508 0.0313681 0
    outer loop
      vertex 54.5 0 0
      vertex 54.4665 1.06744 -15
      vertex 54.4665 1.06744 0
    endloop
  endfacet
  facet normal 0.999508 0.0313681 0
    outer loop
      vertex 54.4665 1.06744 -15
      vertex 54.5 0 0
      vertex 54.5 0 -15
    endloop
  endfacet
  facet normal -0.454017 -0.890993 0
    outer loop
      vertex -45.6898 -14.8972 -15
      vertex -44.7382 -15.3821 0
      vertex -45.6898 -14.8972 0
    endloop
  endfacet
  facet normal -0.454017 -0.890993 -0
    outer loop
      vertex -44.7382 -15.3821 0
      vertex -45.6898 -14.8972 -15
      vertex -44.7382 -15.3821 -15
    endloop
  endfacet
  facet normal 0.156376 0.987698 -0
    outer loop
      vertex 40.6855 16.6989 -15
      vertex 39.6307 16.8659 0
      vertex 40.6855 16.6989 0
    endloop
  endfacet
  facet normal 0.156376 0.987698 0
    outer loop
      vertex 39.6307 16.8659 0
      vertex 40.6855 16.6989 -15
      vertex 39.6307 16.8659 -15
    endloop
  endfacet
  facet normal 0.827076 -0.56209 0
    outer loop
      vertex 51.2533 -9.99235 0
      vertex 51.8536 -9.10905 -15
      vertex 51.8536 -9.10905 0
    endloop
  endfacet
  facet normal 0.827076 -0.56209 0
    outer loop
      vertex 51.8536 -9.10905 -15
      vertex 51.2533 -9.99235 0
      vertex 51.2533 -9.99235 -15
    endloop
  endfacet
  facet normal 0.454017 -0.890993 0
    outer loop
      vertex 44.7382 -15.3821 -15
      vertex 45.6898 -14.8972 0
      vertex 44.7382 -15.3821 0
    endloop
  endfacet
  facet normal 0.454017 -0.890993 0
    outer loop
      vertex 45.6898 -14.8972 0
      vertex 44.7382 -15.3821 -15
      vertex 45.6898 -14.8972 -15
    endloop
  endfacet
  facet normal -0.562133 0.827047 0
    outer loop
      vertex -46.6091 14.3536 -15
      vertex -47.4923 13.7533 0
      vertex -46.6091 14.3536 0
    endloop
  endfacet
  facet normal -0.562133 0.827047 0
    outer loop
      vertex -47.4923 13.7533 0
      vertex -46.6091 14.3536 -15
      vertex -47.4923 13.7533 -15
    endloop
  endfacet
  facet normal -0.860757 0.509016 0
    outer loop
      vertex -52.3972 8.18981 -15
      vertex -51.8536 9.10905 0
      vertex -51.8536 9.10905 -15
    endloop
  endfacet
  facet normal -0.860757 0.509016 0
    outer loop
      vertex -51.8536 9.10905 0
      vertex -52.3972 8.18981 -15
      vertex -52.3972 8.18981 0
    endloop
  endfacet
  facet normal -0.890985 0.454032 0
    outer loop
      vertex -52.8821 7.23825 -15
      vertex -52.3972 8.18981 0
      vertex -52.3972 8.18981 -15
    endloop
  endfacet
  facet normal -0.890985 0.454032 0
    outer loop
      vertex -52.3972 8.18981 0
      vertex -52.8821 7.23825 -15
      vertex -52.8821 7.23825 0
    endloop
  endfacet
  facet normal -0.508991 0.860772 0
    outer loop
      vertex -45.6898 14.8972 -15
      vertex -46.6091 14.3536 0
      vertex -45.6898 14.8972 0
    endloop
  endfacet
  facet normal -0.508991 0.860772 0
    outer loop
      vertex -46.6091 14.3536 0
      vertex -45.6898 14.8972 -15
      vertex -46.6091 14.3536 -15
    endloop
  endfacet
  facet normal -0.960307 -0.278946 0
    outer loop
      vertex -53.668 -5.25329 -15
      vertex -53.9659 -4.22773 0
      vertex -53.9659 -4.22773 -15
    endloop
  endfacet
  facet normal -0.960307 -0.278946 0
    outer loop
      vertex -53.9659 -4.22773 0
      vertex -53.668 -5.25329 -15
      vertex -53.668 -5.25329 0
    endloop
  endfacet
  facet normal -0.790136 -0.612932 0
    outer loop
      vertex -50.5987 -10.8362 -15
      vertex -51.2533 -9.99235 0
      vertex -51.2533 -9.99235 -15
    endloop
  endfacet
  facet normal -0.790136 -0.612932 0
    outer loop
      vertex -51.2533 -9.99235 0
      vertex -50.5987 -10.8362 -15
      vertex -50.5987 -10.8362 0
    endloop
  endfacet
  facet normal -0.278936 0.96031 0
    outer loop
      vertex -41.7277 16.4659 -15
      vertex -42.7533 16.168 0
      vertex -41.7277 16.4659 0
    endloop
  endfacet
  facet normal -0.278936 0.96031 0
    outer loop
      vertex -42.7533 16.168 0
      vertex -41.7277 16.4659 -15
      vertex -42.7533 16.168 -15
    endloop
  endfacet
  facet normal -0.707107 0.707107 0
    outer loop
      vertex -49.1373 12.3925 -15
      vertex -49.8925 11.6373 0
      vertex -49.1373 12.3925 0
    endloop
  endfacet
  facet normal -0.707107 0.707107 0
    outer loop
      vertex -49.8925 11.6373 0
      vertex -49.1373 12.3925 -15
      vertex -49.8925 11.6373 -15
    endloop
  endfacet
  facet normal 0.612909 -0.790153 0
    outer loop
      vertex 47.4923 -13.7533 -15
      vertex 48.3362 -13.0987 0
      vertex 47.4923 -13.7533 0
    endloop
  endfacet
  facet normal 0.612909 -0.790153 0
    outer loop
      vertex 48.3362 -13.0987 0
      vertex 47.4923 -13.7533 -15
      vertex 48.3362 -13.0987 -15
    endloop
  endfacet
  facet normal -0.612909 0.790153 0
    outer loop
      vertex -47.4923 13.7533 -15
      vertex -48.3362 13.0987 0
      vertex -47.4923 13.7533 0
    endloop
  endfacet
  facet normal -0.612909 0.790153 0
    outer loop
      vertex -48.3362 13.0987 0
      vertex -47.4923 13.7533 -15
      vertex -48.3362 13.0987 -15
    endloop
  endfacet
  facet normal -0.917768 0.397116 0
    outer loop
      vertex -53.3062 6.25812 -15
      vertex -52.8821 7.23825 0
      vertex -52.8821 7.23825 -15
    endloop
  endfacet
  facet normal -0.917768 0.397116 0
    outer loop
      vertex -52.8821 7.23825 0
      vertex -53.3062 6.25812 -15
      vertex -53.3062 6.25812 0
    endloop
  endfacet
  facet normal -0.975911 -0.21817 0
    outer loop
      vertex -53.9659 -4.22773 -15
      vertex -54.1989 -3.18548 0
      vertex -54.1989 -3.18548 -15
    endloop
  endfacet
  facet normal -0.975911 -0.21817 0
    outer loop
      vertex -54.1989 -3.18548 0
      vertex -53.9659 -4.22773 -15
      vertex -53.9659 -4.22773 0
    endloop
  endfacet
  facet normal -0.827076 -0.56209 0
    outer loop
      vertex -51.2533 -9.99235 -15
      vertex -51.8536 -9.10905 0
      vertex -51.8536 -9.10905 -15
    endloop
  endfacet
  facet normal -0.827076 -0.56209 0
    outer loop
      vertex -51.8536 -9.10905 0
      vertex -51.2533 -9.99235 -15
      vertex -51.2533 -9.99235 0
    endloop
  endfacet
  facet normal -0.338779 -0.940866 0
    outer loop
      vertex -43.7581 -15.8062 -15
      vertex -42.7533 -16.168 0
      vertex -43.7581 -15.8062 0
    endloop
  endfacet
  facet normal -0.338779 -0.940866 -0
    outer loop
      vertex -42.7533 -16.168 0
      vertex -43.7581 -15.8062 -15
      vertex -42.7533 -16.168 -15
    endloop
  endfacet
  facet normal 0.790136 0.612932 0
    outer loop
      vertex 51.2533 9.99235 0
      vertex 50.5987 10.8362 -15
      vertex 50.5987 10.8362 0
    endloop
  endfacet
  facet normal 0.790136 0.612932 0
    outer loop
      vertex 50.5987 10.8362 -15
      vertex 51.2533 9.99235 0
      vertex 51.2533 9.99235 -15
    endloop
  endfacet
  facet normal -0.397126 -0.917764 0
    outer loop
      vertex -44.7382 -15.3821 -15
      vertex -43.7581 -15.8062 0
      vertex -44.7382 -15.3821 0
    endloop
  endfacet
  facet normal -0.397126 -0.917764 -0
    outer loop
      vertex -43.7581 -15.8062 0
      vertex -44.7382 -15.3821 -15
      vertex -43.7581 -15.8062 -15
    endloop
  endfacet
  facet normal 0.790136 -0.612932 0
    outer loop
      vertex 50.5987 -10.8362 0
      vertex 51.2533 -9.99235 -15
      vertex 51.2533 -9.99235 0
    endloop
  endfacet
  facet normal 0.790136 -0.612932 0
    outer loop
      vertex 51.2533 -9.99235 -15
      vertex 50.5987 -10.8362 0
      vertex 50.5987 -10.8362 -15
    endloop
  endfacet
  facet normal -0.790136 0.612932 0
    outer loop
      vertex -51.2533 9.99235 -15
      vertex -50.5987 10.8362 0
      vertex -50.5987 10.8362 -15
    endloop
  endfacet
  facet normal -0.790136 0.612932 0
    outer loop
      vertex -50.5987 10.8362 0
      vertex -51.2533 9.99235 -15
      vertex -51.2533 9.99235 0
    endloop
  endfacet
  facet normal -0.975911 0.21817 0
    outer loop
      vertex -54.1989 3.18548 -15
      vertex -53.9659 4.22773 0
      vertex -53.9659 4.22773 -15
    endloop
  endfacet
  facet normal -0.975911 0.21817 0
    outer loop
      vertex -53.9659 4.22773 0
      vertex -54.1989 3.18548 -15
      vertex -54.1989 3.18548 0
    endloop
  endfacet
  facet normal 0.454017 0.890993 -0
    outer loop
      vertex 45.6898 14.8972 -15
      vertex 44.7382 15.3821 0
      vertex 45.6898 14.8972 0
    endloop
  endfacet
  facet normal 0.454017 0.890993 0
    outer loop
      vertex 44.7382 15.3821 0
      vertex 45.6898 14.8972 -15
      vertex 44.7382 15.3821 -15
    endloop
  endfacet
  facet normal -0.156376 0.987698 0
    outer loop
      vertex -39.6307 16.8659 -15
      vertex -40.6855 16.6989 0
      vertex -39.6307 16.8659 0
    endloop
  endfacet
  facet normal -0.156376 0.987698 0
    outer loop
      vertex -40.6855 16.6989 0
      vertex -39.6307 16.8659 -15
      vertex -40.6855 16.6989 -15
    endloop
  endfacet
  facet normal 0.0941905 0.995554 -0
    outer loop
      vertex 39.6307 16.8659 -15
      vertex 38.5674 16.9665 0
      vertex 39.6307 16.8659 0
    endloop
  endfacet
  facet normal 0.0941905 0.995554 0
    outer loop
      vertex 38.5674 16.9665 0
      vertex 39.6307 16.8659 -15
      vertex 38.5674 16.9665 -15
    endloop
  endfacet
  facet normal 0.960307 -0.278946 0
    outer loop
      vertex 53.668 -5.25329 0
      vertex 53.9659 -4.22773 -15
      vertex 53.9659 -4.22773 0
    endloop
  endfacet
  facet normal 0.960307 -0.278946 0
    outer loop
      vertex 53.9659 -4.22773 -15
      vertex 53.668 -5.25329 0
      vertex 53.668 -5.25329 -15
    endloop
  endfacet
  facet normal -0.960307 0.278946 0
    outer loop
      vertex -53.9659 4.22773 -15
      vertex -53.668 5.25329 0
      vertex -53.668 5.25329 -15
    endloop
  endfacet
  facet normal -0.960307 0.278946 0
    outer loop
      vertex -53.668 5.25329 0
      vertex -53.9659 4.22773 -15
      vertex -53.9659 4.22773 0
    endloop
  endfacet
  facet normal 0.0313692 -0.999508 0
    outer loop
      vertex 37.5 -17 -15
      vertex 38.5674 -16.9665 0
      vertex 37.5 -17 0
    endloop
  endfacet
  facet normal 0.0313692 -0.999508 0
    outer loop
      vertex 38.5674 -16.9665 0
      vertex 37.5 -17 -15
      vertex 38.5674 -16.9665 -15
    endloop
  endfacet
  facet normal -0.0941905 0.995554 0
    outer loop
      vertex -38.5674 16.9665 -15
      vertex -39.6307 16.8659 0
      vertex -38.5674 16.9665 0
    endloop
  endfacet
  facet normal -0.0941905 0.995554 0
    outer loop
      vertex -39.6307 16.8659 0
      vertex -38.5674 16.9665 -15
      vertex -39.6307 16.8659 -15
    endloop
  endfacet
  facet normal -0.0313692 -0.999508 0
    outer loop
      vertex -38.5674 -16.9665 -15
      vertex -37.5 -17 0
      vertex -38.5674 -16.9665 0
    endloop
  endfacet
  facet normal -0.0313692 -0.999508 -0
    outer loop
      vertex -37.5 -17 0
      vertex -38.5674 -16.9665 -15
      vertex -37.5 -17 -15
    endloop
  endfacet
  facet normal 0.707107 -0.707107 0
    outer loop
      vertex 49.1373 -12.3925 -15
      vertex 49.8925 -11.6373 0
      vertex 49.1373 -12.3925 0
    endloop
  endfacet
  facet normal 0.707107 -0.707107 0
    outer loop
      vertex 49.8925 -11.6373 0
      vertex 49.1373 -12.3925 -15
      vertex 49.8925 -11.6373 -15
    endloop
  endfacet
  facet normal -0.0313692 0.999508 0
    outer loop
      vertex -37.5 17 -15
      vertex -38.5674 16.9665 0
      vertex -37.5 17 0
    endloop
  endfacet
  facet normal -0.0313692 0.999508 0
    outer loop
      vertex -38.5674 16.9665 0
      vertex -37.5 17 -15
      vertex -38.5674 16.9665 -15
    endloop
  endfacet
  facet normal -0.21818 -0.975909 0
    outer loop
      vertex -41.7277 -16.4659 -15
      vertex -40.6855 -16.6989 0
      vertex -41.7277 -16.4659 0
    endloop
  endfacet
  facet normal -0.21818 -0.975909 -0
    outer loop
      vertex -40.6855 -16.6989 0
      vertex -41.7277 -16.4659 -15
      vertex -40.6855 -16.6989 -15
    endloop
  endfacet
  facet normal 0.278936 0.96031 -0
    outer loop
      vertex 42.7533 16.168 -15
      vertex 41.7277 16.4659 0
      vertex 42.7533 16.168 0
    endloop
  endfacet
  facet normal 0.278936 0.96031 0
    outer loop
      vertex 41.7277 16.4659 0
      vertex 42.7533 16.168 -15
      vertex 41.7277 16.4659 -15
    endloop
  endfacet
  facet normal 0.860757 0.509016 0
    outer loop
      vertex 52.3972 8.18981 0
      vertex 51.8536 9.10905 -15
      vertex 51.8536 9.10905 0
    endloop
  endfacet
  facet normal 0.860757 0.509016 0
    outer loop
      vertex 51.8536 9.10905 -15
      vertex 52.3972 8.18981 0
      vertex 52.3972 8.18981 -15
    endloop
  endfacet
  facet normal -0.750141 0.661278 0
    outer loop
      vertex -50.5987 10.8362 -15
      vertex -49.8925 11.6373 0
      vertex -49.8925 11.6373 -15
    endloop
  endfacet
  facet normal -0.750141 0.661278 0
    outer loop
      vertex -49.8925 11.6373 0
      vertex -50.5987 10.8362 -15
      vertex -50.5987 10.8362 0
    endloop
  endfacet
  facet normal 0 0 -1
    outer loop
      vertex 50.5 0 -15
      vertex 54.5 0 -15
      vertex 54.4665 -1.06744 -15
    endloop
  endfacet
  facet normal 0 0 -1
    outer loop
      vertex 50.4743 -0.816277 -15
      vertex 54.4665 -1.06744 -15
      vertex 54.366 -2.13066 -15
    endloop
  endfacet
  facet normal 0 0 -1
    outer loop
      vertex 54.5 0 -15
      vertex 50.5 0 -15
      vertex 54.4665 1.06744 -15
    endloop
  endfacet
  facet normal 0 0 -1
    outer loop
      vertex 50.3975 -1.62933 -15
      vertex 54.366 -2.13066 -15
      vertex 54.1989 -3.18548 -15
    endloop
  endfacet
  facet normal 0 0 -1
    outer loop
      vertex 50.4743 0.816277 -15
      vertex 54.4665 1.06744 -15
      vertex 50.5 0 -15
    endloop
  endfacet
  facet normal 0 0 -1
    outer loop
      vertex 50.2697 -2.43596 -15
      vertex 54.1989 -3.18548 -15
      vertex 53.9659 -4.22773 -15
    endloop
  endfacet
  facet normal -0 0 -1
    outer loop
      vertex 54.4665 1.06744 -15
      vertex 50.4743 0.816277 -15
      vertex 54.366 2.13066 -15
    endloop
  endfacet
  facet normal 0 0 -1
    outer loop
      vertex 50.0916 -3.23297 -15
      vertex 53.9659 -4.22773 -15
      vertex 53.668 -5.25329 -15
    endloop
  endfacet
  facet normal 0 0 -1
    outer loop
      vertex 50.3975 1.62933 -15
      vertex 54.366 2.13066 -15
      vertex 50.4743 0.816277 -15
    endloop
  endfacet
  facet normal 0 0 -1
    outer loop
      vertex 49.8637 -4.01722 -15
      vertex 53.668 -5.25329 -15
      vertex 53.3062 -6.25812 -15
    endloop
  endfacet
  facet normal -0 0 -1
    outer loop
      vertex 54.366 2.13066 -15
      vertex 50.3975 1.62933 -15
      vertex 54.1989 3.18548 -15
    endloop
  endfacet
  facet normal 0 0 -1
    outer loop
      vertex 49.5871 -4.78562 -15
      vertex 53.3062 -6.25812 -15
      vertex 52.8821 -7.23825 -15
    endloop
  endfacet
  facet normal 0 0 -1
    outer loop
      vertex 50.2697 2.43596 -15
      vertex 54.1989 3.18548 -15
      vertex 50.3975 1.62933 -15
    endloop
  endfacet
  facet normal 0 0 -1
    outer loop
      vertex 49.2628 -5.53513 -15
      vertex 52.8821 -7.23825 -15
      vertex 52.3972 -8.18981 -15
    endloop
  endfacet
  facet normal -0 0 -1
    outer loop
      vertex 54.1989 3.18548 -15
      vertex 50.2697 2.43596 -15
      vertex 53.9659 4.22773 -15
    endloop
  endfacet
  facet normal 0 0 -1
    outer loop
      vertex 48.892 -6.2628 -15
      vertex 52.3972 -8.18981 -15
      vertex 51.8536 -9.10905 -15
    endloop
  endfacet
  facet normal 0 0 -1
    outer loop
      vertex 50.0916 3.23297 -15
      vertex 53.9659 4.22773 -15
      vertex 50.2697 2.43596 -15
    endloop
  endfacet
  facet normal 0 0 -1
    outer loop
      vertex 48.4763 -6.96575 -15
      vertex 51.8536 -9.10905 -15
      vertex 51.2533 -9.99235 -15
    endloop
  endfacet
  facet normal -0 0 -1
    outer loop
      vertex 53.9659 4.22773 -15
      vertex 50.0916 3.23297 -15
      vertex 53.668 5.25329 -15
    endloop
  endfacet
  facet normal 0 0 -1
    outer loop
      vertex 48.0172 -7.64121 -15
      vertex 51.2533 -9.99235 -15
      vertex 50.5987 -10.8362 -15
    endloop
  endfacet
  facet normal 0 0 -1
    outer loop
      vertex 49.8637 4.01722 -15
      vertex 53.668 5.25329 -15
      vertex 50.0916 3.23297 -15
    endloop
  endfacet
  facet normal -0 0 -1
    outer loop
      vertex 53.668 5.25329 -15
      vertex 49.8637 4.01722 -15
      vertex 53.3062 6.25812 -15
    endloop
  endfacet
  facet normal 0 0 -1
    outer loop
      vertex 54.4665 -1.06744 -15
      vertex 50.4743 -0.816277 -15
      vertex 50.5 0 -15
    endloop
  endfacet
  facet normal 0 0 -1
    outer loop
      vertex 54.366 -2.13066 -15
      vertex 50.3975 -1.62933 -15
      vertex 50.4743 -0.816277 -15
    endloop
  endfacet
  facet normal 0 0 -1
    outer loop
      vertex 54.1989 -3.18548 -15
      vertex 50.2697 -2.43596 -15
      vertex 50.3975 -1.62933 -15
    endloop
  endfacet
  facet normal 0 0 -1
    outer loop
      vertex 53.9659 -4.22773 -15
      vertex 50.0916 -3.23297 -15
      vertex 50.2697 -2.43596 -15
    endloop
  endfacet
  facet normal 0 0 -1
    outer loop
      vertex 47.5167 -8.28651 -15
      vertex 50.5987 -10.8362 -15
      vertex 49.8925 -11.6373 -15
    endloop
  endfacet
  facet normal 0 0 -1
    outer loop
      vertex 53.668 -5.25329 -15
      vertex 49.8637 -4.01722 -15
      vertex 50.0916 -3.23297 -15
    endloop
  endfacet
  facet normal 0 0 -1
    outer loop
      vertex 53.3062 -6.25812 -15
      vertex 49.5871 -4.78562 -15
      vertex 49.8637 -4.01722 -15
    endloop
  endfacet
  facet normal 0 0 -1
    outer loop
      vertex 52.8821 -7.23825 -15
      vertex 49.2628 -5.53513 -15
      vertex 49.5871 -4.78562 -15
    endloop
  endfacet
  facet normal 0 0 -1
    outer loop
      vertex 46.9766 -8.89911 -15
      vertex 49.8925 -11.6373 -15
      vertex 49.1373 -12.3925 -15
    endloop
  endfacet
  facet normal 0 0 -1
    outer loop
      vertex 52.3972 -8.18981 -15
      vertex 48.892 -6.2628 -15
      vertex 49.2628 -5.53513 -15
    endloop
  endfacet
  facet normal 0 0 -1
    outer loop
      vertex 51.8536 -9.10905 -15
      vertex 48.4763 -6.96575 -15
      vertex 48.892 -6.2628 -15
    endloop
  endfacet
  facet normal 0 0 -1
    outer loop
      vertex 46.3991 -9.47659 -15
      vertex 49.1373 -12.3925 -15
      vertex 48.3362 -13.0987 -15
    endloop
  endfacet
  facet normal 0 0 -1
    outer loop
      vertex 51.2533 -9.99235 -15
      vertex 48.0172 -7.64121 -15
      vertex 48.4763 -6.96575 -15
    endloop
  endfacet
  facet normal 0 0 -1
    outer loop
      vertex 50.5987 -10.8362 -15
      vertex 47.5167 -8.28651 -15
      vertex 48.0172 -7.64121 -15
    endloop
  endfacet
  facet normal 0 0 -1
    outer loop
      vertex 45.7865 -10.0167 -15
      vertex 48.3362 -13.0987 -15
      vertex 47.4923 -13.7533 -15
    endloop
  endfacet
  facet normal 0 0 -1
    outer loop
      vertex 49.8925 -11.6373 -15
      vertex 46.9766 -8.89911 -15
      vertex 47.5167 -8.28651 -15
    endloop
  endfacet
  facet normal 0 0 -1
    outer loop
      vertex 45.1412 -10.5172 -15
      vertex 47.4923 -13.7533 -15
      vertex 46.6091 -14.3536 -15
    endloop
  endfacet
  facet normal 0 0 -1
    outer loop
      vertex 49.1373 -12.3925 -15
      vertex 46.3991 -9.47659 -15
      vertex 46.9766 -8.89911 -15
    endloop
  endfacet
  facet normal 0 0 -1
    outer loop
      vertex 48.3362 -13.0987 -15
      vertex 45.7865 -10.0167 -15
      vertex 46.3991 -9.47659 -15
    endloop
  endfacet
  facet normal 0 0 -1
    outer loop
      vertex 44.4657 -10.9763 -15
      vertex 46.6091 -14.3536 -15
      vertex 45.6898 -14.8972 -15
    endloop
  endfacet
  facet normal 0 0 -1
    outer loop
      vertex 47.4923 -13.7533 -15
      vertex 45.1412 -10.5172 -15
      vertex 45.7865 -10.0167 -15
    endloop
  endfacet
  facet normal 0 0 -1
    outer loop
      vertex 43.7628 -11.392 -15
      vertex 45.6898 -14.8972 -15
      vertex 44.7382 -15.3821 -15
    endloop
  endfacet
  facet normal 0 0 -1
    outer loop
      vertex 46.6091 -14.3536 -15
      vertex 44.4657 -10.9763 -15
      vertex 45.1412 -10.5172 -15
    endloop
  endfacet
  facet normal 0 0 -1
    outer loop
      vertex 45.6898 -14.8972 -15
      vertex 43.7628 -11.392 -15
      vertex 44.4657 -10.9763 -15
    endloop
  endfacet
  facet normal 0 0 -1
    outer loop
      vertex 43.0351 -11.7628 -15
      vertex 44.7382 -15.3821 -15
      vertex 43.7581 -15.8062 -15
    endloop
  endfacet
  facet normal 0 0 -1
    outer loop
      vertex 44.7382 -15.3821 -15
      vertex 43.0351 -11.7628 -15
      vertex 43.7628 -11.392 -15
    endloop
  endfacet
  facet normal 0 0 -1
    outer loop
      vertex 42.2856 -12.0871 -15
      vertex 43.7581 -15.8062 -15
      vertex 42.7533 -16.168 -15
    endloop
  endfacet
  facet normal 0 0 -1
    outer loop
      vertex 43.7581 -15.8062 -15
      vertex 42.2856 -12.0871 -15
      vertex 43.0351 -11.7628 -15
    endloop
  endfacet
  facet normal 0 0 -1
    outer loop
      vertex 41.5172 -12.3637 -15
      vertex 42.7533 -16.168 -15
      vertex 41.7277 -16.4659 -15
    endloop
  endfacet
  facet normal 0 0 -1
    outer loop
      vertex 42.7533 -16.168 -15
      vertex 41.5172 -12.3637 -15
      vertex 42.2856 -12.0871 -15
    endloop
  endfacet
  facet normal 0 0 -1
    outer loop
      vertex 41.7277 -16.4659 -15
      vertex 40.733 -12.5916 -15
      vertex 41.5172 -12.3637 -15
    endloop
  endfacet
  facet normal 0 0 -1
    outer loop
      vertex 40.6855 -16.6989 -15
      vertex 40.733 -12.5916 -15
      vertex 41.7277 -16.4659 -15
    endloop
  endfacet
  facet normal 0 0 -1
    outer loop
      vertex 40.6855 -16.6989 -15
      vertex 39.936 -12.7697 -15
      vertex 40.733 -12.5916 -15
    endloop
  endfacet
  facet normal 0 0 -1
    outer loop
      vertex 39.6307 -16.8659 -15
      vertex 39.936 -12.7697 -15
      vertex 40.6855 -16.6989 -15
    endloop
  endfacet
  facet normal 0 0 -1
    outer loop
      vertex 39.6307 -16.8659 -15
      vertex 39.1293 -12.8975 -15
      vertex 39.936 -12.7697 -15
    endloop
  endfacet
  facet normal 0 0 -1
    outer loop
      vertex 38.5674 -16.9665 -15
      vertex 39.1293 -12.8975 -15
      vertex 39.6307 -16.8659 -15
    endloop
  endfacet
  facet normal 0 0 -1
    outer loop
      vertex 38.5674 -16.9665 -15
      vertex 38.3163 -12.9743 -15
      vertex 39.1293 -12.8975 -15
    endloop
  endfacet
  facet normal 0 0 -1
    outer loop
      vertex 37.5 -17 -15
      vertex 38.3163 -12.9743 -15
      vertex 38.5674 -16.9665 -15
    endloop
  endfacet
  facet normal 0 0 -1
    outer loop
      vertex 37.5 -17 -15
      vertex 37.5 -13 -15
      vertex 38.3163 -12.9743 -15
    endloop
  endfacet
  facet normal 0 0 -1
    outer loop
      vertex -37.5 -17 -15
      vertex 37.5 -13 -15
      vertex 37.5 -17 -15
    endloop
  endfacet
  facet normal 0 0 -1
    outer loop
      vertex -37.5 -17 -15
      vertex -37.5 -13 -15
      vertex 37.5 -13 -15
    endloop
  endfacet
  facet normal 0 0 -1
    outer loop
      vertex -37.5 -17 -15
      vertex -38.3163 -12.9743 -15
      vertex -37.5 -13 -15
    endloop
  endfacet
  facet normal 0 0 -1
    outer loop
      vertex -38.5674 -16.9665 -15
      vertex -38.3163 -12.9743 -15
      vertex -37.5 -17 -15
    endloop
  endfacet
  facet normal 0 0 -1
    outer loop
      vertex -38.5674 -16.9665 -15
      vertex -39.1293 -12.8975 -15
      vertex -38.3163 -12.9743 -15
    endloop
  endfacet
  facet normal 0 0 -1
    outer loop
      vertex -39.6307 -16.8659 -15
      vertex -39.1293 -12.8975 -15
      vertex -38.5674 -16.9665 -15
    endloop
  endfacet
  facet normal 0 0 -1
    outer loop
      vertex -39.6307 -16.8659 -15
      vertex -39.936 -12.7697 -15
      vertex -39.1293 -12.8975 -15
    endloop
  endfacet
  facet normal 0 0 -1
    outer loop
      vertex -40.6855 -16.6989 -15
      vertex -39.936 -12.7697 -15
      vertex -39.6307 -16.8659 -15
    endloop
  endfacet
  facet normal 0 0 -1
    outer loop
      vertex -40.6855 -16.6989 -15
      vertex -40.733 -12.5916 -15
      vertex -39.936 -12.7697 -15
    endloop
  endfacet
  facet normal 0 0 -1
    outer loop
      vertex -41.7277 -16.4659 -15
      vertex -40.733 -12.5916 -15
      vertex -40.6855 -16.6989 -15
    endloop
  endfacet
  facet normal -0 0 -1
    outer loop
      vertex -40.733 -12.5916 -15
      vertex -41.7277 -16.4659 -15
      vertex -41.5172 -12.3637 -15
    endloop
  endfacet
  facet normal 0 0 -1
    outer loop
      vertex -42.7533 -16.168 -15
      vertex -41.5172 -12.3637 -15
      vertex -41.7277 -16.4659 -15
    endloop
  endfacet
  facet normal -0 0 -1
    outer loop
      vertex -41.5172 -12.3637 -15
      vertex -42.7533 -16.168 -15
      vertex -42.2856 -12.0871 -15
    endloop
  endfacet
  facet normal 0 0 -1
    outer loop
      vertex -43.7581 -15.8062 -15
      vertex -42.2856 -12.0871 -15
      vertex -42.7533 -16.168 -15
    endloop
  endfacet
  facet normal -0 0 -1
    outer loop
      vertex -42.2856 -12.0871 -15
      vertex -43.7581 -15.8062 -15
      vertex -43.0351 -11.7628 -15
    endloop
  endfacet
  facet normal 0 0 -1
    outer loop
      vertex -44.7382 -15.3821 -15
      vertex -43.0351 -11.7628 -15
      vertex -43.7581 -15.8062 -15
    endloop
  endfacet
  facet normal -0 0 -1
    outer loop
      vertex -43.0351 -11.7628 -15
      vertex -44.7382 -15.3821 -15
      vertex -43.7628 -11.392 -15
    endloop
  endfacet
  facet normal 0 0 -1
    outer loop
      vertex -45.6898 -14.8972 -15
      vertex -43.7628 -11.392 -15
      vertex -44.7382 -15.3821 -15
    endloop
  endfacet
  facet normal -0 0 -1
    outer loop
      vertex -43.7628 -11.392 -15
      vertex -45.6898 -14.8972 -15
      vertex -44.4657 -10.9763 -15
    endloop
  endfacet
  facet normal 0 0 -1
    outer loop
      vertex -46.6091 -14.3536 -15
      vertex -44.4657 -10.9763 -15
      vertex -45.6898 -14.8972 -15
    endloop
  endfacet
  facet normal -0 0 -1
    outer loop
      vertex -44.4657 -10.9763 -15
      vertex -46.6091 -14.3536 -15
      vertex -45.1412 -10.5172 -15
    endloop
  endfacet
  facet normal 0 0 -1
    outer loop
      vertex -47.4923 -13.7533 -15
      vertex -45.1412 -10.5172 -15
      vertex -46.6091 -14.3536 -15
    endloop
  endfacet
  facet normal -0 0 -1
    outer loop
      vertex -45.1412 -10.5172 -15
      vertex -47.4923 -13.7533 -15
      vertex -45.7865 -10.0167 -15
    endloop
  endfacet
  facet normal 0 0 -1
    outer loop
      vertex -48.3362 -13.0987 -15
      vertex -45.7865 -10.0167 -15
      vertex -47.4923 -13.7533 -15
    endloop
  endfacet
  facet normal -0 0 -1
    outer loop
      vertex -45.7865 -10.0167 -15
      vertex -48.3362 -13.0987 -15
      vertex -46.3991 -9.47659 -15
    endloop
  endfacet
  facet normal 0 0 -1
    outer loop
      vertex -49.1373 -12.3925 -15
      vertex -46.3991 -9.47659 -15
      vertex -48.3362 -13.0987 -15
    endloop
  endfacet
  facet normal -0 0 -1
    outer loop
      vertex -46.3991 -9.47659 -15
      vertex -49.1373 -12.3925 -15
      vertex -46.9766 -8.89911 -15
    endloop
  endfacet
  facet normal 0 0 -1
    outer loop
      vertex -49.8925 -11.6373 -15
      vertex -46.9766 -8.89911 -15
      vertex -49.1373 -12.3925 -15
    endloop
  endfacet
  facet normal -0 0 -1
    outer loop
      vertex -46.9766 -8.89911 -15
      vertex -49.8925 -11.6373 -15
      vertex -47.5167 -8.28651 -15
    endloop
  endfacet
  facet normal 0 0 -1
    outer loop
      vertex -50.5987 -10.8362 -15
      vertex -47.5167 -8.28651 -15
      vertex -49.8925 -11.6373 -15
    endloop
  endfacet
  facet normal -0 0 -1
    outer loop
      vertex -47.5167 -8.28651 -15
      vertex -50.5987 -10.8362 -15
      vertex -48.0172 -7.64121 -15
    endloop
  endfacet
  facet normal 0 0 -1
    outer loop
      vertex -51.2533 -9.99235 -15
      vertex -48.0172 -7.64121 -15
      vertex -50.5987 -10.8362 -15
    endloop
  endfacet
  facet normal -0 0 -1
    outer loop
      vertex -48.0172 -7.64121 -15
      vertex -51.2533 -9.99235 -15
      vertex -48.4763 -6.96575 -15
    endloop
  endfacet
  facet normal 0 0 -1
    outer loop
      vertex -51.8536 -9.10905 -15
      vertex -48.4763 -6.96575 -15
      vertex -51.2533 -9.99235 -15
    endloop
  endfacet
  facet normal -0 0 -1
    outer loop
      vertex -48.4763 -6.96575 -15
      vertex -51.8536 -9.10905 -15
      vertex -48.892 -6.2628 -15
    endloop
  endfacet
  facet normal 0 0 -1
    outer loop
      vertex -52.3972 -8.18981 -15
      vertex -48.892 -6.2628 -15
      vertex -51.8536 -9.10905 -15
    endloop
  endfacet
  facet normal -0 0 -1
    outer loop
      vertex -48.892 -6.2628 -15
      vertex -52.3972 -8.18981 -15
      vertex -49.2628 -5.53513 -15
    endloop
  endfacet
  facet normal 0 0 -1
    outer loop
      vertex -52.8821 -7.23825 -15
      vertex -49.2628 -5.53513 -15
      vertex -52.3972 -8.18981 -15
    endloop
  endfacet
  facet normal -0 0 -1
    outer loop
      vertex -49.2628 -5.53513 -15
      vertex -52.8821 -7.23825 -15
      vertex -49.5871 -4.78562 -15
    endloop
  endfacet
  facet normal -0 0 -1
    outer loop
      vertex -49.5871 -4.78562 -15
      vertex -53.3062 -6.25812 -15
      vertex -49.8637 -4.01722 -15
    endloop
  endfacet
  facet normal 0 0 -1
    outer loop
      vertex -53.3062 -6.25812 -15
      vertex -49.5871 -4.78562 -15
      vertex -52.8821 -7.23825 -15
    endloop
  endfacet
  facet normal 0 0 -1
    outer loop
      vertex 49.5871 4.78562 -15
      vertex 53.3062 6.25812 -15
      vertex 49.8637 4.01722 -15
    endloop
  endfacet
  facet normal -0 0 -1
    outer loop
      vertex 53.3062 6.25812 -15
      vertex 49.5871 4.78562 -15
      vertex 52.8821 7.23825 -15
    endloop
  endfacet
  facet normal 0 0 -1
    outer loop
      vertex 49.2628 5.53513 -15
      vertex 52.8821 7.23825 -15
      vertex 49.5871 4.78562 -15
    endloop
  endfacet
  facet normal -0 0 -1
    outer loop
      vertex 52.8821 7.23825 -15
      vertex 49.2628 5.53513 -15
      vertex 52.3972 8.18981 -15
    endloop
  endfacet
  facet normal 0 0 -1
    outer loop
      vertex 48.892 6.2628 -15
      vertex 52.3972 8.18981 -15
      vertex 49.2628 5.53513 -15
    endloop
  endfacet
  facet normal -0 0 -1
    outer loop
      vertex 52.3972 8.18981 -15
      vertex 48.892 6.2628 -15
      vertex 51.8536 9.10905 -15
    endloop
  endfacet
  facet normal 0 0 -1
    outer loop
      vertex 48.4763 6.96575 -15
      vertex 51.8536 9.10905 -15
      vertex 48.892 6.2628 -15
    endloop
  endfacet
  facet normal -0 0 -1
    outer loop
      vertex 51.8536 9.10905 -15
      vertex 48.4763 6.96575 -15
      vertex 51.2533 9.99235 -15
    endloop
  endfacet
  facet normal 0 0 -1
    outer loop
      vertex 48.0172 7.64121 -15
      vertex 51.2533 9.99235 -15
      vertex 48.4763 6.96575 -15
    endloop
  endfacet
  facet normal -0 0 -1
    outer loop
      vertex 51.2533 9.99235 -15
      vertex 48.0172 7.64121 -15
      vertex 50.5987 10.8362 -15
    endloop
  endfacet
  facet normal 0 0 -1
    outer loop
      vertex 47.5167 8.28651 -15
      vertex 50.5987 10.8362 -15
      vertex 48.0172 7.64121 -15
    endloop
  endfacet
  facet normal -0 0 -1
    outer loop
      vertex 50.5987 10.8362 -15
      vertex 47.5167 8.28651 -15
      vertex 49.8925 11.6373 -15
    endloop
  endfacet
  facet normal 0 0 -1
    outer loop
      vertex 46.9766 8.89911 -15
      vertex 49.8925 11.6373 -15
      vertex 47.5167 8.28651 -15
    endloop
  endfacet
  facet normal -0 0 -1
    outer loop
      vertex 49.8925 11.6373 -15
      vertex 46.9766 8.89911 -15
      vertex 49.1373 12.3925 -15
    endloop
  endfacet
  facet normal 0 0 -1
    outer loop
      vertex 46.3991 9.47659 -15
      vertex 49.1373 12.3925 -15
      vertex 46.9766 8.89911 -15
    endloop
  endfacet
  facet normal -0 0 -1
    outer loop
      vertex 49.1373 12.3925 -15
      vertex 46.3991 9.47659 -15
      vertex 48.3362 13.0987 -15
    endloop
  endfacet
  facet normal 0 0 -1
    outer loop
      vertex 45.7865 10.0167 -15
      vertex 48.3362 13.0987 -15
      vertex 46.3991 9.47659 -15
    endloop
  endfacet
  facet normal -0 0 -1
    outer loop
      vertex 48.3362 13.0987 -15
      vertex 45.7865 10.0167 -15
      vertex 47.4923 13.7533 -15
    endloop
  endfacet
  facet normal 0 0 -1
    outer loop
      vertex 45.1412 10.5172 -15
      vertex 47.4923 13.7533 -15
      vertex 45.7865 10.0167 -15
    endloop
  endfacet
  facet normal -0 0 -1
    outer loop
      vertex 47.4923 13.7533 -15
      vertex 45.1412 10.5172 -15
      vertex 46.6091 14.3536 -15
    endloop
  endfacet
  facet normal 0 0 -1
    outer loop
      vertex 44.4657 10.9763 -15
      vertex 46.6091 14.3536 -15
      vertex 45.1412 10.5172 -15
    endloop
  endfacet
  facet normal -0 0 -1
    outer loop
      vertex 46.6091 14.3536 -15
      vertex 44.4657 10.9763 -15
      vertex 45.6898 14.8972 -15
    endloop
  endfacet
  facet normal 0 0 -1
    outer loop
      vertex 43.7628 11.392 -15
      vertex 45.6898 14.8972 -15
      vertex 44.4657 10.9763 -15
    endloop
  endfacet
  facet normal -0 0 -1
    outer loop
      vertex 45.6898 14.8972 -15
      vertex 43.7628 11.392 -15
      vertex 44.7382 15.3821 -15
    endloop
  endfacet
  facet normal 0 0 -1
    outer loop
      vertex 43.0351 11.7628 -15
      vertex 44.7382 15.3821 -15
      vertex 43.7628 11.392 -15
    endloop
  endfacet
  facet normal -0 0 -1
    outer loop
      vertex 44.7382 15.3821 -15
      vertex 43.0351 11.7628 -15
      vertex 43.7581 15.8062 -15
    endloop
  endfacet
  facet normal 0 0 -1
    outer loop
      vertex 42.2856 12.0871 -15
      vertex 43.7581 15.8062 -15
      vertex 43.0351 11.7628 -15
    endloop
  endfacet
  facet normal -0 0 -1
    outer loop
      vertex 43.7581 15.8062 -15
      vertex 42.2856 12.0871 -15
      vertex 42.7533 16.168 -15
    endloop
  endfacet
  facet normal 0 0 -1
    outer loop
      vertex 41.5172 12.3637 -15
      vertex 42.7533 16.168 -15
      vertex 42.2856 12.0871 -15
    endloop
  endfacet
  facet normal -0 0 -1
    outer loop
      vertex 42.7533 16.168 -15
      vertex 41.5172 12.3637 -15
      vertex 41.7277 16.4659 -15
    endloop
  endfacet
  facet normal 0 0 -1
    outer loop
      vertex 40.733 12.5916 -15
      vertex 41.7277 16.4659 -15
      vertex 41.5172 12.3637 -15
    endloop
  endfacet
  facet normal 0 0 -1
    outer loop
      vertex 40.733 12.5916 -15
      vertex 40.6855 16.6989 -15
      vertex 41.7277 16.4659 -15
    endloop
  endfacet
  facet normal 0 0 -1
    outer loop
      vertex 39.936 12.7697 -15
      vertex 40.6855 16.6989 -15
      vertex 40.733 12.5916 -15
    endloop
  endfacet
  facet normal 0 0 -1
    outer loop
      vertex 39.936 12.7697 -15
      vertex 39.6307 16.8659 -15
      vertex 40.6855 16.6989 -15
    endloop
  endfacet
  facet normal 0 0 -1
    outer loop
      vertex 39.1293 12.8975 -15
      vertex 39.6307 16.8659 -15
      vertex 39.936 12.7697 -15
    endloop
  endfacet
  facet normal 0 0 -1
    outer loop
      vertex 39.1293 12.8975 -15
      vertex 38.5674 16.9665 -15
      vertex 39.6307 16.8659 -15
    endloop
  endfacet
  facet normal 0 0 -1
    outer loop
      vertex 38.3163 12.9743 -15
      vertex 38.5674 16.9665 -15
      vertex 39.1293 12.8975 -15
    endloop
  endfacet
  facet normal 0 0 -1
    outer loop
      vertex 37.5 13 -15
      vertex 38.5674 16.9665 -15
      vertex 38.3163 12.9743 -15
    endloop
  endfacet
  facet normal 0 0 -1
    outer loop
      vertex 37.5 13 -15
      vertex 37.5 17 -15
      vertex 38.5674 16.9665 -15
    endloop
  endfacet
  facet normal 0 0 -1
    outer loop
      vertex -37.5 13 -15
      vertex 37.5 17 -15
      vertex 37.5 13 -15
    endloop
  endfacet
  facet normal 0 0 -1
    outer loop
      vertex -37.5 13 -15
      vertex -37.5 17 -15
      vertex 37.5 17 -15
    endloop
  endfacet
  facet normal 0 0 -1
    outer loop
      vertex -38.3163 12.9743 -15
      vertex -37.5 17 -15
      vertex -37.5 13 -15
    endloop
  endfacet
  facet normal 0 0 -1
    outer loop
      vertex -38.3163 12.9743 -15
      vertex -38.5674 16.9665 -15
      vertex -37.5 17 -15
    endloop
  endfacet
  facet normal 0 0 -1
    outer loop
      vertex -39.1293 12.8975 -15
      vertex -38.5674 16.9665 -15
      vertex -38.3163 12.9743 -15
    endloop
  endfacet
  facet normal 0 0 -1
    outer loop
      vertex -39.1293 12.8975 -15
      vertex -39.6307 16.8659 -15
      vertex -38.5674 16.9665 -15
    endloop
  endfacet
  facet normal 0 0 -1
    outer loop
      vertex -39.936 12.7697 -15
      vertex -39.6307 16.8659 -15
      vertex -39.1293 12.8975 -15
    endloop
  endfacet
  facet normal 0 0 -1
    outer loop
      vertex -39.936 12.7697 -15
      vertex -40.6855 16.6989 -15
      vertex -39.6307 16.8659 -15
    endloop
  endfacet
  facet normal 0 0 -1
    outer loop
      vertex -40.733 12.5916 -15
      vertex -40.6855 16.6989 -15
      vertex -39.936 12.7697 -15
    endloop
  endfacet
  facet normal 0 0 -1
    outer loop
      vertex -41.7277 16.4659 -15
      vertex -40.733 12.5916 -15
      vertex -41.5172 12.3637 -15
    endloop
  endfacet
  facet normal 0 0 -1
    outer loop
      vertex -40.733 12.5916 -15
      vertex -41.7277 16.4659 -15
      vertex -40.6855 16.6989 -15
    endloop
  endfacet
  facet normal 0 0 -1
    outer loop
      vertex -42.7533 16.168 -15
      vertex -41.5172 12.3637 -15
      vertex -42.2856 12.0871 -15
    endloop
  endfacet
  facet normal 0 0 -1
    outer loop
      vertex -41.5172 12.3637 -15
      vertex -42.7533 16.168 -15
      vertex -41.7277 16.4659 -15
    endloop
  endfacet
  facet normal 0 0 -1
    outer loop
      vertex -43.7581 15.8062 -15
      vertex -42.2856 12.0871 -15
      vertex -43.0351 11.7628 -15
    endloop
  endfacet
  facet normal 0 0 -1
    outer loop
      vertex -42.2856 12.0871 -15
      vertex -43.7581 15.8062 -15
      vertex -42.7533 16.168 -15
    endloop
  endfacet
  facet normal 0 0 -1
    outer loop
      vertex -44.7382 15.3821 -15
      vertex -43.0351 11.7628 -15
      vertex -43.7628 11.392 -15
    endloop
  endfacet
  facet normal 0 0 -1
    outer loop
      vertex -45.6898 14.8972 -15
      vertex -43.7628 11.392 -15
      vertex -44.4657 10.9763 -15
    endloop
  endfacet
  facet normal 0 0 -1
    outer loop
      vertex -43.0351 11.7628 -15
      vertex -44.7382 15.3821 -15
      vertex -43.7581 15.8062 -15
    endloop
  endfacet
  facet normal 0 0 -1
    outer loop
      vertex -46.6091 14.3536 -15
      vertex -44.4657 10.9763 -15
      vertex -45.1412 10.5172 -15
    endloop
  endfacet
  facet normal 0 0 -1
    outer loop
      vertex -43.7628 11.392 -15
      vertex -45.6898 14.8972 -15
      vertex -44.7382 15.3821 -15
    endloop
  endfacet
  facet normal 0 0 -1
    outer loop
      vertex -47.4923 13.7533 -15
      vertex -45.1412 10.5172 -15
      vertex -45.7865 10.0167 -15
    endloop
  endfacet
  facet normal 0 0 -1
    outer loop
      vertex -48.3362 13.0987 -15
      vertex -45.7865 10.0167 -15
      vertex -46.3991 9.47659 -15
    endloop
  endfacet
  facet normal 0 0 -1
    outer loop
      vertex -44.4657 10.9763 -15
      vertex -46.6091 14.3536 -15
      vertex -45.6898 14.8972 -15
    endloop
  endfacet
  facet normal 0 0 -1
    outer loop
      vertex -49.1373 12.3925 -15
      vertex -46.3991 9.47659 -15
      vertex -46.9766 8.89911 -15
    endloop
  endfacet
  facet normal 0 0 -1
    outer loop
      vertex -45.1412 10.5172 -15
      vertex -47.4923 13.7533 -15
      vertex -46.6091 14.3536 -15
    endloop
  endfacet
  facet normal 0 0 -1
    outer loop
      vertex -49.8925 11.6373 -15
      vertex -46.9766 8.89911 -15
      vertex -47.5167 8.28651 -15
    endloop
  endfacet
  facet normal 0 0 -1
    outer loop
      vertex -50.5987 10.8362 -15
      vertex -47.5167 8.28651 -15
      vertex -48.0172 7.64121 -15
    endloop
  endfacet
  facet normal 0 0 -1
    outer loop
      vertex -45.7865 10.0167 -15
      vertex -48.3362 13.0987 -15
      vertex -47.4923 13.7533 -15
    endloop
  endfacet
  facet normal 0 0 -1
    outer loop
      vertex -51.2533 9.99235 -15
      vertex -48.0172 7.64121 -15
      vertex -48.4763 6.96575 -15
    endloop
  endfacet
  facet normal 0 0 -1
    outer loop
      vertex -51.8536 9.10905 -15
      vertex -48.4763 6.96575 -15
      vertex -48.892 6.2628 -15
    endloop
  endfacet
  facet normal 0 0 -1
    outer loop
      vertex -46.3991 9.47659 -15
      vertex -49.1373 12.3925 -15
      vertex -48.3362 13.0987 -15
    endloop
  endfacet
  facet normal 0 0 -1
    outer loop
      vertex -52.3972 8.18981 -15
      vertex -48.892 6.2628 -15
      vertex -49.2628 5.53513 -15
    endloop
  endfacet
  facet normal 0 0 -1
    outer loop
      vertex -52.8821 7.23825 -15
      vertex -49.2628 5.53513 -15
      vertex -49.5871 4.78562 -15
    endloop
  endfacet
  facet normal 0 0 -1
    outer loop
      vertex -53.3062 6.25812 -15
      vertex -49.5871 4.78562 -15
      vertex -49.8637 4.01722 -15
    endloop
  endfacet
  facet normal 0 0 -1
    outer loop
      vertex -46.9766 8.89911 -15
      vertex -49.8925 11.6373 -15
      vertex -49.1373 12.3925 -15
    endloop
  endfacet
  facet normal 0 0 -1
    outer loop
      vertex -53.668 5.25329 -15
      vertex -49.8637 4.01722 -15
      vertex -50.0916 3.23297 -15
    endloop
  endfacet
  facet normal 0 0 -1
    outer loop
      vertex -53.9659 4.22773 -15
      vertex -50.0916 3.23297 -15
      vertex -50.2697 2.43596 -15
    endloop
  endfacet
  facet normal 0 0 -1
    outer loop
      vertex -54.1989 3.18548 -15
      vertex -50.2697 2.43596 -15
      vertex -50.3975 1.62933 -15
    endloop
  endfacet
  facet normal 0 0 -1
    outer loop
      vertex -54.366 2.13066 -15
      vertex -50.3975 1.62933 -15
      vertex -50.4743 0.816277 -15
    endloop
  endfacet
  facet normal 0 0 -1
    outer loop
      vertex -47.5167 8.28651 -15
      vertex -50.5987 10.8362 -15
      vertex -49.8925 11.6373 -15
    endloop
  endfacet
  facet normal 0 0 -1
    outer loop
      vertex -54.4665 1.06744 -15
      vertex -50.4743 0.816277 -15
      vertex -50.5 0 -15
    endloop
  endfacet
  facet normal 0 0 -1
    outer loop
      vertex -53.668 -5.25329 -15
      vertex -49.8637 -4.01722 -15
      vertex -53.3062 -6.25812 -15
    endloop
  endfacet
  facet normal -0 0 -1
    outer loop
      vertex -49.8637 -4.01722 -15
      vertex -53.668 -5.25329 -15
      vertex -50.0916 -3.23297 -15
    endloop
  endfacet
  facet normal 0 0 -1
    outer loop
      vertex -48.0172 7.64121 -15
      vertex -51.2533 9.99235 -15
      vertex -50.5987 10.8362 -15
    endloop
  endfacet
  facet normal 0 0 -1
    outer loop
      vertex -53.9659 -4.22773 -15
      vertex -50.0916 -3.23297 -15
      vertex -53.668 -5.25329 -15
    endloop
  endfacet
  facet normal 0 0 -1
    outer loop
      vertex -48.4763 6.96575 -15
      vertex -51.8536 9.10905 -15
      vertex -51.2533 9.99235 -15
    endloop
  endfacet
  facet normal -0 0 -1
    outer loop
      vertex -50.0916 -3.23297 -15
      vertex -53.9659 -4.22773 -15
      vertex -50.2697 -2.43596 -15
    endloop
  endfacet
  facet normal 0 0 -1
    outer loop
      vertex -48.892 6.2628 -15
      vertex -52.3972 8.18981 -15
      vertex -51.8536 9.10905 -15
    endloop
  endfacet
  facet normal 0 0 -1
    outer loop
      vertex -54.1989 -3.18548 -15
      vertex -50.2697 -2.43596 -15
      vertex -53.9659 -4.22773 -15
    endloop
  endfacet
  facet normal 0 0 -1
    outer loop
      vertex -49.2628 5.53513 -15
      vertex -52.8821 7.23825 -15
      vertex -52.3972 8.18981 -15
    endloop
  endfacet
  facet normal -0 0 -1
    outer loop
      vertex -50.2697 -2.43596 -15
      vertex -54.1989 -3.18548 -15
      vertex -50.3975 -1.62933 -15
    endloop
  endfacet
  facet normal 0 0 -1
    outer loop
      vertex -49.5871 4.78562 -15
      vertex -53.3062 6.25812 -15
      vertex -52.8821 7.23825 -15
    endloop
  endfacet
  facet normal 0 0 -1
    outer loop
      vertex -54.366 -2.13066 -15
      vertex -50.3975 -1.62933 -15
      vertex -54.1989 -3.18548 -15
    endloop
  endfacet
  facet normal 0 0 -1
    outer loop
      vertex -49.8637 4.01722 -15
      vertex -53.668 5.25329 -15
      vertex -53.3062 6.25812 -15
    endloop
  endfacet
  facet normal -0 0 -1
    outer loop
      vertex -50.3975 -1.62933 -15
      vertex -54.366 -2.13066 -15
      vertex -50.4743 -0.816277 -15
    endloop
  endfacet
  facet normal 0 0 -1
    outer loop
      vertex -50.0916 3.23297 -15
      vertex -53.9659 4.22773 -15
      vertex -53.668 5.25329 -15
    endloop
  endfacet
  facet normal 0 0 -1
    outer loop
      vertex -54.4665 -1.06744 -15
      vertex -50.4743 -0.816277 -15
      vertex -54.366 -2.13066 -15
    endloop
  endfacet
  facet normal 0 0 -1
    outer loop
      vertex -50.2697 2.43596 -15
      vertex -54.1989 3.18548 -15
      vertex -53.9659 4.22773 -15
    endloop
  endfacet
  facet normal -0 0 -1
    outer loop
      vertex -50.4743 -0.816277 -15
      vertex -54.4665 -1.06744 -15
      vertex -50.5 0 -15
    endloop
  endfacet
  facet normal 0 0 -1
    outer loop
      vertex -50.3975 1.62933 -15
      vertex -54.366 2.13066 -15
      vertex -54.1989 3.18548 -15
    endloop
  endfacet
  facet normal 0 0 -1
    outer loop
      vertex -54.5 0 -15
      vertex -50.5 0 -15
      vertex -54.4665 -1.06744 -15
    endloop
  endfacet
  facet normal 0 0 -1
    outer loop
      vertex -50.4743 0.816277 -15
      vertex -54.4665 1.06744 -15
      vertex -54.366 2.13066 -15
    endloop
  endfacet
  facet normal 0 0 -1
    outer loop
      vertex -50.5 0 -15
      vertex -54.5 0 -15
      vertex -54.4665 1.06744 -15
    endloop
  endfacet
  facet normal 0.987684 0.156465 0
    outer loop
      vertex 54.366 2.13066 0
      vertex 54.1989 3.18548 -15
      vertex 54.1989 3.18548 0
    endloop
  endfacet
  facet normal 0.987684 0.156465 0
    outer loop
      vertex 54.1989 3.18548 -15
      vertex 54.366 2.13066 0
      vertex 54.366 2.13066 -15
    endloop
  endfacet
  facet normal 0.661278 -0.750141 0
    outer loop
      vertex 48.3362 -13.0987 -15
      vertex 49.1373 -12.3925 0
      vertex 48.3362 -13.0987 0
    endloop
  endfacet
  facet normal 0.661278 -0.750141 0
    outer loop
      vertex 49.1373 -12.3925 0
      vertex 48.3362 -13.0987 -15
      vertex 49.1373 -12.3925 -15
    endloop
  endfacet
  facet normal 0.860757 -0.509016 0
    outer loop
      vertex 51.8536 -9.10905 0
      vertex 52.3972 -8.18981 -15
      vertex 52.3972 -8.18981 0
    endloop
  endfacet
  facet normal 0.860757 -0.509016 0
    outer loop
      vertex 52.3972 -8.18981 -15
      vertex 51.8536 -9.10905 0
      vertex 51.8536 -9.10905 -15
    endloop
  endfacet
  facet normal 0.21818 -0.975909 0
    outer loop
      vertex 40.6855 -16.6989 -15
      vertex 41.7277 -16.4659 0
      vertex 40.6855 -16.6989 0
    endloop
  endfacet
  facet normal 0.21818 -0.975909 0
    outer loop
      vertex 41.7277 -16.4659 0
      vertex 40.6855 -16.6989 -15
      vertex 41.7277 -16.4659 -15
    endloop
  endfacet
  facet normal 0.995562 0.0941047 0
    outer loop
      vertex 54.4665 1.06744 0
      vertex 54.366 2.13066 -15
      vertex 54.366 2.13066 0
    endloop
  endfacet
  facet normal 0.995562 0.0941047 0
    outer loop
      vertex 54.366 2.13066 -15
      vertex 54.4665 1.06744 0
      vertex 54.4665 1.06744 -15
    endloop
  endfacet
  facet normal 0.338779 -0.940866 0
    outer loop
      vertex 42.7533 -16.168 -15
      vertex 43.7581 -15.8062 0
      vertex 42.7533 -16.168 0
    endloop
  endfacet
  facet normal 0.338779 -0.940866 0
    outer loop
      vertex 43.7581 -15.8062 0
      vertex 42.7533 -16.168 -15
      vertex 43.7581 -15.8062 -15
    endloop
  endfacet
  facet normal 0.999508 -0.0313681 0
    outer loop
      vertex 54.4665 -1.06744 0
      vertex 54.5 0 -15
      vertex 54.5 0 0
    endloop
  endfacet
  facet normal 0.999508 -0.0313681 0
    outer loop
      vertex 54.5 0 -15
      vertex 54.4665 -1.06744 0
      vertex 54.4665 -1.06744 -15
    endloop
  endfacet
  facet normal 0.156376 -0.987698 0
    outer loop
      vertex 39.6307 -16.8659 -15
      vertex 40.6855 -16.6989 0
      vertex 39.6307 -16.8659 0
    endloop
  endfacet
  facet normal 0.156376 -0.987698 0
    outer loop
      vertex 40.6855 -16.6989 0
      vertex 39.6307 -16.8659 -15
      vertex 40.6855 -16.6989 -15
    endloop
  endfacet
  facet normal 0.890985 0.454032 0
    outer loop
      vertex 52.8821 7.23825 0
      vertex 52.3972 8.18981 -15
      vertex 52.3972 8.18981 0
    endloop
  endfacet
  facet normal 0.890985 0.454032 0
    outer loop
      vertex 52.3972 8.18981 -15
      vertex 52.8821 7.23825 0
      vertex 52.8821 7.23825 -15
    endloop
  endfacet
  facet normal 0.890985 -0.454032 0
    outer loop
      vertex 52.3972 -8.18981 0
      vertex 52.8821 -7.23825 -15
      vertex 52.8821 -7.23825 0
    endloop
  endfacet
  facet normal 0.890985 -0.454032 0
    outer loop
      vertex 52.8821 -7.23825 -15
      vertex 52.3972 -8.18981 0
      vertex 52.3972 -8.18981 -15
    endloop
  endfacet
  facet normal 0.940869 -0.33877 0
    outer loop
      vertex 53.3062 -6.25812 0
      vertex 53.668 -5.25329 -15
      vertex 53.668 -5.25329 0
    endloop
  endfacet
  facet normal 0.940869 -0.33877 0
    outer loop
      vertex 53.668 -5.25329 -15
      vertex 53.3062 -6.25812 0
      vertex 53.3062 -6.25812 -15
    endloop
  endfacet
  facet normal 0.397126 0.917764 -0
    outer loop
      vertex 44.7382 15.3821 -15
      vertex 43.7581 15.8062 0
      vertex 44.7382 15.3821 0
    endloop
  endfacet
  facet normal 0.397126 0.917764 0
    outer loop
      vertex 43.7581 15.8062 0
      vertex 44.7382 15.3821 -15
      vertex 43.7581 15.8062 -15
    endloop
  endfacet
  facet normal -0.707107 -0.707107 0
    outer loop
      vertex -49.8925 -11.6373 -15
      vertex -49.1373 -12.3925 0
      vertex -49.8925 -11.6373 0
    endloop
  endfacet
  facet normal -0.707107 -0.707107 -0
    outer loop
      vertex -49.1373 -12.3925 0
      vertex -49.8925 -11.6373 -15
      vertex -49.1373 -12.3925 -15
    endloop
  endfacet
  facet normal 0.995562 -0.0941047 0
    outer loop
      vertex 54.366 -2.13066 0
      vertex 54.4665 -1.06744 -15
      vertex 54.4665 -1.06744 0
    endloop
  endfacet
  facet normal 0.995562 -0.0941047 0
    outer loop
      vertex 54.4665 -1.06744 -15
      vertex 54.366 -2.13066 0
      vertex 54.366 -2.13066 -15
    endloop
  endfacet
  facet normal 0.707107 0.707107 -0
    outer loop
      vertex 49.8925 11.6373 -15
      vertex 49.1373 12.3925 0
      vertex 49.8925 11.6373 0
    endloop
  endfacet
  facet normal 0.707107 0.707107 0
    outer loop
      vertex 49.1373 12.3925 0
      vertex 49.8925 11.6373 -15
      vertex 49.1373 12.3925 -15
    endloop
  endfacet
  facet normal 0.940869 0.33877 0
    outer loop
      vertex 53.668 5.25329 0
      vertex 53.3062 6.25812 -15
      vertex 53.3062 6.25812 0
    endloop
  endfacet
  facet normal 0.940869 0.33877 0
    outer loop
      vertex 53.3062 6.25812 -15
      vertex 53.668 5.25329 0
      vertex 53.668 5.25329 -15
    endloop
  endfacet
  facet normal 0.562133 0.827047 -0
    outer loop
      vertex 47.4923 13.7533 -15
      vertex 46.6091 14.3536 0
      vertex 47.4923 13.7533 0
    endloop
  endfacet
  facet normal 0.562133 0.827047 0
    outer loop
      vertex 46.6091 14.3536 0
      vertex 47.4923 13.7533 -15
      vertex 46.6091 14.3536 -15
    endloop
  endfacet
  facet normal 0.338779 0.940866 -0
    outer loop
      vertex 43.7581 15.8062 -15
      vertex 42.7533 16.168 0
      vertex 43.7581 15.8062 0
    endloop
  endfacet
  facet normal 0.338779 0.940866 0
    outer loop
      vertex 42.7533 16.168 0
      vertex 43.7581 15.8062 -15
      vertex 42.7533 16.168 -15
    endloop
  endfacet
  facet normal 0.508991 -0.860772 0
    outer loop
      vertex 45.6898 -14.8972 -15
      vertex 46.6091 -14.3536 0
      vertex 45.6898 -14.8972 0
    endloop
  endfacet
  facet normal 0.508991 -0.860772 0
    outer loop
      vertex 46.6091 -14.3536 0
      vertex 45.6898 -14.8972 -15
      vertex 46.6091 -14.3536 -15
    endloop
  endfacet
  facet normal -0.0941905 -0.995554 0
    outer loop
      vertex -39.6307 -16.8659 -15
      vertex -38.5674 -16.9665 0
      vertex -39.6307 -16.8659 0
    endloop
  endfacet
  facet normal -0.0941905 -0.995554 -0
    outer loop
      vertex -38.5674 -16.9665 0
      vertex -39.6307 -16.8659 -15
      vertex -38.5674 -16.9665 -15
    endloop
  endfacet
  facet normal -0.661278 -0.750141 0
    outer loop
      vertex -49.1373 -12.3925 -15
      vertex -48.3362 -13.0987 0
      vertex -49.1373 -12.3925 0
    endloop
  endfacet
  facet normal -0.661278 -0.750141 -0
    outer loop
      vertex -48.3362 -13.0987 0
      vertex -49.1373 -12.3925 -15
      vertex -48.3362 -13.0987 -15
    endloop
  endfacet
  facet normal 0.661278 0.750141 -0
    outer loop
      vertex 49.1373 12.3925 -15
      vertex 48.3362 13.0987 0
      vertex 49.1373 12.3925 0
    endloop
  endfacet
  facet normal 0.661278 0.750141 0
    outer loop
      vertex 48.3362 13.0987 0
      vertex 49.1373 12.3925 -15
      vertex 48.3362 13.0987 -15
    endloop
  endfacet
  facet normal 0.750141 0.661278 0
    outer loop
      vertex 50.5987 10.8362 0
      vertex 49.8925 11.6373 -15
      vertex 49.8925 11.6373 0
    endloop
  endfacet
  facet normal 0.750141 0.661278 0
    outer loop
      vertex 49.8925 11.6373 -15
      vertex 50.5987 10.8362 0
      vertex 50.5987 10.8362 -15
    endloop
  endfacet
  facet normal -0.612909 -0.790153 0
    outer loop
      vertex -48.3362 -13.0987 -15
      vertex -47.4923 -13.7533 0
      vertex -48.3362 -13.0987 0
    endloop
  endfacet
  facet normal -0.612909 -0.790153 -0
    outer loop
      vertex -47.4923 -13.7533 0
      vertex -48.3362 -13.0987 -15
      vertex -47.4923 -13.7533 -15
    endloop
  endfacet
  facet normal 0.960307 0.278946 0
    outer loop
      vertex 53.9659 4.22773 0
      vertex 53.668 5.25329 -15
      vertex 53.668 5.25329 0
    endloop
  endfacet
  facet normal 0.960307 0.278946 0
    outer loop
      vertex 53.668 5.25329 -15
      vertex 53.9659 4.22773 0
      vertex 53.9659 4.22773 -15
    endloop
  endfacet
  facet normal -0.562133 -0.827047 0
    outer loop
      vertex -47.4923 -13.7533 -15
      vertex -46.6091 -14.3536 0
      vertex -47.4923 -13.7533 0
    endloop
  endfacet
  facet normal -0.562133 -0.827047 -0
    outer loop
      vertex -46.6091 -14.3536 0
      vertex -47.4923 -13.7533 -15
      vertex -46.6091 -14.3536 -15
    endloop
  endfacet
  facet normal 0.397126 -0.917764 0
    outer loop
      vertex 43.7581 -15.8062 -15
      vertex 44.7382 -15.3821 0
      vertex 43.7581 -15.8062 0
    endloop
  endfacet
  facet normal 0.397126 -0.917764 0
    outer loop
      vertex 44.7382 -15.3821 0
      vertex 43.7581 -15.8062 -15
      vertex 44.7382 -15.3821 -15
    endloop
  endfacet
  facet normal -0.917768 -0.397116 0
    outer loop
      vertex -52.8821 -7.23825 -15
      vertex -53.3062 -6.25812 0
      vertex -53.3062 -6.25812 -15
    endloop
  endfacet
  facet normal -0.917768 -0.397116 0
    outer loop
      vertex -53.3062 -6.25812 0
      vertex -52.8821 -7.23825 -15
      vertex -52.8821 -7.23825 0
    endloop
  endfacet
  facet normal -0.508991 -0.860772 0
    outer loop
      vertex -46.6091 -14.3536 -15
      vertex -45.6898 -14.8972 0
      vertex -46.6091 -14.3536 0
    endloop
  endfacet
  facet normal -0.508991 -0.860772 -0
    outer loop
      vertex -45.6898 -14.8972 0
      vertex -46.6091 -14.3536 -15
      vertex -45.6898 -14.8972 -15
    endloop
  endfacet
  facet normal 0.827076 0.56209 0
    outer loop
      vertex 51.8536 9.10905 0
      vertex 51.2533 9.99235 -15
      vertex 51.2533 9.99235 0
    endloop
  endfacet
  facet normal 0.827076 0.56209 0
    outer loop
      vertex 51.2533 9.99235 -15
      vertex 51.8536 9.10905 0
      vertex 51.8536 9.10905 -15
    endloop
  endfacet
  facet normal -0.98775 -0.156044 0
    outer loop
      vertex -52.0237 -17.624 0
      vertex -52.0531 -17.4379 2.01
      vertex -52.0531 -17.4379 0
    endloop
  endfacet
  facet normal -0.98775 -0.156044 0
    outer loop
      vertex -52.0531 -17.4379 2.01
      vertex -52.0237 -17.624 0
      vertex -52.0237 -17.624 2.01
    endloop
  endfacet
  facet normal -0.940766 -0.339058 0
    outer loop
      vertex -52.1468 -17.0729 0
      vertex -52.2107 -16.8956 2.01
      vertex -52.2107 -16.8956 0
    endloop
  endfacet
  facet normal -0.940766 -0.339058 0
    outer loop
      vertex -52.2107 -16.8956 2.01
      vertex -52.1468 -17.0729 0
      vertex -52.1468 -17.0729 2.01
    endloop
  endfacet
  facet normal 0.98775 -0.156044 0
    outer loop
      vertex -57.9763 -17.624 2.01
      vertex -57.9469 -17.4379 0
      vertex -57.9469 -17.4379 2.01
    endloop
  endfacet
  facet normal 0.98775 -0.156044 0
    outer loop
      vertex -57.9469 -17.4379 0
      vertex -57.9763 -17.624 2.01
      vertex -57.9763 -17.624 0
    endloop
  endfacet
  facet normal 0.940766 0.339058 0
    outer loop
      vertex -57.7893 -19.1044 2.01
      vertex -57.8532 -18.9271 0
      vertex -57.8532 -18.9271 2.01
    endloop
  endfacet
  facet normal 0.940766 0.339058 0
    outer loop
      vertex -57.8532 -18.9271 0
      vertex -57.7893 -19.1044 2.01
      vertex -57.7893 -19.1044 0
    endloop
  endfacet
  facet normal -0.661393 -0.750039 0
    outer loop
      vertex -53.0877 -15.6885 0
      vertex -52.9464 -15.8131 2.01
      vertex -53.0877 -15.6885 2.01
    endloop
  endfacet
  facet normal -0.661393 -0.750039 -0
    outer loop
      vertex -52.9464 -15.8131 2.01
      vertex -53.0877 -15.6885 0
      vertex -52.9464 -15.8131 0
    endloop
  endfacet
  facet normal 0.917794 -0.397056 0
    outer loop
      vertex -57.7893 -16.8956 2.01
      vertex -57.7145 -16.7227 0
      vertex -57.7145 -16.7227 2.01
    endloop
  endfacet
  facet normal 0.917794 -0.397056 0
    outer loop
      vertex -57.7145 -16.7227 0
      vertex -57.7893 -16.8956 2.01
      vertex -57.7893 -16.8956 0
    endloop
  endfacet
  facet normal 0.0944585 0.995529 -0
    outer loop
      vertex -55.1884 -20.9941 0
      vertex -55.376 -20.9763 2.01
      vertex -55.1884 -20.9941 2.01
    endloop
  endfacet
  facet normal 0.0944585 0.995529 0
    outer loop
      vertex -55.376 -20.9763 2.01
      vertex -55.1884 -20.9941 0
      vertex -55.376 -20.9763 0
    endloop
  endfacet
  facet normal 0.995529 0.0944585 0
    outer loop
      vertex -57.9763 -18.376 2.01
      vertex -57.9941 -18.1884 0
      vertex -57.9941 -18.1884 2.01
    endloop
  endfacet
  facet normal 0.995529 0.0944585 0
    outer loop
      vertex -57.9941 -18.1884 0
      vertex -57.9763 -18.376 2.01
      vertex -57.9763 -18.376 0
    endloop
  endfacet
  facet normal -0.397056 0.917794 0
    outer loop
      vertex -53.7227 -20.7145 0
      vertex -53.8956 -20.7893 2.01
      vertex -53.7227 -20.7145 2.01
    endloop
  endfacet
  facet normal -0.397056 0.917794 0
    outer loop
      vertex -53.8956 -20.7893 2.01
      vertex -53.7227 -20.7145 0
      vertex -53.8956 -20.7893 0
    endloop
  endfacet
  facet normal 0.613243 0.789895 -0
    outer loop
      vertex -56.7634 -20.4271 0
      vertex -56.9123 -20.3115 2.01
      vertex -56.7634 -20.4271 2.01
    endloop
  endfacet
  facet normal 0.613243 0.789895 0
    outer loop
      vertex -56.9123 -20.3115 2.01
      vertex -56.7634 -20.4271 0
      vertex -56.9123 -20.3115 0
    endloop
  endfacet
  facet normal -0.453989 -0.891007 0
    outer loop
      vertex -53.7227 -15.2855 0
      vertex -53.5547 -15.3711 2.01
      vertex -53.7227 -15.2855 2.01
    endloop
  endfacet
  facet normal -0.453989 -0.891007 -0
    outer loop
      vertex -53.5547 -15.3711 2.01
      vertex -53.7227 -15.2855 0
      vertex -53.5547 -15.3711 0
    endloop
  endfacet
  facet normal 0.707107 -0.707107 0
    outer loop
      vertex -57.1869 -15.9464 2.01
      vertex -57.0536 -15.8131 0
      vertex -57.0536 -15.8131 2.01
    endloop
  endfacet
  facet normal 0.707107 -0.707107 0
    outer loop
      vertex -57.0536 -15.8131 0
      vertex -57.1869 -15.9464 2.01
      vertex -57.1869 -15.9464 0
    endloop
  endfacet
  facet normal -0.8608 -0.508944 0
    outer loop
      vertex -52.3711 -16.5547 0
      vertex -52.467 -16.3925 2.01
      vertex -52.467 -16.3925 0
    endloop
  endfacet
  facet normal -0.8608 -0.508944 0
    outer loop
      vertex -52.467 -16.3925 2.01
      vertex -52.3711 -16.5547 0
      vertex -52.3711 -16.5547 2.01
    endloop
  endfacet
  facet normal -0.827203 0.561904 0
    outer loop
      vertex -52.5729 -19.7634 0
      vertex -52.467 -19.6075 2.01
      vertex -52.467 -19.6075 0
    endloop
  endfacet
  facet normal -0.827203 0.561904 0
    outer loop
      vertex -52.467 -19.6075 2.01
      vertex -52.5729 -19.7634 0
      vertex -52.5729 -19.7634 2.01
    endloop
  endfacet
  facet normal 0.0944585 -0.995529 0
    outer loop
      vertex -55.376 -15.0237 0
      vertex -55.1884 -15.0059 2.01
      vertex -55.376 -15.0237 2.01
    endloop
  endfacet
  facet normal 0.0944585 -0.995529 0
    outer loop
      vertex -55.1884 -15.0059 2.01
      vertex -55.376 -15.0237 0
      vertex -55.1884 -15.0059 0
    endloop
  endfacet
  facet normal -0.995529 0.0944585 0
    outer loop
      vertex -52.0237 -18.376 0
      vertex -52.0059 -18.1884 2.01
      vertex -52.0059 -18.1884 0
    endloop
  endfacet
  facet normal -0.995529 0.0944585 0
    outer loop
      vertex -52.0059 -18.1884 2.01
      vertex -52.0237 -18.376 0
      vertex -52.0237 -18.376 2.01
    endloop
  endfacet
  facet normal -0.99951 -0.031301 0
    outer loop
      vertex -52 -18 0
      vertex -52.0059 -17.8116 2.01
      vertex -52.0059 -17.8116 0
    endloop
  endfacet
  facet normal -0.99951 -0.031301 0
    outer loop
      vertex -52.0059 -17.8116 2.01
      vertex -52 -18 0
      vertex -52 -18 2.01
    endloop
  endfacet
  facet normal 0.99951 0.031301 0
    outer loop
      vertex -57.9941 -18.1884 2.01
      vertex -58 -18 0
      vertex -58 -18 2.01
    endloop
  endfacet
  facet normal 0.99951 0.031301 0
    outer loop
      vertex -58 -18 0
      vertex -57.9941 -18.1884 2.01
      vertex -57.9941 -18.1884 0
    endloop
  endfacet
  facet normal -0.975949 -0.217997 0
    outer loop
      vertex -52.0531 -17.4379 0
      vertex -52.0942 -17.2539 2.01
      vertex -52.0942 -17.2539 0
    endloop
  endfacet
  facet normal -0.975949 -0.217997 0
    outer loop
      vertex -52.0942 -17.2539 2.01
      vertex -52.0531 -17.4379 0
      vertex -52.0531 -17.4379 2.01
    endloop
  endfacet
  facet normal -0.995529 -0.0944585 0
    outer loop
      vertex -52.0059 -17.8116 0
      vertex -52.0237 -17.624 2.01
      vertex -52.0237 -17.624 0
    endloop
  endfacet
  facet normal -0.995529 -0.0944585 0
    outer loop
      vertex -52.0237 -17.624 2.01
      vertex -52.0059 -17.8116 0
      vertex -52.0059 -17.8116 2.01
    endloop
  endfacet
  facet normal -0.827203 -0.561904 0
    outer loop
      vertex -52.467 -16.3925 0
      vertex -52.5729 -16.2366 2.01
      vertex -52.5729 -16.2366 0
    endloop
  endfacet
  facet normal -0.827203 -0.561904 0
    outer loop
      vertex -52.5729 -16.2366 2.01
      vertex -52.467 -16.3925 0
      vertex -52.467 -16.3925 2.01
    endloop
  endfacet
  facet normal 0.940766 -0.339058 0
    outer loop
      vertex -57.8532 -17.0729 2.01
      vertex -57.7893 -16.8956 0
      vertex -57.7893 -16.8956 2.01
    endloop
  endfacet
  facet normal 0.940766 -0.339058 0
    outer loop
      vertex -57.7893 -16.8956 0
      vertex -57.8532 -17.0729 2.01
      vertex -57.8532 -17.0729 0
    endloop
  endfacet
  facet normal 0.995529 -0.0944585 0
    outer loop
      vertex -57.9941 -17.8116 2.01
      vertex -57.9763 -17.624 0
      vertex -57.9763 -17.624 2.01
    endloop
  endfacet
  facet normal 0.995529 -0.0944585 0
    outer loop
      vertex -57.9763 -17.624 0
      vertex -57.9941 -17.8116 2.01
      vertex -57.9941 -17.8116 0
    endloop
  endfacet
  facet normal 0.031301 -0.99951 0
    outer loop
      vertex -55.1884 -15.0059 0
      vertex -55 -15 2.01
      vertex -55.1884 -15.0059 2.01
    endloop
  endfacet
  facet normal 0.031301 -0.99951 0
    outer loop
      vertex -55 -15 2.01
      vertex -55.1884 -15.0059 0
      vertex -55 -15 0
    endloop
  endfacet
  facet normal 0.661393 0.750039 -0
    outer loop
      vertex -56.9123 -20.3115 0
      vertex -57.0536 -20.1869 2.01
      vertex -56.9123 -20.3115 2.01
    endloop
  endfacet
  facet normal 0.661393 0.750039 0
    outer loop
      vertex -57.0536 -20.1869 2.01
      vertex -56.9123 -20.3115 0
      vertex -57.0536 -20.1869 0
    endloop
  endfacet
  facet normal 0.661393 -0.750039 0
    outer loop
      vertex -57.0536 -15.8131 0
      vertex -56.9123 -15.6885 2.01
      vertex -57.0536 -15.8131 2.01
    endloop
  endfacet
  facet normal 0.661393 -0.750039 0
    outer loop
      vertex -56.9123 -15.6885 2.01
      vertex -57.0536 -15.8131 0
      vertex -56.9123 -15.6885 0
    endloop
  endfacet
  facet normal -0.960273 0.279063 0
    outer loop
      vertex -52.1468 -18.9271 0
      vertex -52.0942 -18.7461 2.01
      vertex -52.0942 -18.7461 0
    endloop
  endfacet
  facet normal -0.960273 0.279063 0
    outer loop
      vertex -52.0942 -18.7461 2.01
      vertex -52.1468 -18.9271 0
      vertex -52.1468 -18.9271 2.01
    endloop
  endfacet
  facet normal 0.339058 0.940766 -0
    outer loop
      vertex -55.9271 -20.8532 0
      vertex -56.1044 -20.7893 2.01
      vertex -55.9271 -20.8532 2.01
    endloop
  endfacet
  facet normal 0.339058 0.940766 0
    outer loop
      vertex -56.1044 -20.7893 2.01
      vertex -55.9271 -20.8532 0
      vertex -56.1044 -20.7893 0
    endloop
  endfacet
  facet normal -0.789895 -0.613243 0
    outer loop
      vertex -52.5729 -16.2366 0
      vertex -52.6885 -16.0877 2.01
      vertex -52.6885 -16.0877 0
    endloop
  endfacet
  facet normal -0.789895 -0.613243 0
    outer loop
      vertex -52.6885 -16.0877 2.01
      vertex -52.5729 -16.2366 0
      vertex -52.5729 -16.2366 2.01
    endloop
  endfacet
  facet normal 0.453989 -0.891007 0
    outer loop
      vertex -56.4453 -15.3711 0
      vertex -56.2773 -15.2855 2.01
      vertex -56.4453 -15.3711 2.01
    endloop
  endfacet
  facet normal 0.453989 -0.891007 0
    outer loop
      vertex -56.2773 -15.2855 2.01
      vertex -56.4453 -15.3711 0
      vertex -56.2773 -15.2855 0
    endloop
  endfacet
  facet normal 0.8608 0.508944 0
    outer loop
      vertex -57.533 -19.6075 2.01
      vertex -57.6289 -19.4453 0
      vertex -57.6289 -19.4453 2.01
    endloop
  endfacet
  facet normal 0.8608 0.508944 0
    outer loop
      vertex -57.6289 -19.4453 0
      vertex -57.533 -19.6075 2.01
      vertex -57.533 -19.6075 0
    endloop
  endfacet
  facet normal 0.453989 0.891007 -0
    outer loop
      vertex -56.2773 -20.7145 0
      vertex -56.4453 -20.6289 2.01
      vertex -56.2773 -20.7145 2.01
    endloop
  endfacet
  facet normal 0.453989 0.891007 0
    outer loop
      vertex -56.4453 -20.6289 2.01
      vertex -56.2773 -20.7145 0
      vertex -56.4453 -20.6289 0
    endloop
  endfacet
  facet normal -0.279063 0.960273 0
    outer loop
      vertex -54.0729 -20.8532 0
      vertex -54.2539 -20.9058 2.01
      vertex -54.0729 -20.8532 2.01
    endloop
  endfacet
  facet normal -0.279063 0.960273 0
    outer loop
      vertex -54.2539 -20.9058 2.01
      vertex -54.0729 -20.8532 0
      vertex -54.2539 -20.9058 0
    endloop
  endfacet
  facet normal -0.707107 0.707107 0
    outer loop
      vertex -52.9464 -20.1869 0
      vertex -52.8131 -20.0536 2.01
      vertex -52.8131 -20.0536 0
    endloop
  endfacet
  facet normal -0.707107 0.707107 0
    outer loop
      vertex -52.8131 -20.0536 2.01
      vertex -52.9464 -20.1869 0
      vertex -52.9464 -20.1869 2.01
    endloop
  endfacet
  facet normal -0.397056 -0.917794 0
    outer loop
      vertex -53.8956 -15.2107 0
      vertex -53.7227 -15.2855 2.01
      vertex -53.8956 -15.2107 2.01
    endloop
  endfacet
  facet normal -0.397056 -0.917794 -0
    outer loop
      vertex -53.7227 -15.2855 2.01
      vertex -53.8956 -15.2107 0
      vertex -53.7227 -15.2855 0
    endloop
  endfacet
  facet normal -0.707107 -0.707107 0
    outer loop
      vertex -52.8131 -15.9464 0
      vertex -52.9464 -15.8131 2.01
      vertex -52.9464 -15.8131 0
    endloop
  endfacet
  facet normal -0.707107 -0.707107 0
    outer loop
      vertex -52.9464 -15.8131 2.01
      vertex -52.8131 -15.9464 0
      vertex -52.8131 -15.9464 2.01
    endloop
  endfacet
  facet normal -0.278573 -0.960415 0
    outer loop
      vertex -54.2539 -15.0943 0
      vertex -54.0729 -15.1468 2.01
      vertex -54.2539 -15.0943 2.01
    endloop
  endfacet
  facet normal -0.278573 -0.960415 -0
    outer loop
      vertex -54.0729 -15.1468 2.01
      vertex -54.2539 -15.0943 0
      vertex -54.0729 -15.1468 0
    endloop
  endfacet
  facet normal -0.613243 -0.789895 0
    outer loop
      vertex -53.2366 -15.5729 0
      vertex -53.0877 -15.6885 2.01
      vertex -53.2366 -15.5729 2.01
    endloop
  endfacet
  facet normal -0.613243 -0.789895 -0
    outer loop
      vertex -53.0877 -15.6885 2.01
      vertex -53.2366 -15.5729 0
      vertex -53.0877 -15.6885 0
    endloop
  endfacet
  facet normal -0.218502 -0.975836 0
    outer loop
      vertex -54.4379 -15.0531 0
      vertex -54.2539 -15.0943 2.01
      vertex -54.4379 -15.0531 2.01
    endloop
  endfacet
  facet normal -0.218502 -0.975836 -0
    outer loop
      vertex -54.2539 -15.0943 2.01
      vertex -54.4379 -15.0531 0
      vertex -54.2539 -15.0943 0
    endloop
  endfacet
  facet normal -0.960273 -0.279063 0
    outer loop
      vertex -52.0942 -17.2539 0
      vertex -52.1468 -17.0729 2.01
      vertex -52.1468 -17.0729 0
    endloop
  endfacet
  facet normal -0.960273 -0.279063 0
    outer loop
      vertex -52.1468 -17.0729 2.01
      vertex -52.0942 -17.2539 0
      vertex -52.0942 -17.2539 2.01
    endloop
  endfacet
  facet normal -0.508944 -0.8608 0
    outer loop
      vertex -53.5547 -15.3711 0
      vertex -53.3925 -15.467 2.01
      vertex -53.5547 -15.3711 2.01
    endloop
  endfacet
  facet normal -0.508944 -0.8608 -0
    outer loop
      vertex -53.3925 -15.467 2.01
      vertex -53.5547 -15.3711 0
      vertex -53.3925 -15.467 0
    endloop
  endfacet
  facet normal 0.960273 -0.279063 0
    outer loop
      vertex -57.9058 -17.2539 2.01
      vertex -57.8532 -17.0729 0
      vertex -57.8532 -17.0729 2.01
    endloop
  endfacet
  facet normal 0.960273 -0.279063 0
    outer loop
      vertex -57.8532 -17.0729 0
      vertex -57.9058 -17.2539 2.01
      vertex -57.9058 -17.2539 0
    endloop
  endfacet
  facet normal 0.891007 -0.453989 0
    outer loop
      vertex -57.7145 -16.7227 2.01
      vertex -57.6289 -16.5547 0
      vertex -57.6289 -16.5547 2.01
    endloop
  endfacet
  facet normal 0.891007 -0.453989 0
    outer loop
      vertex -57.6289 -16.5547 0
      vertex -57.7145 -16.7227 2.01
      vertex -57.7145 -16.7227 0
    endloop
  endfacet
  facet normal 0.8608 -0.508944 0
    outer loop
      vertex -57.6289 -16.5547 2.01
      vertex -57.533 -16.3925 0
      vertex -57.533 -16.3925 2.01
    endloop
  endfacet
  facet normal 0.8608 -0.508944 0
    outer loop
      vertex -57.533 -16.3925 0
      vertex -57.6289 -16.5547 2.01
      vertex -57.6289 -16.5547 0
    endloop
  endfacet
  facet normal -0.891007 -0.453989 0
    outer loop
      vertex -52.2855 -16.7227 0
      vertex -52.3711 -16.5547 2.01
      vertex -52.3711 -16.5547 0
    endloop
  endfacet
  facet normal -0.891007 -0.453989 0
    outer loop
      vertex -52.3711 -16.5547 2.01
      vertex -52.2855 -16.7227 0
      vertex -52.2855 -16.7227 2.01
    endloop
  endfacet
  facet normal -0.789895 0.613243 0
    outer loop
      vertex -52.6885 -19.9123 0
      vertex -52.5729 -19.7634 2.01
      vertex -52.5729 -19.7634 0
    endloop
  endfacet
  facet normal -0.789895 0.613243 0
    outer loop
      vertex -52.5729 -19.7634 2.01
      vertex -52.6885 -19.9123 0
      vertex -52.6885 -19.9123 2.01
    endloop
  endfacet
  facet normal 0.278573 -0.960415 0
    outer loop
      vertex -55.9271 -15.1468 0
      vertex -55.7461 -15.0943 2.01
      vertex -55.9271 -15.1468 2.01
    endloop
  endfacet
  facet normal 0.278573 -0.960415 0
    outer loop
      vertex -55.7461 -15.0943 2.01
      vertex -55.9271 -15.1468 0
      vertex -55.7461 -15.0943 0
    endloop
  endfacet
  facet normal -0.031301 0.99951 0
    outer loop
      vertex -54.8116 -20.9941 0
      vertex -55 -21 2.01
      vertex -54.8116 -20.9941 2.01
    endloop
  endfacet
  facet normal -0.031301 0.99951 0
    outer loop
      vertex -55 -21 2.01
      vertex -54.8116 -20.9941 0
      vertex -55 -21 0
    endloop
  endfacet
  facet normal 0.031301 0.99951 -0
    outer loop
      vertex -55 -21 0
      vertex -55.1884 -20.9941 2.01
      vertex -55 -21 2.01
    endloop
  endfacet
  facet normal 0.031301 0.99951 0
    outer loop
      vertex -55.1884 -20.9941 2.01
      vertex -55 -21 0
      vertex -55.1884 -20.9941 0
    endloop
  endfacet
  facet normal -0.0944585 0.995529 0
    outer loop
      vertex -54.624 -20.9763 0
      vertex -54.8116 -20.9941 2.01
      vertex -54.624 -20.9763 2.01
    endloop
  endfacet
  facet normal -0.0944585 0.995529 0
    outer loop
      vertex -54.8116 -20.9941 2.01
      vertex -54.624 -20.9763 0
      vertex -54.8116 -20.9941 0
    endloop
  endfacet
  facet normal -0.891007 0.453989 0
    outer loop
      vertex -52.3711 -19.4453 0
      vertex -52.2855 -19.2773 2.01
      vertex -52.2855 -19.2773 0
    endloop
  endfacet
  facet normal -0.891007 0.453989 0
    outer loop
      vertex -52.2855 -19.2773 2.01
      vertex -52.3711 -19.4453 0
      vertex -52.3711 -19.4453 2.01
    endloop
  endfacet
  facet normal 0.156044 -0.98775 0
    outer loop
      vertex -55.5621 -15.0531 0
      vertex -55.376 -15.0237 2.01
      vertex -55.5621 -15.0531 2.01
    endloop
  endfacet
  facet normal 0.156044 -0.98775 0
    outer loop
      vertex -55.376 -15.0237 2.01
      vertex -55.5621 -15.0531 0
      vertex -55.376 -15.0237 0
    endloop
  endfacet
  facet normal -0.508944 0.8608 0
    outer loop
      vertex -53.3925 -20.533 0
      vertex -53.5547 -20.6289 2.01
      vertex -53.3925 -20.533 2.01
    endloop
  endfacet
  facet normal -0.508944 0.8608 0
    outer loop
      vertex -53.5547 -20.6289 2.01
      vertex -53.3925 -20.533 0
      vertex -53.5547 -20.6289 0
    endloop
  endfacet
  facet normal -0.940766 0.339058 0
    outer loop
      vertex -52.2107 -19.1044 0
      vertex -52.1468 -18.9271 2.01
      vertex -52.1468 -18.9271 0
    endloop
  endfacet
  facet normal -0.940766 0.339058 0
    outer loop
      vertex -52.1468 -18.9271 2.01
      vertex -52.2107 -19.1044 0
      vertex -52.2107 -19.1044 2.01
    endloop
  endfacet
  facet normal 0.397056 -0.917794 0
    outer loop
      vertex -56.2773 -15.2855 0
      vertex -56.1044 -15.2107 2.01
      vertex -56.2773 -15.2855 2.01
    endloop
  endfacet
  facet normal 0.397056 -0.917794 0
    outer loop
      vertex -56.1044 -15.2107 2.01
      vertex -56.2773 -15.2855 0
      vertex -56.1044 -15.2107 0
    endloop
  endfacet
  facet normal 0.508944 -0.8608 0
    outer loop
      vertex -56.6075 -15.467 0
      vertex -56.4453 -15.3711 2.01
      vertex -56.6075 -15.467 2.01
    endloop
  endfacet
  facet normal 0.508944 -0.8608 0
    outer loop
      vertex -56.4453 -15.3711 2.01
      vertex -56.6075 -15.467 0
      vertex -56.4453 -15.3711 0
    endloop
  endfacet
  facet normal 0.561904 0.827203 -0
    outer loop
      vertex -56.6075 -20.533 0
      vertex -56.7634 -20.4271 2.01
      vertex -56.6075 -20.533 2.01
    endloop
  endfacet
  facet normal 0.561904 0.827203 0
    outer loop
      vertex -56.7634 -20.4271 2.01
      vertex -56.6075 -20.533 0
      vertex -56.7634 -20.4271 0
    endloop
  endfacet
  facet normal 0.279063 0.960273 -0
    outer loop
      vertex -55.7461 -20.9058 0
      vertex -55.9271 -20.8532 2.01
      vertex -55.7461 -20.9058 2.01
    endloop
  endfacet
  facet normal 0.279063 0.960273 0
    outer loop
      vertex -55.9271 -20.8532 2.01
      vertex -55.7461 -20.9058 0
      vertex -55.9271 -20.8532 0
    endloop
  endfacet
  facet normal 0.339058 -0.940766 0
    outer loop
      vertex -56.1044 -15.2107 0
      vertex -55.9271 -15.1468 2.01
      vertex -56.1044 -15.2107 2.01
    endloop
  endfacet
  facet normal 0.339058 -0.940766 0
    outer loop
      vertex -55.9271 -15.1468 2.01
      vertex -56.1044 -15.2107 0
      vertex -55.9271 -15.1468 0
    endloop
  endfacet
  facet normal 0.750039 0.661393 0
    outer loop
      vertex -57.1869 -20.0536 2.01
      vertex -57.3115 -19.9123 0
      vertex -57.3115 -19.9123 2.01
    endloop
  endfacet
  facet normal 0.750039 0.661393 0
    outer loop
      vertex -57.3115 -19.9123 0
      vertex -57.1869 -20.0536 2.01
      vertex -57.1869 -20.0536 0
    endloop
  endfacet
  facet normal -0.031301 -0.99951 0
    outer loop
      vertex -55 -15 0
      vertex -54.8116 -15.0059 2.01
      vertex -55 -15 2.01
    endloop
  endfacet
  facet normal -0.031301 -0.99951 -0
    outer loop
      vertex -54.8116 -15.0059 2.01
      vertex -55 -15 0
      vertex -54.8116 -15.0059 0
    endloop
  endfacet
  facet normal -0.561904 0.827203 0
    outer loop
      vertex -53.2366 -20.4271 0
      vertex -53.3925 -20.533 2.01
      vertex -53.2366 -20.4271 2.01
    endloop
  endfacet
  facet normal -0.561904 0.827203 0
    outer loop
      vertex -53.3925 -20.533 2.01
      vertex -53.2366 -20.4271 0
      vertex -53.3925 -20.533 0
    endloop
  endfacet
  facet normal -0.8608 0.508944 0
    outer loop
      vertex -52.467 -19.6075 0
      vertex -52.3711 -19.4453 2.01
      vertex -52.3711 -19.4453 0
    endloop
  endfacet
  facet normal -0.8608 0.508944 0
    outer loop
      vertex -52.3711 -19.4453 2.01
      vertex -52.467 -19.6075 0
      vertex -52.467 -19.6075 2.01
    endloop
  endfacet
  facet normal -0.156044 0.98775 0
    outer loop
      vertex -54.4379 -20.9469 0
      vertex -54.624 -20.9763 2.01
      vertex -54.4379 -20.9469 2.01
    endloop
  endfacet
  facet normal -0.156044 0.98775 0
    outer loop
      vertex -54.624 -20.9763 2.01
      vertex -54.4379 -20.9469 0
      vertex -54.624 -20.9763 0
    endloop
  endfacet
  facet normal 0.891007 0.453989 0
    outer loop
      vertex -57.6289 -19.4453 2.01
      vertex -57.7145 -19.2773 0
      vertex -57.7145 -19.2773 2.01
    endloop
  endfacet
  facet normal 0.891007 0.453989 0
    outer loop
      vertex -57.7145 -19.2773 0
      vertex -57.6289 -19.4453 2.01
      vertex -57.6289 -19.4453 0
    endloop
  endfacet
  facet normal 0.99951 -0.031301 0
    outer loop
      vertex -58 -18 2.01
      vertex -57.9941 -17.8116 0
      vertex -57.9941 -17.8116 2.01
    endloop
  endfacet
  facet normal 0.99951 -0.031301 0
    outer loop
      vertex -57.9941 -17.8116 0
      vertex -58 -18 2.01
      vertex -58 -18 0
    endloop
  endfacet
  facet normal -0.99951 0.031301 0
    outer loop
      vertex -52.0059 -18.1884 0
      vertex -52 -18 2.01
      vertex -52 -18 0
    endloop
  endfacet
  facet normal -0.99951 0.031301 0
    outer loop
      vertex -52 -18 2.01
      vertex -52.0059 -18.1884 0
      vertex -52.0059 -18.1884 2.01
    endloop
  endfacet
  facet normal 0.508944 0.8608 -0
    outer loop
      vertex -56.4453 -20.6289 0
      vertex -56.6075 -20.533 2.01
      vertex -56.4453 -20.6289 2.01
    endloop
  endfacet
  facet normal 0.508944 0.8608 0
    outer loop
      vertex -56.6075 -20.533 2.01
      vertex -56.4453 -20.6289 0
      vertex -56.6075 -20.533 0
    endloop
  endfacet
  facet normal -0.917794 -0.397056 0
    outer loop
      vertex -52.2107 -16.8956 0
      vertex -52.2855 -16.7227 2.01
      vertex -52.2855 -16.7227 0
    endloop
  endfacet
  facet normal -0.917794 -0.397056 0
    outer loop
      vertex -52.2855 -16.7227 2.01
      vertex -52.2107 -16.8956 0
      vertex -52.2107 -16.8956 2.01
    endloop
  endfacet
  facet normal 0.218502 -0.975836 0
    outer loop
      vertex -55.7461 -15.0943 0
      vertex -55.5621 -15.0531 2.01
      vertex -55.7461 -15.0943 2.01
    endloop
  endfacet
  facet normal 0.218502 -0.975836 0
    outer loop
      vertex -55.5621 -15.0531 2.01
      vertex -55.7461 -15.0943 0
      vertex -55.5621 -15.0531 0
    endloop
  endfacet
  facet normal 0.156044 0.98775 -0
    outer loop
      vertex -55.376 -20.9763 0
      vertex -55.5621 -20.9469 2.01
      vertex -55.376 -20.9763 2.01
    endloop
  endfacet
  facet normal 0.156044 0.98775 0
    outer loop
      vertex -55.5621 -20.9469 2.01
      vertex -55.376 -20.9763 0
      vertex -55.5621 -20.9469 0
    endloop
  endfacet
  facet normal -0.453989 0.891007 0
    outer loop
      vertex -53.5547 -20.6289 0
      vertex -53.7227 -20.7145 2.01
      vertex -53.5547 -20.6289 2.01
    endloop
  endfacet
  facet normal -0.453989 0.891007 0
    outer loop
      vertex -53.7227 -20.7145 2.01
      vertex -53.5547 -20.6289 0
      vertex -53.7227 -20.7145 0
    endloop
  endfacet
  facet normal -0.339058 0.940766 0
    outer loop
      vertex -53.8956 -20.7893 0
      vertex -54.0729 -20.8532 2.01
      vertex -53.8956 -20.7893 2.01
    endloop
  endfacet
  facet normal -0.339058 0.940766 0
    outer loop
      vertex -54.0729 -20.8532 2.01
      vertex -53.8956 -20.7893 0
      vertex -54.0729 -20.8532 0
    endloop
  endfacet
  facet normal 0.975949 -0.217997 0
    outer loop
      vertex -57.9469 -17.4379 2.01
      vertex -57.9058 -17.2539 0
      vertex -57.9058 -17.2539 2.01
    endloop
  endfacet
  facet normal 0.975949 -0.217997 0
    outer loop
      vertex -57.9058 -17.2539 0
      vertex -57.9469 -17.4379 2.01
      vertex -57.9469 -17.4379 0
    endloop
  endfacet
  facet normal 0.789895 0.613243 0
    outer loop
      vertex -57.3115 -19.9123 2.01
      vertex -57.4271 -19.7634 0
      vertex -57.4271 -19.7634 2.01
    endloop
  endfacet
  facet normal 0.789895 0.613243 0
    outer loop
      vertex -57.4271 -19.7634 0
      vertex -57.3115 -19.9123 2.01
      vertex -57.3115 -19.9123 0
    endloop
  endfacet
  facet normal 0.917794 0.397056 0
    outer loop
      vertex -57.7145 -19.2773 2.01
      vertex -57.7893 -19.1044 0
      vertex -57.7893 -19.1044 2.01
    endloop
  endfacet
  facet normal 0.917794 0.397056 0
    outer loop
      vertex -57.7893 -19.1044 0
      vertex -57.7145 -19.2773 2.01
      vertex -57.7145 -19.2773 0
    endloop
  endfacet
  facet normal -0.561904 -0.827203 0
    outer loop
      vertex -53.3925 -15.467 0
      vertex -53.2366 -15.5729 2.01
      vertex -53.3925 -15.467 2.01
    endloop
  endfacet
  facet normal -0.561904 -0.827203 -0
    outer loop
      vertex -53.2366 -15.5729 2.01
      vertex -53.3925 -15.467 0
      vertex -53.2366 -15.5729 0
    endloop
  endfacet
  facet normal -0.750039 0.661393 0
    outer loop
      vertex -52.8131 -20.0536 0
      vertex -52.6885 -19.9123 2.01
      vertex -52.6885 -19.9123 0
    endloop
  endfacet
  facet normal -0.750039 0.661393 0
    outer loop
      vertex -52.6885 -19.9123 2.01
      vertex -52.8131 -20.0536 0
      vertex -52.8131 -20.0536 2.01
    endloop
  endfacet
  facet normal -0.917794 0.397056 0
    outer loop
      vertex -52.2855 -19.2773 0
      vertex -52.2107 -19.1044 2.01
      vertex -52.2107 -19.1044 0
    endloop
  endfacet
  facet normal -0.917794 0.397056 0
    outer loop
      vertex -52.2107 -19.1044 2.01
      vertex -52.2855 -19.2773 0
      vertex -52.2855 -19.2773 2.01
    endloop
  endfacet
  facet normal 0.750039 -0.661393 0
    outer loop
      vertex -57.3115 -16.0877 2.01
      vertex -57.1869 -15.9464 0
      vertex -57.1869 -15.9464 2.01
    endloop
  endfacet
  facet normal 0.750039 -0.661393 0
    outer loop
      vertex -57.1869 -15.9464 0
      vertex -57.3115 -16.0877 2.01
      vertex -57.3115 -16.0877 0
    endloop
  endfacet
  facet normal -0.0944585 -0.995529 0
    outer loop
      vertex -54.8116 -15.0059 0
      vertex -54.624 -15.0237 2.01
      vertex -54.8116 -15.0059 2.01
    endloop
  endfacet
  facet normal -0.0944585 -0.995529 -0
    outer loop
      vertex -54.624 -15.0237 2.01
      vertex -54.8116 -15.0059 0
      vertex -54.624 -15.0237 0
    endloop
  endfacet
  facet normal -0.156044 -0.98775 0
    outer loop
      vertex -54.624 -15.0237 0
      vertex -54.4379 -15.0531 2.01
      vertex -54.624 -15.0237 2.01
    endloop
  endfacet
  facet normal -0.156044 -0.98775 -0
    outer loop
      vertex -54.4379 -15.0531 2.01
      vertex -54.624 -15.0237 0
      vertex -54.4379 -15.0531 0
    endloop
  endfacet
  facet normal 0.827203 -0.561904 0
    outer loop
      vertex -57.533 -16.3925 2.01
      vertex -57.4271 -16.2366 0
      vertex -57.4271 -16.2366 2.01
    endloop
  endfacet
  facet normal 0.827203 -0.561904 0
    outer loop
      vertex -57.4271 -16.2366 0
      vertex -57.533 -16.3925 2.01
      vertex -57.533 -16.3925 0
    endloop
  endfacet
  facet normal -0.98775 0.156044 0
    outer loop
      vertex -52.0531 -18.5621 0
      vertex -52.0237 -18.376 2.01
      vertex -52.0237 -18.376 0
    endloop
  endfacet
  facet normal -0.98775 0.156044 0
    outer loop
      vertex -52.0237 -18.376 2.01
      vertex -52.0531 -18.5621 0
      vertex -52.0531 -18.5621 2.01
    endloop
  endfacet
  facet normal 0.98775 0.156044 0
    outer loop
      vertex -57.9469 -18.5621 2.01
      vertex -57.9763 -18.376 0
      vertex -57.9763 -18.376 2.01
    endloop
  endfacet
  facet normal 0.98775 0.156044 0
    outer loop
      vertex -57.9763 -18.376 0
      vertex -57.9469 -18.5621 2.01
      vertex -57.9469 -18.5621 0
    endloop
  endfacet
  facet normal -0.613243 0.789895 0
    outer loop
      vertex -53.0877 -20.3115 0
      vertex -53.2366 -20.4271 2.01
      vertex -53.0877 -20.3115 2.01
    endloop
  endfacet
  facet normal -0.613243 0.789895 0
    outer loop
      vertex -53.2366 -20.4271 2.01
      vertex -53.0877 -20.3115 0
      vertex -53.2366 -20.4271 0
    endloop
  endfacet
  facet normal -0.217997 0.975949 0
    outer loop
      vertex -54.2539 -20.9058 0
      vertex -54.4379 -20.9469 2.01
      vertex -54.2539 -20.9058 2.01
    endloop
  endfacet
  facet normal -0.217997 0.975949 0
    outer loop
      vertex -54.4379 -20.9469 2.01
      vertex -54.2539 -20.9058 0
      vertex -54.4379 -20.9469 0
    endloop
  endfacet
  facet normal 0.789895 -0.613243 0
    outer loop
      vertex -57.4271 -16.2366 2.01
      vertex -57.3115 -16.0877 0
      vertex -57.3115 -16.0877 2.01
    endloop
  endfacet
  facet normal 0.789895 -0.613243 0
    outer loop
      vertex -57.3115 -16.0877 0
      vertex -57.4271 -16.2366 2.01
      vertex -57.4271 -16.2366 0
    endloop
  endfacet
  facet normal -0.975949 0.217997 0
    outer loop
      vertex -52.0942 -18.7461 0
      vertex -52.0531 -18.5621 2.01
      vertex -52.0531 -18.5621 0
    endloop
  endfacet
  facet normal -0.975949 0.217997 0
    outer loop
      vertex -52.0531 -18.5621 2.01
      vertex -52.0942 -18.7461 0
      vertex -52.0942 -18.7461 2.01
    endloop
  endfacet
  facet normal -0.339058 -0.940766 0
    outer loop
      vertex -54.0729 -15.1468 0
      vertex -53.8956 -15.2107 2.01
      vertex -54.0729 -15.1468 2.01
    endloop
  endfacet
  facet normal -0.339058 -0.940766 -0
    outer loop
      vertex -53.8956 -15.2107 2.01
      vertex -54.0729 -15.1468 0
      vertex -53.8956 -15.2107 0
    endloop
  endfacet
  facet normal 0.707107 0.707107 0
    outer loop
      vertex -57.0536 -20.1869 2.01
      vertex -57.1869 -20.0536 0
      vertex -57.1869 -20.0536 2.01
    endloop
  endfacet
  facet normal 0.707107 0.707107 0
    outer loop
      vertex -57.1869 -20.0536 0
      vertex -57.0536 -20.1869 2.01
      vertex -57.0536 -20.1869 0
    endloop
  endfacet
  facet normal 0.975949 0.217997 0
    outer loop
      vertex -57.9058 -18.7461 2.01
      vertex -57.9469 -18.5621 0
      vertex -57.9469 -18.5621 2.01
    endloop
  endfacet
  facet normal 0.975949 0.217997 0
    outer loop
      vertex -57.9469 -18.5621 0
      vertex -57.9058 -18.7461 2.01
      vertex -57.9058 -18.7461 0
    endloop
  endfacet
  facet normal -0.750039 -0.661393 0
    outer loop
      vertex -52.6885 -16.0877 0
      vertex -52.8131 -15.9464 2.01
      vertex -52.8131 -15.9464 0
    endloop
  endfacet
  facet normal -0.750039 -0.661393 0
    outer loop
      vertex -52.8131 -15.9464 2.01
      vertex -52.6885 -16.0877 0
      vertex -52.6885 -16.0877 2.01
    endloop
  endfacet
  facet normal 0.613243 -0.789895 0
    outer loop
      vertex -56.9123 -15.6885 0
      vertex -56.7634 -15.5729 2.01
      vertex -56.9123 -15.6885 2.01
    endloop
  endfacet
  facet normal 0.613243 -0.789895 0
    outer loop
      vertex -56.7634 -15.5729 2.01
      vertex -56.9123 -15.6885 0
      vertex -56.7634 -15.5729 0
    endloop
  endfacet
  facet normal 0.561904 -0.827203 0
    outer loop
      vertex -56.7634 -15.5729 0
      vertex -56.6075 -15.467 2.01
      vertex -56.7634 -15.5729 2.01
    endloop
  endfacet
  facet normal 0.561904 -0.827203 0
    outer loop
      vertex -56.6075 -15.467 2.01
      vertex -56.7634 -15.5729 0
      vertex -56.6075 -15.467 0
    endloop
  endfacet
  facet normal 0.827203 0.561904 0
    outer loop
      vertex -57.4271 -19.7634 2.01
      vertex -57.533 -19.6075 0
      vertex -57.533 -19.6075 2.01
    endloop
  endfacet
  facet normal 0.827203 0.561904 0
    outer loop
      vertex -57.533 -19.6075 0
      vertex -57.4271 -19.7634 2.01
      vertex -57.4271 -19.7634 0
    endloop
  endfacet
  facet normal 0.960273 0.279063 0
    outer loop
      vertex -57.8532 -18.9271 2.01
      vertex -57.9058 -18.7461 0
      vertex -57.9058 -18.7461 2.01
    endloop
  endfacet
  facet normal 0.960273 0.279063 0
    outer loop
      vertex -57.9058 -18.7461 0
      vertex -57.8532 -18.9271 2.01
      vertex -57.8532 -18.9271 0
    endloop
  endfacet
  facet normal 0.217997 0.975949 -0
    outer loop
      vertex -55.5621 -20.9469 0
      vertex -55.7461 -20.9058 2.01
      vertex -55.5621 -20.9469 2.01
    endloop
  endfacet
  facet normal 0.217997 0.975949 0
    outer loop
      vertex -55.7461 -20.9058 2.01
      vertex -55.5621 -20.9469 0
      vertex -55.7461 -20.9058 0
    endloop
  endfacet
  facet normal 0.397056 0.917794 -0
    outer loop
      vertex -56.1044 -20.7893 0
      vertex -56.2773 -20.7145 2.01
      vertex -56.1044 -20.7893 2.01
    endloop
  endfacet
  facet normal 0.397056 0.917794 0
    outer loop
      vertex -56.2773 -20.7145 2.01
      vertex -56.1044 -20.7893 0
      vertex -56.2773 -20.7145 0
    endloop
  endfacet
  facet normal -0.661393 0.750039 0
    outer loop
      vertex -52.9464 -20.1869 0
      vertex -53.0877 -20.3115 2.01
      vertex -52.9464 -20.1869 2.01
    endloop
  endfacet
  facet normal -0.661393 0.750039 0
    outer loop
      vertex -53.0877 -20.3115 2.01
      vertex -52.9464 -20.1869 0
      vertex -53.0877 -20.3115 0
    endloop
  endfacet
  facet normal 0.558691 -0.433746 0.706915
    outer loop
      vertex -59.8456 -14.4787 5
      vertex -57.4271 -16.2366 2.01
      vertex -57.3115 -16.0877 2.01
    endloop
  endfacet
  facet normal 0.552464 -0.441971 0.706714
    outer loop
      vertex -57.4271 -16.2366 2.01
      vertex -59.8456 -14.4787 5
      vertex -59.846 -14.4792 5
    endloop
  endfacet
  facet normal -0.63022 0.321041 0.706933
    outer loop
      vertex -49.7509 -20.8857 5
      vertex -49.5804 -20.551 5
      vertex -52.3711 -19.4453 2.01
    endloop
  endfacet
  facet normal -0.706932 -0.0222152 0.706932
    outer loop
      vertex -49.01 -18 5
      vertex -49.0218 -17.6245 5
      vertex -52 -18 2.01
    endloop
  endfacet
  facet normal -0.707805 0 0.706408
    outer loop
      vertex -52.0059 -17.8116 2.01
      vertex -49.0218 -17.6245 5
      vertex -49.0218 -17.6239 5
    endloop
  endfacet
  facet normal -0.706938 -0.0221387 0.706929
    outer loop
      vertex -49.0218 -17.6245 5
      vertex -52.0059 -17.8116 2.01
      vertex -52 -18 2.01
    endloop
  endfacet
  facet normal 0.321041 -0.63022 0.706933
    outer loop
      vertex -56.4453 -15.3711 2.01
      vertex -57.551 -12.5804 5
      vertex -57.8857 -12.7509 5
    endloop
  endfacet
  facet normal 0.316274 -0.632547 0.707004
    outer loop
      vertex -57.551 -12.5804 5
      vertex -56.2773 -15.2855 2.01
      vertex -57.5504 -12.5801 5
    endloop
  endfacet
  facet normal 0.321099 -0.630194 0.70693
    outer loop
      vertex -56.2773 -15.2855 2.01
      vertex -57.551 -12.5804 5
      vertex -56.4453 -15.3711 2.01
    endloop
  endfacet
  facet normal 0.0222152 0.706932 0.706932
    outer loop
      vertex -55 -23.99 5
      vertex -55 -21 2.01
      vertex -55.3755 -23.9782 5
    endloop
  endfacet
  facet normal 0.665515 -0.239472 0.706925
    outer loop
      vertex -57.8532 -17.0729 2.01
      vertex -60.5696 -15.7955 5
      vertex -60.6968 -16.149 5
    endloop
  endfacet
  facet normal 0.223883 -0.671648 0.706234
    outer loop
      vertex -56.4903 -12.1984 5
      vertex -55.7461 -15.0943 2.01
      vertex -56.4897 -12.1982 5
    endloop
  endfacet
  facet normal 0.197028 -0.679277 0.706939
    outer loop
      vertex -55.7461 -15.0943 2.01
      vertex -56.4903 -12.1984 5
      vertex -55.9271 -15.1468 2.01
    endloop
  endfacet
  facet normal -0.223775 0.671325 0.706575
    outer loop
      vertex -53.8956 -20.7893 2.01
      vertex -52.7955 -23.5696 5
      vertex -52.7949 -23.5694 5
    endloop
  endfacet
  facet normal -0.239806 0.665377 0.706942
    outer loop
      vertex -52.7955 -23.5696 5
      vertex -53.8956 -20.7893 2.01
      vertex -54.0729 -20.8532 2.01
    endloop
  endfacet
  facet normal 0.608833 0.35997 0.706926
    outer loop
      vertex -60.0578 -21.2091 5
      vertex -57.533 -19.6075 2.01
      vertex -57.6289 -19.4453 2.01
    endloop
  endfacet
  facet normal 0.606439 0.363863 0.70699
    outer loop
      vertex -57.533 -19.6075 2.01
      vertex -60.0578 -21.2091 5
      vertex -60.0575 -21.2096 5
    endloop
  endfacet
  facet normal 0.665515 0.239472 0.706925
    outer loop
      vertex -60.5696 -20.2045 5
      vertex -57.8532 -18.9271 2.01
      vertex -60.6968 -19.851 5
    endloop
  endfacet
  facet normal 0.704145 -0.0664607 0.706939
    outer loop
      vertex -57.9763 -17.624 2.01
      vertex -60.9428 -17.2493 5
      vertex -60.9781 -17.6233 5
    endloop
  endfacet
  facet normal -0.281015 -0.64906 0.706932
    outer loop
      vertex -52.7949 -12.4306 5
      vertex -53.7227 -15.2855 2.01
      vertex -52.4496 -12.5801 5
    endloop
  endfacet
  facet normal -0.280827 -0.649131 0.706941
    outer loop
      vertex -53.7227 -15.2855 2.01
      vertex -52.7949 -12.4306 5
      vertex -53.8956 -15.2107 2.01
    endloop
  endfacet
  facet normal -0.679202 0.19734 0.706924
    outer loop
      vertex -49.3032 -19.851 5
      vertex -49.1984 -19.4903 5
      vertex -52.1468 -18.9271 2.01
    endloop
  endfacet
  facet normal -0.116552 -0.699313 0.70525
    outer loop
      vertex -54.8116 -15.0059 2.01
      vertex -54.6233 -12.0219 5
      vertex -54.6239 -12.0218 5
    endloop
  endfacet
  facet normal -0.0668096 -0.704128 0.706923
    outer loop
      vertex -54.6233 -12.0219 5
      vertex -54.8116 -15.0059 2.01
      vertex -54.624 -15.0237 2.01
    endloop
  endfacet
  facet normal -0.110685 0.698559 0.70694
    outer loop
      vertex -54.2493 -23.9428 5
      vertex -53.8782 -23.884 5
      vertex -54.624 -20.9763 2.01
    endloop
  endfacet
  facet normal -0.500124 0.500124 0.706931
    outer loop
      vertex -52.9464 -20.1869 2.01
      vertex -50.9 -22.3669 5
      vertex -50.8996 -22.3665 5
    endloop
  endfacet
  facet normal -0.467788 0.530485 0.706937
    outer loop
      vertex -50.9 -22.3669 5
      vertex -52.9464 -20.1869 2.01
      vertex -53.0877 -20.3115 2.01
    endloop
  endfacet
  facet normal -0.433379 0.558949 0.706936
    outer loop
      vertex -51.4787 -22.8456 5
      vertex -51.1818 -22.6154 5
      vertex -53.0877 -20.3115 2.01
    endloop
  endfacet
  facet normal -0.632547 -0.316274 0.707004
    outer loop
      vertex -49.5804 -15.449 5
      vertex -52.2855 -16.7227 2.01
      vertex -49.5801 -15.4496 5
    endloop
  endfacet
  facet normal -0.630194 -0.321099 0.70693
    outer loop
      vertex -52.2855 -16.7227 2.01
      vertex -49.5804 -15.449 5
      vertex -52.3711 -16.5547 2.01
    endloop
  endfacet
  facet normal -0.53048 0.467794 0.706937
    outer loop
      vertex -50.6331 -22.1 5
      vertex -50.3846 -21.8182 5
      vertex -52.6885 -19.9123 2.01
    endloop
  endfacet
  facet normal -0.698559 0.110685 0.70694
    outer loop
      vertex -49.116 -19.1218 5
      vertex -49.0572 -18.7507 5
      vertex -52.0237 -18.376 2.01
    endloop
  endfacet
  facet normal 0.19734 -0.679202 0.706924
    outer loop
      vertex -55.9271 -15.1468 2.01
      vertex -56.4903 -12.1984 5
      vertex -56.851 -12.3032 5
    endloop
  endfacet
  facet normal 0.116552 -0.699313 0.70525
    outer loop
      vertex -55.3767 -12.0219 5
      vertex -55.1884 -15.0059 2.01
      vertex -55.3761 -12.0218 5
    endloop
  endfacet
  facet normal 0.0668096 -0.704128 0.706923
    outer loop
      vertex -55.1884 -15.0059 2.01
      vertex -55.3767 -12.0219 5
      vertex -55.376 -15.0237 2.01
    endloop
  endfacet
  facet normal -0.239472 -0.665515 0.706925
    outer loop
      vertex -52.7955 -12.4304 5
      vertex -53.149 -12.3032 5
      vertex -54.0729 -15.1468 2.01
    endloop
  endfacet
  facet normal 0 0.707805 0.706408
    outer loop
      vertex -54.8116 -20.9941 2.01
      vertex -54.6245 -23.9782 5
      vertex -54.6239 -23.9782 5
    endloop
  endfacet
  facet normal -0.0221387 0.706938 0.706929
    outer loop
      vertex -54.6245 -23.9782 5
      vertex -54.8116 -20.9941 2.01
      vertex -55 -21 2.01
    endloop
  endfacet
  facet normal -0.584944 0.397619 0.706922
    outer loop
      vertex -50.154 -21.5208 5
      vertex -49.9428 -21.2101 5
      vertex -52.5729 -19.7634 2.01
    endloop
  endfacet
  facet normal -0.0222152 0.706932 0.706932
    outer loop
      vertex -54.6245 -23.9782 5
      vertex -55 -21 2.01
      vertex -55 -23.99 5
    endloop
  endfacet
  facet normal 0.154346 -0.690229 0.706938
    outer loop
      vertex -55.7461 -15.0943 2.01
      vertex -56.123 -12.1162 5
      vertex -56.4897 -12.1982 5
    endloop
  endfacet
  facet normal 0.608752 -0.360093 0.706933
    outer loop
      vertex -57.6289 -16.5547 2.01
      vertex -60.0578 -14.7909 5
      vertex -60.2491 -15.1143 5
    endloop
  endfacet
  facet normal 0.239472 0.665515 0.706925
    outer loop
      vertex -56.851 -23.6968 5
      vertex -55.9271 -20.8532 2.01
      vertex -57.2045 -23.5696 5
    endloop
  endfacet
  facet normal -0.608833 0.35997 0.706926
    outer loop
      vertex -52.467 -19.6075 2.01
      vertex -49.9422 -21.2091 5
      vertex -52.3711 -19.4453 2.01
    endloop
  endfacet
  facet normal -0.606439 0.363863 0.70699
    outer loop
      vertex -49.9422 -21.2091 5
      vertex -52.467 -19.6075 2.01
      vertex -49.9425 -21.2096 5
    endloop
  endfacet
  facet normal 0.698559 -0.110685 0.70694
    outer loop
      vertex -57.9763 -17.624 2.01
      vertex -60.884 -16.8782 5
      vertex -60.9428 -17.2493 5
    endloop
  endfacet
  facet normal -0.699313 0.116552 0.70525
    outer loop
      vertex -52.0059 -18.1884 2.01
      vertex -49.0219 -18.3767 5
      vertex -49.0218 -18.3761 5
    endloop
  endfacet
  facet normal -0.704128 0.0668096 0.706923
    outer loop
      vertex -49.0219 -18.3767 5
      vertex -52.0059 -18.1884 2.01
      vertex -52.0237 -18.376 2.01
    endloop
  endfacet
  facet normal -0.706932 0.0222152 0.706932
    outer loop
      vertex -49.0218 -18.3755 5
      vertex -49.01 -18 5
      vertex -52 -18 2.01
    endloop
  endfacet
  facet normal -0.239472 0.665515 0.706925
    outer loop
      vertex -53.149 -23.6968 5
      vertex -52.7955 -23.5696 5
      vertex -54.0729 -20.8532 2.01
    endloop
  endfacet
  facet normal -0.552464 0.441971 0.706714
    outer loop
      vertex -52.5729 -19.7634 2.01
      vertex -50.1544 -21.5213 5
      vertex -50.154 -21.5208 5
    endloop
  endfacet
  facet normal -0.558691 0.433746 0.706915
    outer loop
      vertex -50.1544 -21.5213 5
      vertex -52.5729 -19.7634 2.01
      vertex -52.6885 -19.9123 2.01
    endloop
  endfacet
  facet normal 0.704128 0.0668096 0.706923
    outer loop
      vertex -57.9941 -18.1884 2.01
      vertex -60.9781 -18.3767 5
      vertex -57.9763 -18.376 2.01
    endloop
  endfacet
  facet normal 0.699313 0.116552 0.70525
    outer loop
      vertex -60.9781 -18.3767 5
      vertex -57.9941 -18.1884 2.01
      vertex -60.9782 -18.3761 5
    endloop
  endfacet
  facet normal -0.530485 0.467788 0.706937
    outer loop
      vertex -52.8131 -20.0536 2.01
      vertex -50.6331 -22.1 5
      vertex -52.6885 -19.9123 2.01
    endloop
  endfacet
  facet normal -0.500124 0.500124 0.706931
    outer loop
      vertex -50.6331 -22.1 5
      vertex -52.8131 -20.0536 2.01
      vertex -50.6335 -22.1004 5
    endloop
  endfacet
  facet normal -0.706938 0.0221387 0.706929
    outer loop
      vertex -52.0059 -18.1884 2.01
      vertex -49.0218 -18.3755 5
      vertex -52 -18 2.01
    endloop
  endfacet
  facet normal -0.707805 0 0.706408
    outer loop
      vertex -49.0218 -18.3755 5
      vertex -52.0059 -18.1884 2.01
      vertex -49.0218 -18.3761 5
    endloop
  endfacet
  facet normal -0.154185 0.690269 0.706934
    outer loop
      vertex -54.4379 -20.9469 2.01
      vertex -53.877 -23.8838 5
      vertex -54.2539 -20.9058 2.01
    endloop
  endfacet
  facet normal -0.116264 0.697585 0.707006
    outer loop
      vertex -53.877 -23.8838 5
      vertex -54.4379 -20.9469 2.01
      vertex -53.8776 -23.8839 5
    endloop
  endfacet
  facet normal 0.706938 0.0221387 0.706929
    outer loop
      vertex -60.9782 -18.3755 5
      vertex -57.9941 -18.1884 2.01
      vertex -58 -18 2.01
    endloop
  endfacet
  facet normal 0.707805 0 0.706408
    outer loop
      vertex -57.9941 -18.1884 2.01
      vertex -60.9782 -18.3755 5
      vertex -60.9782 -18.3761 5
    endloop
  endfacet
  facet normal -0.665377 0.239806 0.706942
    outer loop
      vertex -52.2107 -19.1044 2.01
      vertex -49.4304 -20.2045 5
      vertex -52.1468 -18.9271 2.01
    endloop
  endfacet
  facet normal -0.671325 0.223775 0.706575
    outer loop
      vertex -49.4304 -20.2045 5
      vertex -52.2107 -19.1044 2.01
      vertex -49.4306 -20.2051 5
    endloop
  endfacet
  facet normal -0.397423 0.585064 0.706933
    outer loop
      vertex -53.3925 -20.533 2.01
      vertex -51.7899 -23.0572 5
      vertex -53.2366 -20.4271 2.01
    endloop
  endfacet
  facet normal -0.363863 0.606439 0.70699
    outer loop
      vertex -51.7899 -23.0572 5
      vertex -53.3925 -20.533 2.01
      vertex -51.7904 -23.0575 5
    endloop
  endfacet
  facet normal 0.69024 0.154349 0.706926
    outer loop
      vertex -60.8018 -19.4897 5
      vertex -57.9058 -18.7461 2.01
      vertex -60.8838 -19.123 5
    endloop
  endfacet
  facet normal 0.690269 -0.154185 0.706934
    outer loop
      vertex -60.8838 -16.877 5
      vertex -57.9469 -17.4379 2.01
      vertex -57.9058 -17.2539 2.01
    endloop
  endfacet
  facet normal 0.697585 -0.116264 0.707006
    outer loop
      vertex -57.9469 -17.4379 2.01
      vertex -60.8838 -16.877 5
      vertex -60.8839 -16.8776 5
    endloop
  endfacet
  facet normal 0.280827 0.649131 0.706941
    outer loop
      vertex -56.2773 -20.7145 2.01
      vertex -57.2051 -23.5694 5
      vertex -56.1044 -20.7893 2.01
    endloop
  endfacet
  facet normal 0.281015 0.64906 0.706932
    outer loop
      vertex -57.2051 -23.5694 5
      vertex -56.2773 -20.7145 2.01
      vertex -57.5504 -23.4199 5
    endloop
  endfacet
  facet normal 0.500124 0.500124 0.706931
    outer loop
      vertex -57.1869 -20.0536 2.01
      vertex -59.1004 -22.3665 5
      vertex -57.0536 -20.1869 2.01
    endloop
  endfacet
  facet normal 0.500124 0.500124 0.706931
    outer loop
      vertex -59.1004 -22.3665 5
      vertex -57.1869 -20.0536 2.01
      vertex -59.3665 -22.1004 5
    endloop
  endfacet
  facet normal 0.397619 0.584944 0.706922
    outer loop
      vertex -58.2101 -23.0572 5
      vertex -56.7634 -20.4271 2.01
      vertex -58.5208 -22.846 5
    endloop
  endfacet
  facet normal -0.316274 -0.632547 0.707004
    outer loop
      vertex -53.7227 -15.2855 2.01
      vertex -52.449 -12.5804 5
      vertex -52.4496 -12.5801 5
    endloop
  endfacet
  facet normal -0.321099 -0.630194 0.70693
    outer loop
      vertex -52.449 -12.5804 5
      vertex -53.7227 -15.2855 2.01
      vertex -53.5547 -15.3711 2.01
    endloop
  endfacet
  facet normal 0.500124 -0.500124 0.706931
    outer loop
      vertex -59.1004 -13.6335 5
      vertex -57.1869 -15.9464 2.01
      vertex -57.0536 -15.8131 2.01
    endloop
  endfacet
  facet normal 0.500124 -0.500124 0.706931
    outer loop
      vertex -57.1869 -15.9464 2.01
      vertex -59.1004 -13.6335 5
      vertex -59.3665 -13.8996 5
    endloop
  endfacet
  facet normal -0.671658 -0.223886 0.706222
    outer loop
      vertex -49.1984 -16.5097 5
      vertex -52.0942 -17.2539 2.01
      vertex -49.1982 -16.5103 5
    endloop
  endfacet
  facet normal -0.679193 -0.197379 0.706922
    outer loop
      vertex -52.0942 -17.2539 2.01
      vertex -49.1984 -16.5097 5
      vertex -52.1468 -17.0729 2.01
    endloop
  endfacet
  facet normal -0.397619 0.584944 0.706922
    outer loop
      vertex -51.7899 -23.0572 5
      vertex -51.4792 -22.846 5
      vertex -53.2366 -20.4271 2.01
    endloop
  endfacet
  facet normal -0.467794 0.53048 0.706937
    outer loop
      vertex -51.1818 -22.6154 5
      vertex -50.9 -22.3669 5
      vertex -53.0877 -20.3115 2.01
    endloop
  endfacet
  facet normal 0.630194 0.321099 0.70693
    outer loop
      vertex -57.7145 -19.2773 2.01
      vertex -60.4196 -20.551 5
      vertex -57.6289 -19.4453 2.01
    endloop
  endfacet
  facet normal 0.632547 0.316274 0.707004
    outer loop
      vertex -60.4196 -20.551 5
      vertex -57.7145 -19.2773 2.01
      vertex -60.4199 -20.5504 5
    endloop
  endfacet
  facet normal -0.606439 -0.363863 0.70699
    outer loop
      vertex -52.467 -16.3925 2.01
      vertex -49.9422 -14.7909 5
      vertex -49.9425 -14.7904 5
    endloop
  endfacet
  facet normal -0.608833 -0.35997 0.706926
    outer loop
      vertex -49.9422 -14.7909 5
      vertex -52.467 -16.3925 2.01
      vertex -52.3711 -16.5547 2.01
    endloop
  endfacet
  facet normal 0.239806 0.665377 0.706942
    outer loop
      vertex -56.1044 -20.7893 2.01
      vertex -57.2045 -23.5696 5
      vertex -55.9271 -20.8532 2.01
    endloop
  endfacet
  facet normal 0.223775 0.671325 0.706575
    outer loop
      vertex -57.2045 -23.5696 5
      vertex -56.1044 -20.7893 2.01
      vertex -57.2051 -23.5694 5
    endloop
  endfacet
  facet normal -0.704145 0.0664607 0.706939
    outer loop
      vertex -49.0572 -18.7507 5
      vertex -49.0219 -18.3767 5
      vertex -52.0237 -18.376 2.01
    endloop
  endfacet
  facet normal 0.19734 0.679202 0.706924
    outer loop
      vertex -56.4903 -23.8016 5
      vertex -55.9271 -20.8532 2.01
      vertex -56.851 -23.6968 5
    endloop
  endfacet
  facet normal -0.552464 -0.441971 0.706714
    outer loop
      vertex -50.1544 -14.4787 5
      vertex -52.5729 -16.2366 2.01
      vertex -50.154 -14.4792 5
    endloop
  endfacet
  facet normal -0.558691 -0.433746 0.706915
    outer loop
      vertex -52.5729 -16.2366 2.01
      vertex -50.1544 -14.4787 5
      vertex -52.6885 -16.0877 2.01
    endloop
  endfacet
  facet normal 0.433746 0.558691 0.706915
    outer loop
      vertex -58.5213 -22.8456 5
      vertex -56.7634 -20.4271 2.01
      vertex -56.9123 -20.3115 2.01
    endloop
  endfacet
  facet normal 0.441971 0.552464 0.706714
    outer loop
      vertex -56.7634 -20.4271 2.01
      vertex -58.5213 -22.8456 5
      vertex -58.5208 -22.846 5
    endloop
  endfacet
  facet normal 0.558949 -0.433379 0.706936
    outer loop
      vertex -57.3115 -16.0877 2.01
      vertex -59.6154 -14.1818 5
      vertex -59.8456 -14.4787 5
    endloop
  endfacet
  facet normal 0.665377 0.239806 0.706942
    outer loop
      vertex -60.5696 -20.2045 5
      vertex -57.7893 -19.1044 2.01
      vertex -57.8532 -18.9271 2.01
    endloop
  endfacet
  facet normal 0.671325 0.223775 0.706575
    outer loop
      vertex -57.7893 -19.1044 2.01
      vertex -60.5696 -20.2045 5
      vertex -60.5694 -20.2051 5
    endloop
  endfacet
  facet normal -0.321099 0.630194 0.70693
    outer loop
      vertex -53.7227 -20.7145 2.01
      vertex -52.449 -23.4196 5
      vertex -53.5547 -20.6289 2.01
    endloop
  endfacet
  facet normal -0.316274 0.632547 0.707004
    outer loop
      vertex -52.449 -23.4196 5
      vertex -53.7227 -20.7145 2.01
      vertex -52.4496 -23.4199 5
    endloop
  endfacet
  facet normal -0.0668096 0.704128 0.706923
    outer loop
      vertex -54.8116 -20.9941 2.01
      vertex -54.6233 -23.9781 5
      vertex -54.624 -20.9763 2.01
    endloop
  endfacet
  facet normal -0.116552 0.699313 0.70525
    outer loop
      vertex -54.6233 -23.9781 5
      vertex -54.8116 -20.9941 2.01
      vertex -54.6239 -23.9782 5
    endloop
  endfacet
  facet normal -0.321041 0.63022 0.706933
    outer loop
      vertex -52.449 -23.4196 5
      vertex -52.1143 -23.2491 5
      vertex -53.5547 -20.6289 2.01
    endloop
  endfacet
  facet normal 0.239806 -0.665377 0.706942
    outer loop
      vertex -57.2045 -12.4304 5
      vertex -56.1044 -15.2107 2.01
      vertex -55.9271 -15.1468 2.01
    endloop
  endfacet
  facet normal 0.223775 -0.671325 0.706575
    outer loop
      vertex -56.1044 -15.2107 2.01
      vertex -57.2045 -12.4304 5
      vertex -57.2051 -12.4306 5
    endloop
  endfacet
  facet normal 0.679202 0.19734 0.706924
    outer loop
      vertex -60.6968 -19.851 5
      vertex -57.8532 -18.9271 2.01
      vertex -60.8016 -19.4903 5
    endloop
  endfacet
  facet normal -0.360093 -0.608752 0.706933
    outer loop
      vertex -51.7909 -12.9422 5
      vertex -52.1143 -12.7509 5
      vertex -53.5547 -15.3711 2.01
    endloop
  endfacet
  facet normal -0.500124 0.500124 0.706931
    outer loop
      vertex -52.8131 -20.0536 2.01
      vertex -50.8996 -22.3665 5
      vertex -50.6335 -22.1004 5
    endloop
  endfacet
  facet normal -0.500124 0.500124 0.706931
    outer loop
      vertex -50.8996 -22.3665 5
      vertex -52.8131 -20.0536 2.01
      vertex -52.9464 -20.1869 2.01
    endloop
  endfacet
  facet normal -0.632547 0.316274 0.707004
    outer loop
      vertex -52.2855 -19.2773 2.01
      vertex -49.5804 -20.551 5
      vertex -49.5801 -20.5504 5
    endloop
  endfacet
  facet normal -0.630194 0.321099 0.70693
    outer loop
      vertex -49.5804 -20.551 5
      vertex -52.2855 -19.2773 2.01
      vertex -52.3711 -19.4453 2.01
    endloop
  endfacet
  facet normal -0.197379 0.679193 0.706922
    outer loop
      vertex -54.2539 -20.9058 2.01
      vertex -53.5097 -23.8016 5
      vertex -54.0729 -20.8532 2.01
    endloop
  endfacet
  facet normal -0.223886 0.671658 0.706222
    outer loop
      vertex -53.5097 -23.8016 5
      vertex -54.2539 -20.9058 2.01
      vertex -53.5103 -23.8018 5
    endloop
  endfacet
  facet normal -0.69024 0.154349 0.706926
    outer loop
      vertex -49.1982 -19.4897 5
      vertex -49.1162 -19.123 5
      vertex -52.0942 -18.7461 2.01
    endloop
  endfacet
  facet normal 0.584944 -0.397619 0.706922
    outer loop
      vertex -57.4271 -16.2366 2.01
      vertex -59.846 -14.4792 5
      vertex -60.0572 -14.7899 5
    endloop
  endfacet
  facet normal 0.35997 -0.608833 0.706926
    outer loop
      vertex -58.2091 -12.9422 5
      vertex -56.6075 -15.467 2.01
      vertex -56.4453 -15.3711 2.01
    endloop
  endfacet
  facet normal 0.363863 -0.606439 0.70699
    outer loop
      vertex -56.6075 -15.467 2.01
      vertex -58.2091 -12.9422 5
      vertex -58.2096 -12.9425 5
    endloop
  endfacet
  facet normal 0.321041 0.63022 0.706933
    outer loop
      vertex -57.551 -23.4196 5
      vertex -56.4453 -20.6289 2.01
      vertex -57.8857 -23.2491 5
    endloop
  endfacet
  facet normal -0.608752 0.360093 0.706933
    outer loop
      vertex -49.9422 -21.2091 5
      vertex -49.7509 -20.8857 5
      vertex -52.3711 -19.4453 2.01
    endloop
  endfacet
  facet normal 0.467794 0.53048 0.706937
    outer loop
      vertex -58.8182 -22.6154 5
      vertex -56.9123 -20.3115 2.01
      vertex -59.1 -22.3669 5
    endloop
  endfacet
  facet normal -0.558949 -0.433379 0.706936
    outer loop
      vertex -50.1544 -14.4787 5
      vertex -50.3846 -14.1818 5
      vertex -52.6885 -16.0877 2.01
    endloop
  endfacet
  facet normal 0.704145 0.0664607 0.706939
    outer loop
      vertex -60.9428 -18.7507 5
      vertex -57.9763 -18.376 2.01
      vertex -60.9781 -18.3767 5
    endloop
  endfacet
  facet normal 0.679193 0.197379 0.706922
    outer loop
      vertex -57.9058 -18.7461 2.01
      vertex -60.8016 -19.4903 5
      vertex -57.8532 -18.9271 2.01
    endloop
  endfacet
  facet normal 0.671658 0.223886 0.706222
    outer loop
      vertex -60.8016 -19.4903 5
      vertex -57.9058 -18.7461 2.01
      vertex -60.8018 -19.4897 5
    endloop
  endfacet
  facet normal 0.433379 0.558949 0.706936
    outer loop
      vertex -58.5213 -22.8456 5
      vertex -56.9123 -20.3115 2.01
      vertex -58.8182 -22.6154 5
    endloop
  endfacet
  facet normal -0.606439 0.363863 0.70699
    outer loop
      vertex -52.467 -19.6075 2.01
      vertex -49.9428 -21.2101 5
      vertex -49.9425 -21.2096 5
    endloop
  endfacet
  facet normal -0.585064 0.397423 0.706933
    outer loop
      vertex -49.9428 -21.2101 5
      vertex -52.467 -19.6075 2.01
      vertex -52.5729 -19.7634 2.01
    endloop
  endfacet
  facet normal -0.558949 0.433379 0.706936
    outer loop
      vertex -50.3846 -21.8182 5
      vertex -50.1544 -21.5213 5
      vertex -52.6885 -19.9123 2.01
    endloop
  endfacet
  facet normal 0.53048 -0.467794 0.706937
    outer loop
      vertex -57.3115 -16.0877 2.01
      vertex -59.3669 -13.9 5
      vertex -59.6154 -14.1818 5
    endloop
  endfacet
  facet normal -0.433746 0.558691 0.706915
    outer loop
      vertex -53.2366 -20.4271 2.01
      vertex -51.4787 -22.8456 5
      vertex -53.0877 -20.3115 2.01
    endloop
  endfacet
  facet normal -0.441971 0.552464 0.706714
    outer loop
      vertex -51.4787 -22.8456 5
      vertex -53.2366 -20.4271 2.01
      vertex -51.4792 -22.846 5
    endloop
  endfacet
  facet normal -0.19734 0.679202 0.706924
    outer loop
      vertex -53.5097 -23.8016 5
      vertex -53.149 -23.6968 5
      vertex -54.0729 -20.8532 2.01
    endloop
  endfacet
  facet normal -0.281015 0.64906 0.706932
    outer loop
      vertex -53.7227 -20.7145 2.01
      vertex -52.7949 -23.5694 5
      vertex -52.4496 -23.4199 5
    endloop
  endfacet
  facet normal -0.280827 0.649131 0.706941
    outer loop
      vertex -52.7949 -23.5694 5
      vertex -53.7227 -20.7145 2.01
      vertex -53.8956 -20.7893 2.01
    endloop
  endfacet
  facet normal -0.116264 0.697585 0.707006
    outer loop
      vertex -54.4379 -20.9469 2.01
      vertex -53.8782 -23.884 5
      vertex -53.8776 -23.8839 5
    endloop
  endfacet
  facet normal -0.110368 0.698625 0.706924
    outer loop
      vertex -53.8782 -23.884 5
      vertex -54.4379 -20.9469 2.01
      vertex -54.624 -20.9763 2.01
    endloop
  endfacet
  facet normal -0.0664607 0.704145 0.706939
    outer loop
      vertex -54.6233 -23.9781 5
      vertex -54.2493 -23.9428 5
      vertex -54.624 -20.9763 2.01
    endloop
  endfacet
  facet normal 0.110368 0.698625 0.706924
    outer loop
      vertex -55.5621 -20.9469 2.01
      vertex -56.1218 -23.884 5
      vertex -55.376 -20.9763 2.01
    endloop
  endfacet
  facet normal 0.116264 0.697585 0.707006
    outer loop
      vertex -56.1218 -23.884 5
      vertex -55.5621 -20.9469 2.01
      vertex -56.1224 -23.8839 5
    endloop
  endfacet
  facet normal 0.360093 0.608752 0.706933
    outer loop
      vertex -57.8857 -23.2491 5
      vertex -56.4453 -20.6289 2.01
      vertex -58.2091 -23.0578 5
    endloop
  endfacet
  facet normal -0.360093 0.608752 0.706933
    outer loop
      vertex -52.1143 -23.2491 5
      vertex -51.7909 -23.0578 5
      vertex -53.5547 -20.6289 2.01
    endloop
  endfacet
  facet normal -0.363863 0.606439 0.70699
    outer loop
      vertex -53.3925 -20.533 2.01
      vertex -51.7909 -23.0578 5
      vertex -51.7904 -23.0575 5
    endloop
  endfacet
  facet normal -0.35997 0.608833 0.706926
    outer loop
      vertex -51.7909 -23.0578 5
      vertex -53.3925 -20.533 2.01
      vertex -53.5547 -20.6289 2.01
    endloop
  endfacet
  facet normal -0.154346 -0.690229 0.706938
    outer loop
      vertex -53.5103 -12.1982 5
      vertex -53.877 -12.1162 5
      vertex -54.2539 -15.0943 2.01
    endloop
  endfacet
  facet normal -0.19734 -0.679202 0.706924
    outer loop
      vertex -53.149 -12.3032 5
      vertex -53.5097 -12.1984 5
      vertex -54.0729 -15.1468 2.01
    endloop
  endfacet
  facet normal -0.697585 -0.116264 0.707006
    outer loop
      vertex -49.1162 -16.877 5
      vertex -52.0531 -17.4379 2.01
      vertex -49.1161 -16.8776 5
    endloop
  endfacet
  facet normal -0.690269 -0.154185 0.706934
    outer loop
      vertex -52.0531 -17.4379 2.01
      vertex -49.1162 -16.877 5
      vertex -52.0942 -17.2539 2.01
    endloop
  endfacet
  facet normal -0.697585 0.116264 0.707006
    outer loop
      vertex -52.0531 -18.5621 2.01
      vertex -49.1162 -19.123 5
      vertex -49.1161 -19.1224 5
    endloop
  endfacet
  facet normal -0.690269 0.154185 0.706934
    outer loop
      vertex -49.1162 -19.123 5
      vertex -52.0531 -18.5621 2.01
      vertex -52.0942 -18.7461 2.01
    endloop
  endfacet
  facet normal -0.671658 0.223886 0.706222
    outer loop
      vertex -52.0942 -18.7461 2.01
      vertex -49.1984 -19.4903 5
      vertex -49.1982 -19.4897 5
    endloop
  endfacet
  facet normal -0.679193 0.197379 0.706922
    outer loop
      vertex -49.1984 -19.4903 5
      vertex -52.0942 -18.7461 2.01
      vertex -52.1468 -18.9271 2.01
    endloop
  endfacet
  facet normal 0.606439 -0.363863 0.70699
    outer loop
      vertex -60.0578 -14.7909 5
      vertex -57.533 -16.3925 2.01
      vertex -60.0575 -14.7904 5
    endloop
  endfacet
  facet normal 0.608833 -0.35997 0.706926
    outer loop
      vertex -57.533 -16.3925 2.01
      vertex -60.0578 -14.7909 5
      vertex -57.6289 -16.5547 2.01
    endloop
  endfacet
  facet normal -0.154349 0.69024 0.706926
    outer loop
      vertex -53.877 -23.8838 5
      vertex -53.5103 -23.8018 5
      vertex -54.2539 -20.9058 2.01
    endloop
  endfacet
  facet normal 0 -0.707805 0.706408
    outer loop
      vertex -54.6245 -12.0218 5
      vertex -54.8116 -15.0059 2.01
      vertex -54.6239 -12.0218 5
    endloop
  endfacet
  facet normal -0.0221387 -0.706938 0.706929
    outer loop
      vertex -54.8116 -15.0059 2.01
      vertex -54.6245 -12.0218 5
      vertex -55 -15 2.01
    endloop
  endfacet
  facet normal -0.699313 -0.116552 0.70525
    outer loop
      vertex -49.0219 -17.6233 5
      vertex -52.0059 -17.8116 2.01
      vertex -49.0218 -17.6239 5
    endloop
  endfacet
  facet normal -0.704128 -0.0668096 0.706923
    outer loop
      vertex -52.0059 -17.8116 2.01
      vertex -49.0219 -17.6233 5
      vertex -52.0237 -17.624 2.01
    endloop
  endfacet
  facet normal -0.500124 -0.500124 0.706931
    outer loop
      vertex -52.8131 -15.9464 2.01
      vertex -50.6331 -13.9 5
      vertex -50.6335 -13.8996 5
    endloop
  endfacet
  facet normal -0.530485 -0.467788 0.706937
    outer loop
      vertex -50.6331 -13.9 5
      vertex -52.8131 -15.9464 2.01
      vertex -52.6885 -16.0877 2.01
    endloop
  endfacet
  facet normal -0.53048 -0.467794 0.706937
    outer loop
      vertex -50.3846 -14.1818 5
      vertex -50.6331 -13.9 5
      vertex -52.6885 -16.0877 2.01
    endloop
  endfacet
  facet normal -0.665515 0.239472 0.706925
    outer loop
      vertex -49.4304 -20.2045 5
      vertex -49.3032 -19.851 5
      vertex -52.1468 -18.9271 2.01
    endloop
  endfacet
  facet normal 0.239472 -0.665515 0.706925
    outer loop
      vertex -55.9271 -15.1468 2.01
      vertex -56.851 -12.3032 5
      vertex -57.2045 -12.4304 5
    endloop
  endfacet
  facet normal -0.679202 -0.19734 0.706924
    outer loop
      vertex -49.1984 -16.5097 5
      vertex -49.3032 -16.149 5
      vertex -52.1468 -17.0729 2.01
    endloop
  endfacet
  facet normal 0.63022 -0.321041 0.706933
    outer loop
      vertex -57.6289 -16.5547 2.01
      vertex -60.2491 -15.1143 5
      vertex -60.4196 -15.449 5
    endloop
  endfacet
  facet normal 0.110368 -0.698625 0.706924
    outer loop
      vertex -56.1218 -12.116 5
      vertex -55.5621 -15.0531 2.01
      vertex -55.376 -15.0237 2.01
    endloop
  endfacet
  facet normal 0.116264 -0.697585 0.707006
    outer loop
      vertex -55.5621 -15.0531 2.01
      vertex -56.1218 -12.116 5
      vertex -56.1224 -12.1161 5
    endloop
  endfacet
  facet normal 0.280827 -0.649131 0.706941
    outer loop
      vertex -57.2051 -12.4306 5
      vertex -56.2773 -15.2855 2.01
      vertex -56.1044 -15.2107 2.01
    endloop
  endfacet
  facet normal 0.281015 -0.64906 0.706932
    outer loop
      vertex -56.2773 -15.2855 2.01
      vertex -57.2051 -12.4306 5
      vertex -57.5504 -12.5801 5
    endloop
  endfacet
  facet normal -0.69024 -0.154349 0.706926
    outer loop
      vertex -49.1162 -16.877 5
      vertex -49.1982 -16.5103 5
      vertex -52.0942 -17.2539 2.01
    endloop
  endfacet
  facet normal 0.698559 0.110685 0.70694
    outer loop
      vertex -60.884 -19.1218 5
      vertex -57.9763 -18.376 2.01
      vertex -60.9428 -18.7507 5
    endloop
  endfacet
  facet normal 0.110685 -0.698559 0.70694
    outer loop
      vertex -55.376 -15.0237 2.01
      vertex -55.7507 -12.0572 5
      vertex -56.1218 -12.116 5
    endloop
  endfacet
  facet normal 0.630194 -0.321099 0.70693
    outer loop
      vertex -60.4196 -15.449 5
      vertex -57.7145 -16.7227 2.01
      vertex -57.6289 -16.5547 2.01
    endloop
  endfacet
  facet normal 0.632547 -0.316274 0.707004
    outer loop
      vertex -57.7145 -16.7227 2.01
      vertex -60.4196 -15.449 5
      vertex -60.4199 -15.4496 5
    endloop
  endfacet
  facet normal -0.698559 -0.110685 0.70694
    outer loop
      vertex -49.0572 -17.2493 5
      vertex -49.116 -16.8782 5
      vertex -52.0237 -17.624 2.01
    endloop
  endfacet
  facet normal -0.698625 0.110368 0.706924
    outer loop
      vertex -52.0531 -18.5621 2.01
      vertex -49.116 -19.1218 5
      vertex -52.0237 -18.376 2.01
    endloop
  endfacet
  facet normal -0.697585 0.116264 0.707006
    outer loop
      vertex -49.116 -19.1218 5
      vertex -52.0531 -18.5621 2.01
      vertex -49.1161 -19.1224 5
    endloop
  endfacet
  facet normal 0.321099 0.630194 0.70693
    outer loop
      vertex -57.551 -23.4196 5
      vertex -56.2773 -20.7145 2.01
      vertex -56.4453 -20.6289 2.01
    endloop
  endfacet
  facet normal 0.316274 0.632547 0.707004
    outer loop
      vertex -56.2773 -20.7145 2.01
      vertex -57.551 -23.4196 5
      vertex -57.5504 -23.4199 5
    endloop
  endfacet
  facet normal -0.116264 -0.697585 0.707006
    outer loop
      vertex -53.8782 -12.116 5
      vertex -54.4379 -15.0531 2.01
      vertex -53.8776 -12.1161 5
    endloop
  endfacet
  facet normal -0.110368 -0.698625 0.706924
    outer loop
      vertex -54.4379 -15.0531 2.01
      vertex -53.8782 -12.116 5
      vertex -54.624 -15.0237 2.01
    endloop
  endfacet
  facet normal -0.110685 -0.698559 0.70694
    outer loop
      vertex -53.8782 -12.116 5
      vertex -54.2493 -12.0572 5
      vertex -54.624 -15.0237 2.01
    endloop
  endfacet
  facet normal -0.649054 0.281012 0.706938
    outer loop
      vertex -52.2107 -19.1044 2.01
      vertex -49.5801 -20.5504 5
      vertex -49.4306 -20.2051 5
    endloop
  endfacet
  facet normal -0.649142 0.280832 0.706929
    outer loop
      vertex -49.5801 -20.5504 5
      vertex -52.2107 -19.1044 2.01
      vertex -52.2855 -19.2773 2.01
    endloop
  endfacet
  facet normal -0.116264 -0.697585 0.707006
    outer loop
      vertex -54.4379 -15.0531 2.01
      vertex -53.877 -12.1162 5
      vertex -53.8776 -12.1161 5
    endloop
  endfacet
  facet normal -0.154544 -0.690195 0.706928
    outer loop
      vertex -53.877 -12.1162 5
      vertex -54.4379 -15.0531 2.01
      vertex -54.2539 -15.0943 2.01
    endloop
  endfacet
  facet normal -0.697585 -0.116264 0.707006
    outer loop
      vertex -52.0531 -17.4379 2.01
      vertex -49.116 -16.8782 5
      vertex -49.1161 -16.8776 5
    endloop
  endfacet
  facet normal -0.698625 -0.110368 0.706924
    outer loop
      vertex -49.116 -16.8782 5
      vertex -52.0531 -17.4379 2.01
      vertex -52.0237 -17.624 2.01
    endloop
  endfacet
  facet normal 0.649142 0.280832 0.706929
    outer loop
      vertex -57.7893 -19.1044 2.01
      vertex -60.4199 -20.5504 5
      vertex -57.7145 -19.2773 2.01
    endloop
  endfacet
  facet normal 0.649054 0.281012 0.706938
    outer loop
      vertex -60.4199 -20.5504 5
      vertex -57.7893 -19.1044 2.01
      vertex -60.5694 -20.2051 5
    endloop
  endfacet
  facet normal 0.0664607 -0.704145 0.706939
    outer loop
      vertex -55.376 -15.0237 2.01
      vertex -55.3767 -12.0219 5
      vertex -55.7507 -12.0572 5
    endloop
  endfacet
  facet normal 0.441971 -0.552464 0.706714
    outer loop
      vertex -58.5213 -13.1544 5
      vertex -56.7634 -15.5729 2.01
      vertex -58.5208 -13.154 5
    endloop
  endfacet
  facet normal 0.433746 -0.558691 0.706915
    outer loop
      vertex -56.7634 -15.5729 2.01
      vertex -58.5213 -13.1544 5
      vertex -56.9123 -15.6885 2.01
    endloop
  endfacet
  facet normal -0.321041 -0.63022 0.706933
    outer loop
      vertex -52.1143 -12.7509 5
      vertex -52.449 -12.5804 5
      vertex -53.5547 -15.3711 2.01
    endloop
  endfacet
  facet normal -0.608752 -0.360093 0.706933
    outer loop
      vertex -49.7509 -15.1143 5
      vertex -49.9422 -14.7909 5
      vertex -52.3711 -16.5547 2.01
    endloop
  endfacet
  facet normal 0.679202 -0.19734 0.706924
    outer loop
      vertex -57.8532 -17.0729 2.01
      vertex -60.6968 -16.149 5
      vertex -60.8016 -16.5097 5
    endloop
  endfacet
  facet normal -0.500124 -0.500124 0.706931
    outer loop
      vertex -50.8996 -13.6335 5
      vertex -52.8131 -15.9464 2.01
      vertex -50.6335 -13.8996 5
    endloop
  endfacet
  facet normal -0.500124 -0.500124 0.706931
    outer loop
      vertex -52.8131 -15.9464 2.01
      vertex -50.8996 -13.6335 5
      vertex -52.9464 -15.8131 2.01
    endloop
  endfacet
  facet normal 0.360093 -0.608752 0.706933
    outer loop
      vertex -56.4453 -15.3711 2.01
      vertex -57.8857 -12.7509 5
      vertex -58.2091 -12.9422 5
    endloop
  endfacet
  facet normal 0.154349 0.69024 0.706926
    outer loop
      vertex -56.123 -23.8838 5
      vertex -55.7461 -20.9058 2.01
      vertex -56.4897 -23.8018 5
    endloop
  endfacet
  facet normal 0.154185 0.690269 0.706934
    outer loop
      vertex -56.123 -23.8838 5
      vertex -55.5621 -20.9469 2.01
      vertex -55.7461 -20.9058 2.01
    endloop
  endfacet
  facet normal 0.116264 0.697585 0.707006
    outer loop
      vertex -55.5621 -20.9469 2.01
      vertex -56.123 -23.8838 5
      vertex -56.1224 -23.8839 5
    endloop
  endfacet
  facet normal -0.584944 -0.397619 0.706922
    outer loop
      vertex -49.9428 -14.7899 5
      vertex -50.154 -14.4792 5
      vertex -52.5729 -16.2366 2.01
    endloop
  endfacet
  facet normal -0.704145 -0.0664607 0.706939
    outer loop
      vertex -49.0219 -17.6233 5
      vertex -49.0572 -17.2493 5
      vertex -52.0237 -17.624 2.01
    endloop
  endfacet
  facet normal -0.649054 -0.281012 0.706938
    outer loop
      vertex -49.5801 -15.4496 5
      vertex -52.2107 -16.8956 2.01
      vertex -49.4306 -15.7949 5
    endloop
  endfacet
  facet normal -0.649142 -0.280832 0.706929
    outer loop
      vertex -52.2107 -16.8956 2.01
      vertex -49.5801 -15.4496 5
      vertex -52.2855 -16.7227 2.01
    endloop
  endfacet
  facet normal -0.397619 -0.584944 0.706922
    outer loop
      vertex -51.4792 -13.154 5
      vertex -51.7899 -12.9428 5
      vertex -53.2366 -15.5729 2.01
    endloop
  endfacet
  facet normal -0.441971 -0.552464 0.706714
    outer loop
      vertex -53.2366 -15.5729 2.01
      vertex -51.4787 -13.1544 5
      vertex -51.4792 -13.154 5
    endloop
  endfacet
  facet normal -0.433746 -0.558691 0.706915
    outer loop
      vertex -51.4787 -13.1544 5
      vertex -53.2366 -15.5729 2.01
      vertex -53.0877 -15.6885 2.01
    endloop
  endfacet
  facet normal 0.704128 -0.0668096 0.706923
    outer loop
      vertex -60.9781 -17.6233 5
      vertex -57.9941 -17.8116 2.01
      vertex -57.9763 -17.624 2.01
    endloop
  endfacet
  facet normal 0.699313 -0.116552 0.70525
    outer loop
      vertex -57.9941 -17.8116 2.01
      vertex -60.9781 -17.6233 5
      vertex -60.9782 -17.6239 5
    endloop
  endfacet
  facet normal 0.698625 0.110368 0.706924
    outer loop
      vertex -60.884 -19.1218 5
      vertex -57.9469 -18.5621 2.01
      vertex -57.9763 -18.376 2.01
    endloop
  endfacet
  facet normal 0.697585 0.116264 0.707006
    outer loop
      vertex -57.9469 -18.5621 2.01
      vertex -60.884 -19.1218 5
      vertex -60.8839 -19.1224 5
    endloop
  endfacet
  facet normal 0.500124 -0.500124 0.706931
    outer loop
      vertex -59.3669 -13.9 5
      vertex -57.1869 -15.9464 2.01
      vertex -59.3665 -13.8996 5
    endloop
  endfacet
  facet normal 0.530485 -0.467788 0.706937
    outer loop
      vertex -57.1869 -15.9464 2.01
      vertex -59.3669 -13.9 5
      vertex -57.3115 -16.0877 2.01
    endloop
  endfacet
  facet normal 0.671325 -0.223775 0.706575
    outer loop
      vertex -60.5696 -15.7955 5
      vertex -57.7893 -16.8956 2.01
      vertex -60.5694 -15.7949 5
    endloop
  endfacet
  facet normal 0.665377 -0.239806 0.706942
    outer loop
      vertex -57.7893 -16.8956 2.01
      vertex -60.5696 -15.7955 5
      vertex -57.8532 -17.0729 2.01
    endloop
  endfacet
  facet normal 0.649142 -0.280832 0.706929
    outer loop
      vertex -60.4199 -15.4496 5
      vertex -57.7893 -16.8956 2.01
      vertex -57.7145 -16.7227 2.01
    endloop
  endfacet
  facet normal 0.649054 -0.281012 0.706938
    outer loop
      vertex -57.7893 -16.8956 2.01
      vertex -60.4199 -15.4496 5
      vertex -60.5694 -15.7949 5
    endloop
  endfacet
  facet normal 0.63022 0.321041 0.706933
    outer loop
      vertex -60.2491 -20.8857 5
      vertex -57.6289 -19.4453 2.01
      vertex -60.4196 -20.551 5
    endloop
  endfacet
  facet normal 0.697585 -0.116264 0.707006
    outer loop
      vertex -60.884 -16.8782 5
      vertex -57.9469 -17.4379 2.01
      vertex -60.8839 -16.8776 5
    endloop
  endfacet
  facet normal 0.698625 -0.110368 0.706924
    outer loop
      vertex -57.9469 -17.4379 2.01
      vertex -60.884 -16.8782 5
      vertex -57.9763 -17.624 2.01
    endloop
  endfacet
  facet normal 0.467788 0.530485 0.706937
    outer loop
      vertex -57.0536 -20.1869 2.01
      vertex -59.1 -22.3669 5
      vertex -56.9123 -20.3115 2.01
    endloop
  endfacet
  facet normal 0.500124 0.500124 0.706931
    outer loop
      vertex -59.1 -22.3669 5
      vertex -57.0536 -20.1869 2.01
      vertex -59.1004 -22.3665 5
    endloop
  endfacet
  facet normal -0.467794 -0.53048 0.706937
    outer loop
      vertex -50.9 -13.6331 5
      vertex -51.1818 -13.3846 5
      vertex -53.0877 -15.6885 2.01
    endloop
  endfacet
  facet normal 0.690269 0.154185 0.706934
    outer loop
      vertex -57.9469 -18.5621 2.01
      vertex -60.8838 -19.123 5
      vertex -57.9058 -18.7461 2.01
    endloop
  endfacet
  facet normal 0.697585 0.116264 0.707006
    outer loop
      vertex -60.8838 -19.123 5
      vertex -57.9469 -18.5621 2.01
      vertex -60.8839 -19.1224 5
    endloop
  endfacet
  facet normal -0.433379 -0.558949 0.706936
    outer loop
      vertex -51.1818 -13.3846 5
      vertex -51.4787 -13.1544 5
      vertex -53.0877 -15.6885 2.01
    endloop
  endfacet
  facet normal -0.63022 -0.321041 0.706933
    outer loop
      vertex -49.5804 -15.449 5
      vertex -49.7509 -15.1143 5
      vertex -52.3711 -16.5547 2.01
    endloop
  endfacet
  facet normal 0.0668096 0.704128 0.706923
    outer loop
      vertex -55.3767 -23.9781 5
      vertex -55.1884 -20.9941 2.01
      vertex -55.376 -20.9763 2.01
    endloop
  endfacet
  facet normal 0.116552 0.699313 0.70525
    outer loop
      vertex -55.1884 -20.9941 2.01
      vertex -55.3767 -23.9781 5
      vertex -55.3761 -23.9782 5
    endloop
  endfacet
  facet normal 0.707805 -0 0.706408
    outer loop
      vertex -60.9782 -17.6245 5
      vertex -57.9941 -17.8116 2.01
      vertex -60.9782 -17.6239 5
    endloop
  endfacet
  facet normal 0.706938 -0.0221387 0.706929
    outer loop
      vertex -57.9941 -17.8116 2.01
      vertex -60.9782 -17.6245 5
      vertex -58 -18 2.01
    endloop
  endfacet
  facet normal -0.665515 -0.239472 0.706925
    outer loop
      vertex -49.3032 -16.149 5
      vertex -49.4304 -15.7955 5
      vertex -52.1468 -17.0729 2.01
    endloop
  endfacet
  facet normal 0.0221387 0.706938 0.706929
    outer loop
      vertex -55.1884 -20.9941 2.01
      vertex -55.3755 -23.9782 5
      vertex -55 -21 2.01
    endloop
  endfacet
  facet normal 0 0.707805 0.706408
    outer loop
      vertex -55.3755 -23.9782 5
      vertex -55.1884 -20.9941 2.01
      vertex -55.3761 -23.9782 5
    endloop
  endfacet
  facet normal -0.363863 -0.606439 0.70699
    outer loop
      vertex -51.7909 -12.9422 5
      vertex -53.3925 -15.467 2.01
      vertex -51.7904 -12.9425 5
    endloop
  endfacet
  facet normal -0.35997 -0.608833 0.706926
    outer loop
      vertex -53.3925 -15.467 2.01
      vertex -51.7909 -12.9422 5
      vertex -53.5547 -15.3711 2.01
    endloop
  endfacet
  facet normal 0.585064 -0.397423 0.706933
    outer loop
      vertex -60.0572 -14.7899 5
      vertex -57.533 -16.3925 2.01
      vertex -57.4271 -16.2366 2.01
    endloop
  endfacet
  facet normal 0.606439 -0.363863 0.70699
    outer loop
      vertex -57.533 -16.3925 2.01
      vertex -60.0572 -14.7899 5
      vertex -60.0575 -14.7904 5
    endloop
  endfacet
  facet normal 0.197379 0.679193 0.706922
    outer loop
      vertex -56.4903 -23.8016 5
      vertex -55.7461 -20.9058 2.01
      vertex -55.9271 -20.8532 2.01
    endloop
  endfacet
  facet normal 0.223886 0.671658 0.706222
    outer loop
      vertex -55.7461 -20.9058 2.01
      vertex -56.4903 -23.8016 5
      vertex -56.4897 -23.8018 5
    endloop
  endfacet
  facet normal 0.116264 -0.697585 0.707006
    outer loop
      vertex -56.123 -12.1162 5
      vertex -55.5621 -15.0531 2.01
      vertex -56.1224 -12.1161 5
    endloop
  endfacet
  facet normal 0.154544 -0.690195 0.706928
    outer loop
      vertex -55.5621 -15.0531 2.01
      vertex -56.123 -12.1162 5
      vertex -55.7461 -15.0943 2.01
    endloop
  endfacet
  facet normal -0.500124 -0.500124 0.706931
    outer loop
      vertex -50.9 -13.6331 5
      vertex -52.9464 -15.8131 2.01
      vertex -50.8996 -13.6335 5
    endloop
  endfacet
  facet normal -0.467788 -0.530485 0.706937
    outer loop
      vertex -52.9464 -15.8131 2.01
      vertex -50.9 -13.6331 5
      vertex -53.0877 -15.6885 2.01
    endloop
  endfacet
  facet normal 0.467794 -0.53048 0.706937
    outer loop
      vertex -56.9123 -15.6885 2.01
      vertex -58.8182 -13.3846 5
      vertex -59.1 -13.6331 5
    endloop
  endfacet
  facet normal 0.585064 0.397423 0.706933
    outer loop
      vertex -57.533 -19.6075 2.01
      vertex -60.0572 -21.2101 5
      vertex -57.4271 -19.7634 2.01
    endloop
  endfacet
  facet normal 0.606439 0.363863 0.70699
    outer loop
      vertex -60.0572 -21.2101 5
      vertex -57.533 -19.6075 2.01
      vertex -60.0575 -21.2096 5
    endloop
  endfacet
  facet normal 0.35997 0.608833 0.706926
    outer loop
      vertex -56.6075 -20.533 2.01
      vertex -58.2091 -23.0578 5
      vertex -56.4453 -20.6289 2.01
    endloop
  endfacet
  facet normal 0.363863 0.606439 0.70699
    outer loop
      vertex -58.2091 -23.0578 5
      vertex -56.6075 -20.533 2.01
      vertex -58.2096 -23.0575 5
    endloop
  endfacet
  facet normal 0.397423 0.585064 0.706933
    outer loop
      vertex -58.2101 -23.0572 5
      vertex -56.6075 -20.533 2.01
      vertex -56.7634 -20.4271 2.01
    endloop
  endfacet
  facet normal 0.363863 0.606439 0.70699
    outer loop
      vertex -56.6075 -20.533 2.01
      vertex -58.2101 -23.0572 5
      vertex -58.2096 -23.0575 5
    endloop
  endfacet
  facet normal 0.397619 -0.584944 0.706922
    outer loop
      vertex -56.7634 -15.5729 2.01
      vertex -58.2101 -12.9428 5
      vertex -58.5208 -13.154 5
    endloop
  endfacet
  facet normal 0.584944 0.397619 0.706922
    outer loop
      vertex -59.846 -21.5208 5
      vertex -57.4271 -19.7634 2.01
      vertex -60.0572 -21.2101 5
    endloop
  endfacet
  facet normal 0.706932 0.0222152 0.706932
    outer loop
      vertex -60.9782 -18.3755 5
      vertex -58 -18 2.01
      vertex -60.99 -18 5
    endloop
  endfacet
  facet normal 0.608752 0.360093 0.706933
    outer loop
      vertex -60.0578 -21.2091 5
      vertex -57.6289 -19.4453 2.01
      vertex -60.2491 -20.8857 5
    endloop
  endfacet
  facet normal 0.433379 -0.558949 0.706936
    outer loop
      vertex -56.9123 -15.6885 2.01
      vertex -58.5213 -13.1544 5
      vertex -58.8182 -13.3846 5
    endloop
  endfacet
  facet normal -0.606439 -0.363863 0.70699
    outer loop
      vertex -49.9428 -14.7899 5
      vertex -52.467 -16.3925 2.01
      vertex -49.9425 -14.7904 5
    endloop
  endfacet
  facet normal -0.585064 -0.397423 0.706933
    outer loop
      vertex -52.467 -16.3925 2.01
      vertex -49.9428 -14.7899 5
      vertex -52.5729 -16.2366 2.01
    endloop
  endfacet
  facet normal 0.558949 0.433379 0.706936
    outer loop
      vertex -59.6154 -21.8182 5
      vertex -57.3115 -19.9123 2.01
      vertex -59.8456 -21.5213 5
    endloop
  endfacet
  facet normal 0.558691 0.433746 0.706915
    outer loop
      vertex -57.4271 -19.7634 2.01
      vertex -59.8456 -21.5213 5
      vertex -57.3115 -19.9123 2.01
    endloop
  endfacet
  facet normal 0.552464 0.441971 0.706714
    outer loop
      vertex -59.8456 -21.5213 5
      vertex -57.4271 -19.7634 2.01
      vertex -59.846 -21.5208 5
    endloop
  endfacet
  facet normal 0.467788 -0.530485 0.706937
    outer loop
      vertex -59.1 -13.6331 5
      vertex -57.0536 -15.8131 2.01
      vertex -56.9123 -15.6885 2.01
    endloop
  endfacet
  facet normal 0.500124 -0.500124 0.706931
    outer loop
      vertex -57.0536 -15.8131 2.01
      vertex -59.1 -13.6331 5
      vertex -59.1004 -13.6335 5
    endloop
  endfacet
  facet normal -0.223883 -0.671648 0.706234
    outer loop
      vertex -54.2539 -15.0943 2.01
      vertex -53.5097 -12.1984 5
      vertex -53.5103 -12.1982 5
    endloop
  endfacet
  facet normal -0.197028 -0.679277 0.706939
    outer loop
      vertex -53.5097 -12.1984 5
      vertex -54.2539 -15.0943 2.01
      vertex -54.0729 -15.1468 2.01
    endloop
  endfacet
  facet normal 0.53048 0.467794 0.706937
    outer loop
      vertex -59.3669 -22.1 5
      vertex -57.3115 -19.9123 2.01
      vertex -59.6154 -21.8182 5
    endloop
  endfacet
  facet normal 0.530485 0.467788 0.706937
    outer loop
      vertex -59.3669 -22.1 5
      vertex -57.1869 -20.0536 2.01
      vertex -57.3115 -19.9123 2.01
    endloop
  endfacet
  facet normal 0.500124 0.500124 0.706931
    outer loop
      vertex -57.1869 -20.0536 2.01
      vertex -59.3669 -22.1 5
      vertex -59.3665 -22.1004 5
    endloop
  endfacet
  facet normal 0.0664607 0.704145 0.706939
    outer loop
      vertex -55.3767 -23.9781 5
      vertex -55.376 -20.9763 2.01
      vertex -55.7507 -23.9428 5
    endloop
  endfacet
  facet normal 0.110685 0.698559 0.70694
    outer loop
      vertex -55.7507 -23.9428 5
      vertex -55.376 -20.9763 2.01
      vertex -56.1218 -23.884 5
    endloop
  endfacet
  facet normal -0.671325 -0.223775 0.706575
    outer loop
      vertex -52.2107 -16.8956 2.01
      vertex -49.4304 -15.7955 5
      vertex -49.4306 -15.7949 5
    endloop
  endfacet
  facet normal -0.665377 -0.239806 0.706942
    outer loop
      vertex -49.4304 -15.7955 5
      vertex -52.2107 -16.8956 2.01
      vertex -52.1468 -17.0729 2.01
    endloop
  endfacet
  facet normal 0.706932 -0.0222152 0.706932
    outer loop
      vertex -58 -18 2.01
      vertex -60.9782 -17.6245 5
      vertex -60.99 -18 5
    endloop
  endfacet
  facet normal -0.363863 -0.606439 0.70699
    outer loop
      vertex -53.3925 -15.467 2.01
      vertex -51.7899 -12.9428 5
      vertex -51.7904 -12.9425 5
    endloop
  endfacet
  facet normal -0.397423 -0.585064 0.706933
    outer loop
      vertex -51.7899 -12.9428 5
      vertex -53.3925 -15.467 2.01
      vertex -53.2366 -15.5729 2.01
    endloop
  endfacet
  facet normal -0.0664607 -0.704145 0.706939
    outer loop
      vertex -54.2493 -12.0572 5
      vertex -54.6233 -12.0219 5
      vertex -54.624 -15.0237 2.01
    endloop
  endfacet
  facet normal -0.0222152 -0.706932 0.706932
    outer loop
      vertex -54.6245 -12.0218 5
      vertex -55 -12.01 5
      vertex -55 -15 2.01
    endloop
  endfacet
  facet normal -0.223775 -0.671325 0.706575
    outer loop
      vertex -52.7955 -12.4304 5
      vertex -53.8956 -15.2107 2.01
      vertex -52.7949 -12.4306 5
    endloop
  endfacet
  facet normal -0.239806 -0.665377 0.706942
    outer loop
      vertex -53.8956 -15.2107 2.01
      vertex -52.7955 -12.4304 5
      vertex -54.0729 -15.1468 2.01
    endloop
  endfacet
  facet normal 0.679193 -0.197379 0.706922
    outer loop
      vertex -60.8016 -16.5097 5
      vertex -57.9058 -17.2539 2.01
      vertex -57.8532 -17.0729 2.01
    endloop
  endfacet
  facet normal 0.671658 -0.223886 0.706222
    outer loop
      vertex -57.9058 -17.2539 2.01
      vertex -60.8016 -16.5097 5
      vertex -60.8018 -16.5103 5
    endloop
  endfacet
  facet normal 0.69024 -0.154349 0.706926
    outer loop
      vertex -57.9058 -17.2539 2.01
      vertex -60.8018 -16.5103 5
      vertex -60.8838 -16.877 5
    endloop
  endfacet
  facet normal 0.363863 -0.606439 0.70699
    outer loop
      vertex -58.2101 -12.9428 5
      vertex -56.6075 -15.467 2.01
      vertex -58.2096 -12.9425 5
    endloop
  endfacet
  facet normal 0.397423 -0.585064 0.706933
    outer loop
      vertex -56.6075 -15.467 2.01
      vertex -58.2101 -12.9428 5
      vertex -56.7634 -15.5729 2.01
    endloop
  endfacet
  facet normal 0.0221387 -0.706938 0.706929
    outer loop
      vertex -55.3755 -12.0218 5
      vertex -55.1884 -15.0059 2.01
      vertex -55 -15 2.01
    endloop
  endfacet
  facet normal 0 -0.707805 0.706408
    outer loop
      vertex -55.1884 -15.0059 2.01
      vertex -55.3755 -12.0218 5
      vertex -55.3761 -12.0218 5
    endloop
  endfacet
  facet normal 0.0222152 -0.706932 0.706932
    outer loop
      vertex -55 -15 2.01
      vertex -55 -12.01 5
      vertex -55.3755 -12.0218 5
    endloop
  endfacet
  facet normal -0.98775 -0.156044 0
    outer loop
      vertex -52.0237 18.376 0
      vertex -52.0531 18.5621 2.01
      vertex -52.0531 18.5621 0
    endloop
  endfacet
  facet normal -0.98775 -0.156044 0
    outer loop
      vertex -52.0531 18.5621 2.01
      vertex -52.0237 18.376 0
      vertex -52.0237 18.376 2.01
    endloop
  endfacet
  facet normal -0.940766 -0.339058 0
    outer loop
      vertex -52.1468 18.9271 0
      vertex -52.2107 19.1044 2.01
      vertex -52.2107 19.1044 0
    endloop
  endfacet
  facet normal -0.940766 -0.339058 0
    outer loop
      vertex -52.2107 19.1044 2.01
      vertex -52.1468 18.9271 0
      vertex -52.1468 18.9271 2.01
    endloop
  endfacet
  facet normal 0.98775 -0.156044 0
    outer loop
      vertex -57.9763 18.376 2.01
      vertex -57.9469 18.5621 0
      vertex -57.9469 18.5621 2.01
    endloop
  endfacet
  facet normal 0.98775 -0.156044 0
    outer loop
      vertex -57.9469 18.5621 0
      vertex -57.9763 18.376 2.01
      vertex -57.9763 18.376 0
    endloop
  endfacet
  facet normal 0.940766 0.339058 0
    outer loop
      vertex -57.7893 16.8956 2.01
      vertex -57.8532 17.0729 0
      vertex -57.8532 17.0729 2.01
    endloop
  endfacet
  facet normal 0.940766 0.339058 0
    outer loop
      vertex -57.8532 17.0729 0
      vertex -57.7893 16.8956 2.01
      vertex -57.7893 16.8956 0
    endloop
  endfacet
  facet normal -0.661393 -0.750039 0
    outer loop
      vertex -53.0877 20.3115 0
      vertex -52.9464 20.1869 2.01
      vertex -53.0877 20.3115 2.01
    endloop
  endfacet
  facet normal -0.661393 -0.750039 -0
    outer loop
      vertex -52.9464 20.1869 2.01
      vertex -53.0877 20.3115 0
      vertex -52.9464 20.1869 0
    endloop
  endfacet
  facet normal 0.917794 -0.397056 0
    outer loop
      vertex -57.7893 19.1044 2.01
      vertex -57.7145 19.2773 0
      vertex -57.7145 19.2773 2.01
    endloop
  endfacet
  facet normal 0.917794 -0.397056 0
    outer loop
      vertex -57.7145 19.2773 0
      vertex -57.7893 19.1044 2.01
      vertex -57.7893 19.1044 0
    endloop
  endfacet
  facet normal 0.0944585 0.995529 -0
    outer loop
      vertex -55.1884 15.0059 0
      vertex -55.376 15.0237 2.01
      vertex -55.1884 15.0059 2.01
    endloop
  endfacet
  facet normal 0.0944585 0.995529 0
    outer loop
      vertex -55.376 15.0237 2.01
      vertex -55.1884 15.0059 0
      vertex -55.376 15.0237 0
    endloop
  endfacet
  facet normal 0.995529 0.0944585 0
    outer loop
      vertex -57.9763 17.624 2.01
      vertex -57.9941 17.8116 0
      vertex -57.9941 17.8116 2.01
    endloop
  endfacet
  facet normal 0.995529 0.0944585 0
    outer loop
      vertex -57.9941 17.8116 0
      vertex -57.9763 17.624 2.01
      vertex -57.9763 17.624 0
    endloop
  endfacet
  facet normal -0.397056 0.917794 0
    outer loop
      vertex -53.7227 15.2855 0
      vertex -53.8956 15.2107 2.01
      vertex -53.7227 15.2855 2.01
    endloop
  endfacet
  facet normal -0.397056 0.917794 0
    outer loop
      vertex -53.8956 15.2107 2.01
      vertex -53.7227 15.2855 0
      vertex -53.8956 15.2107 0
    endloop
  endfacet
  facet normal 0.613243 0.789895 -0
    outer loop
      vertex -56.7634 15.5729 0
      vertex -56.9123 15.6885 2.01
      vertex -56.7634 15.5729 2.01
    endloop
  endfacet
  facet normal 0.613243 0.789895 0
    outer loop
      vertex -56.9123 15.6885 2.01
      vertex -56.7634 15.5729 0
      vertex -56.9123 15.6885 0
    endloop
  endfacet
  facet normal -0.453989 -0.891007 0
    outer loop
      vertex -53.7227 20.7145 0
      vertex -53.5547 20.6289 2.01
      vertex -53.7227 20.7145 2.01
    endloop
  endfacet
  facet normal -0.453989 -0.891007 -0
    outer loop
      vertex -53.5547 20.6289 2.01
      vertex -53.7227 20.7145 0
      vertex -53.5547 20.6289 0
    endloop
  endfacet
  facet normal 0.707107 -0.707107 0
    outer loop
      vertex -57.1869 20.0536 2.01
      vertex -57.0536 20.1869 0
      vertex -57.0536 20.1869 2.01
    endloop
  endfacet
  facet normal 0.707107 -0.707107 0
    outer loop
      vertex -57.0536 20.1869 0
      vertex -57.1869 20.0536 2.01
      vertex -57.1869 20.0536 0
    endloop
  endfacet
  facet normal -0.8608 -0.508944 0
    outer loop
      vertex -52.3711 19.4453 0
      vertex -52.467 19.6075 2.01
      vertex -52.467 19.6075 0
    endloop
  endfacet
  facet normal -0.8608 -0.508944 0
    outer loop
      vertex -52.467 19.6075 2.01
      vertex -52.3711 19.4453 0
      vertex -52.3711 19.4453 2.01
    endloop
  endfacet
  facet normal -0.827203 0.561904 0
    outer loop
      vertex -52.5729 16.2366 0
      vertex -52.467 16.3925 2.01
      vertex -52.467 16.3925 0
    endloop
  endfacet
  facet normal -0.827203 0.561904 0
    outer loop
      vertex -52.467 16.3925 2.01
      vertex -52.5729 16.2366 0
      vertex -52.5729 16.2366 2.01
    endloop
  endfacet
  facet normal 0.0944585 -0.995529 0
    outer loop
      vertex -55.376 20.9763 0
      vertex -55.1884 20.9941 2.01
      vertex -55.376 20.9763 2.01
    endloop
  endfacet
  facet normal 0.0944585 -0.995529 0
    outer loop
      vertex -55.1884 20.9941 2.01
      vertex -55.376 20.9763 0
      vertex -55.1884 20.9941 0
    endloop
  endfacet
  facet normal -0.995529 0.0944585 0
    outer loop
      vertex -52.0237 17.624 0
      vertex -52.0059 17.8116 2.01
      vertex -52.0059 17.8116 0
    endloop
  endfacet
  facet normal -0.995529 0.0944585 0
    outer loop
      vertex -52.0059 17.8116 2.01
      vertex -52.0237 17.624 0
      vertex -52.0237 17.624 2.01
    endloop
  endfacet
  facet normal -0.940766 0.339058 0
    outer loop
      vertex -52.2107 16.8956 0
      vertex -52.1468 17.0729 2.01
      vertex -52.1468 17.0729 0
    endloop
  endfacet
  facet normal -0.940766 0.339058 0
    outer loop
      vertex -52.1468 17.0729 2.01
      vertex -52.2107 16.8956 0
      vertex -52.2107 16.8956 2.01
    endloop
  endfacet
  facet normal -0.99951 -0.031301 0
    outer loop
      vertex -52 18 0
      vertex -52.0059 18.1884 2.01
      vertex -52.0059 18.1884 0
    endloop
  endfacet
  facet normal -0.99951 -0.031301 0
    outer loop
      vertex -52.0059 18.1884 2.01
      vertex -52 18 0
      vertex -52 18 2.01
    endloop
  endfacet
  facet normal 0.99951 0.031301 0
    outer loop
      vertex -57.9941 17.8116 2.01
      vertex -58 18 0
      vertex -58 18 2.01
    endloop
  endfacet
  facet normal 0.99951 0.031301 0
    outer loop
      vertex -58 18 0
      vertex -57.9941 17.8116 2.01
      vertex -57.9941 17.8116 0
    endloop
  endfacet
  facet normal -0.975949 -0.217997 0
    outer loop
      vertex -52.0531 18.5621 0
      vertex -52.0942 18.7461 2.01
      vertex -52.0942 18.7461 0
    endloop
  endfacet
  facet normal -0.975949 -0.217997 0
    outer loop
      vertex -52.0942 18.7461 2.01
      vertex -52.0531 18.5621 0
      vertex -52.0531 18.5621 2.01
    endloop
  endfacet
  facet normal -0.995529 -0.0944585 0
    outer loop
      vertex -52.0059 18.1884 0
      vertex -52.0237 18.376 2.01
      vertex -52.0237 18.376 0
    endloop
  endfacet
  facet normal -0.995529 -0.0944585 0
    outer loop
      vertex -52.0237 18.376 2.01
      vertex -52.0059 18.1884 0
      vertex -52.0059 18.1884 2.01
    endloop
  endfacet
  facet normal -0.827203 -0.561904 0
    outer loop
      vertex -52.467 19.6075 0
      vertex -52.5729 19.7634 2.01
      vertex -52.5729 19.7634 0
    endloop
  endfacet
  facet normal -0.827203 -0.561904 0
    outer loop
      vertex -52.5729 19.7634 2.01
      vertex -52.467 19.6075 0
      vertex -52.467 19.6075 2.01
    endloop
  endfacet
  facet normal 0.940766 -0.339058 0
    outer loop
      vertex -57.8532 18.9271 2.01
      vertex -57.7893 19.1044 0
      vertex -57.7893 19.1044 2.01
    endloop
  endfacet
  facet normal 0.940766 -0.339058 0
    outer loop
      vertex -57.7893 19.1044 0
      vertex -57.8532 18.9271 2.01
      vertex -57.8532 18.9271 0
    endloop
  endfacet
  facet normal 0.995529 -0.0944585 0
    outer loop
      vertex -57.9941 18.1884 2.01
      vertex -57.9763 18.376 0
      vertex -57.9763 18.376 2.01
    endloop
  endfacet
  facet normal 0.995529 -0.0944585 0
    outer loop
      vertex -57.9763 18.376 0
      vertex -57.9941 18.1884 2.01
      vertex -57.9941 18.1884 0
    endloop
  endfacet
  facet normal 0.031301 -0.99951 0
    outer loop
      vertex -55.1884 20.9941 0
      vertex -55 21 2.01
      vertex -55.1884 20.9941 2.01
    endloop
  endfacet
  facet normal 0.031301 -0.99951 0
    outer loop
      vertex -55 21 2.01
      vertex -55.1884 20.9941 0
      vertex -55 21 0
    endloop
  endfacet
  facet normal 0.661393 0.750039 -0
    outer loop
      vertex -56.9123 15.6885 0
      vertex -57.0536 15.8131 2.01
      vertex -56.9123 15.6885 2.01
    endloop
  endfacet
  facet normal 0.661393 0.750039 0
    outer loop
      vertex -57.0536 15.8131 2.01
      vertex -56.9123 15.6885 0
      vertex -57.0536 15.8131 0
    endloop
  endfacet
  facet normal 0.661393 -0.750039 0
    outer loop
      vertex -57.0536 20.1869 0
      vertex -56.9123 20.3115 2.01
      vertex -57.0536 20.1869 2.01
    endloop
  endfacet
  facet normal 0.661393 -0.750039 0
    outer loop
      vertex -56.9123 20.3115 2.01
      vertex -57.0536 20.1869 0
      vertex -56.9123 20.3115 0
    endloop
  endfacet
  facet normal -0.960273 0.279063 0
    outer loop
      vertex -52.1468 17.0729 0
      vertex -52.0942 17.2539 2.01
      vertex -52.0942 17.2539 0
    endloop
  endfacet
  facet normal -0.960273 0.279063 0
    outer loop
      vertex -52.0942 17.2539 2.01
      vertex -52.1468 17.0729 0
      vertex -52.1468 17.0729 2.01
    endloop
  endfacet
  facet normal 0.339058 0.940766 -0
    outer loop
      vertex -55.9271 15.1468 0
      vertex -56.1044 15.2107 2.01
      vertex -55.9271 15.1468 2.01
    endloop
  endfacet
  facet normal 0.339058 0.940766 0
    outer loop
      vertex -56.1044 15.2107 2.01
      vertex -55.9271 15.1468 0
      vertex -56.1044 15.2107 0
    endloop
  endfacet
  facet normal -0.789895 -0.613243 0
    outer loop
      vertex -52.5729 19.7634 0
      vertex -52.6885 19.9123 2.01
      vertex -52.6885 19.9123 0
    endloop
  endfacet
  facet normal -0.789895 -0.613243 0
    outer loop
      vertex -52.6885 19.9123 2.01
      vertex -52.5729 19.7634 0
      vertex -52.5729 19.7634 2.01
    endloop
  endfacet
  facet normal 0.453989 -0.891007 0
    outer loop
      vertex -56.4453 20.6289 0
      vertex -56.2773 20.7145 2.01
      vertex -56.4453 20.6289 2.01
    endloop
  endfacet
  facet normal 0.453989 -0.891007 0
    outer loop
      vertex -56.2773 20.7145 2.01
      vertex -56.4453 20.6289 0
      vertex -56.2773 20.7145 0
    endloop
  endfacet
  facet normal 0.8608 0.508944 0
    outer loop
      vertex -57.533 16.3925 2.01
      vertex -57.6289 16.5547 0
      vertex -57.6289 16.5547 2.01
    endloop
  endfacet
  facet normal 0.8608 0.508944 0
    outer loop
      vertex -57.6289 16.5547 0
      vertex -57.533 16.3925 2.01
      vertex -57.533 16.3925 0
    endloop
  endfacet
  facet normal 0.453989 0.891007 -0
    outer loop
      vertex -56.2773 15.2855 0
      vertex -56.4453 15.3711 2.01
      vertex -56.2773 15.2855 2.01
    endloop
  endfacet
  facet normal 0.453989 0.891007 0
    outer loop
      vertex -56.4453 15.3711 2.01
      vertex -56.2773 15.2855 0
      vertex -56.4453 15.3711 0
    endloop
  endfacet
  facet normal -0.278573 0.960415 0
    outer loop
      vertex -54.0729 15.1468 0
      vertex -54.2539 15.0943 2.01
      vertex -54.0729 15.1468 2.01
    endloop
  endfacet
  facet normal -0.278573 0.960415 0
    outer loop
      vertex -54.2539 15.0943 2.01
      vertex -54.0729 15.1468 0
      vertex -54.2539 15.0943 0
    endloop
  endfacet
  facet normal -0.707107 0.707107 0
    outer loop
      vertex -52.9464 15.8131 0
      vertex -52.8131 15.9464 2.01
      vertex -52.8131 15.9464 0
    endloop
  endfacet
  facet normal -0.707107 0.707107 0
    outer loop
      vertex -52.8131 15.9464 2.01
      vertex -52.9464 15.8131 0
      vertex -52.9464 15.8131 2.01
    endloop
  endfacet
  facet normal -0.397056 -0.917794 0
    outer loop
      vertex -53.8956 20.7893 0
      vertex -53.7227 20.7145 2.01
      vertex -53.8956 20.7893 2.01
    endloop
  endfacet
  facet normal -0.397056 -0.917794 -0
    outer loop
      vertex -53.7227 20.7145 2.01
      vertex -53.8956 20.7893 0
      vertex -53.7227 20.7145 0
    endloop
  endfacet
  facet normal -0.707107 -0.707107 0
    outer loop
      vertex -52.8131 20.0536 0
      vertex -52.9464 20.1869 2.01
      vertex -52.9464 20.1869 0
    endloop
  endfacet
  facet normal -0.707107 -0.707107 0
    outer loop
      vertex -52.9464 20.1869 2.01
      vertex -52.8131 20.0536 0
      vertex -52.8131 20.0536 2.01
    endloop
  endfacet
  facet normal -0.279063 -0.960273 0
    outer loop
      vertex -54.2539 20.9058 0
      vertex -54.0729 20.8532 2.01
      vertex -54.2539 20.9058 2.01
    endloop
  endfacet
  facet normal -0.279063 -0.960273 -0
    outer loop
      vertex -54.0729 20.8532 2.01
      vertex -54.2539 20.9058 0
      vertex -54.0729 20.8532 0
    endloop
  endfacet
  facet normal -0.613243 -0.789895 0
    outer loop
      vertex -53.2366 20.4271 0
      vertex -53.0877 20.3115 2.01
      vertex -53.2366 20.4271 2.01
    endloop
  endfacet
  facet normal -0.613243 -0.789895 -0
    outer loop
      vertex -53.0877 20.3115 2.01
      vertex -53.2366 20.4271 0
      vertex -53.0877 20.3115 0
    endloop
  endfacet
  facet normal -0.217997 -0.975949 0
    outer loop
      vertex -54.4379 20.9469 0
      vertex -54.2539 20.9058 2.01
      vertex -54.4379 20.9469 2.01
    endloop
  endfacet
  facet normal -0.217997 -0.975949 -0
    outer loop
      vertex -54.2539 20.9058 2.01
      vertex -54.4379 20.9469 0
      vertex -54.2539 20.9058 0
    endloop
  endfacet
  facet normal -0.960273 -0.279063 0
    outer loop
      vertex -52.0942 18.7461 0
      vertex -52.1468 18.9271 2.01
      vertex -52.1468 18.9271 0
    endloop
  endfacet
  facet normal -0.960273 -0.279063 0
    outer loop
      vertex -52.1468 18.9271 2.01
      vertex -52.0942 18.7461 0
      vertex -52.0942 18.7461 2.01
    endloop
  endfacet
  facet normal -0.508944 -0.8608 0
    outer loop
      vertex -53.5547 20.6289 0
      vertex -53.3925 20.533 2.01
      vertex -53.5547 20.6289 2.01
    endloop
  endfacet
  facet normal -0.508944 -0.8608 -0
    outer loop
      vertex -53.3925 20.533 2.01
      vertex -53.5547 20.6289 0
      vertex -53.3925 20.533 0
    endloop
  endfacet
  facet normal 0.891007 -0.453989 0
    outer loop
      vertex -57.7145 19.2773 2.01
      vertex -57.6289 19.4453 0
      vertex -57.6289 19.4453 2.01
    endloop
  endfacet
  facet normal 0.891007 -0.453989 0
    outer loop
      vertex -57.6289 19.4453 0
      vertex -57.7145 19.2773 2.01
      vertex -57.7145 19.2773 0
    endloop
  endfacet
  facet normal 0.8608 -0.508944 0
    outer loop
      vertex -57.6289 19.4453 2.01
      vertex -57.533 19.6075 0
      vertex -57.533 19.6075 2.01
    endloop
  endfacet
  facet normal 0.8608 -0.508944 0
    outer loop
      vertex -57.533 19.6075 0
      vertex -57.6289 19.4453 2.01
      vertex -57.6289 19.4453 0
    endloop
  endfacet
  facet normal -0.891007 -0.453989 0
    outer loop
      vertex -52.2855 19.2773 0
      vertex -52.3711 19.4453 2.01
      vertex -52.3711 19.4453 0
    endloop
  endfacet
  facet normal -0.891007 -0.453989 0
    outer loop
      vertex -52.3711 19.4453 2.01
      vertex -52.2855 19.2773 0
      vertex -52.2855 19.2773 2.01
    endloop
  endfacet
  facet normal -0.789895 0.613243 0
    outer loop
      vertex -52.6885 16.0877 0
      vertex -52.5729 16.2366 2.01
      vertex -52.5729 16.2366 0
    endloop
  endfacet
  facet normal -0.789895 0.613243 0
    outer loop
      vertex -52.5729 16.2366 2.01
      vertex -52.6885 16.0877 0
      vertex -52.6885 16.0877 2.01
    endloop
  endfacet
  facet normal 0.279063 -0.960273 0
    outer loop
      vertex -55.9271 20.8532 0
      vertex -55.7461 20.9058 2.01
      vertex -55.9271 20.8532 2.01
    endloop
  endfacet
  facet normal 0.279063 -0.960273 0
    outer loop
      vertex -55.7461 20.9058 2.01
      vertex -55.9271 20.8532 0
      vertex -55.7461 20.9058 0
    endloop
  endfacet
  facet normal -0.031301 0.99951 0
    outer loop
      vertex -54.8116 15.0059 0
      vertex -55 15 2.01
      vertex -54.8116 15.0059 2.01
    endloop
  endfacet
  facet normal -0.031301 0.99951 0
    outer loop
      vertex -55 15 2.01
      vertex -54.8116 15.0059 0
      vertex -55 15 0
    endloop
  endfacet
  facet normal 0.031301 0.99951 -0
    outer loop
      vertex -55 15 0
      vertex -55.1884 15.0059 2.01
      vertex -55 15 2.01
    endloop
  endfacet
  facet normal 0.031301 0.99951 0
    outer loop
      vertex -55.1884 15.0059 2.01
      vertex -55 15 0
      vertex -55.1884 15.0059 0
    endloop
  endfacet
  facet normal -0.0944585 0.995529 0
    outer loop
      vertex -54.624 15.0237 0
      vertex -54.8116 15.0059 2.01
      vertex -54.624 15.0237 2.01
    endloop
  endfacet
  facet normal -0.0944585 0.995529 0
    outer loop
      vertex -54.8116 15.0059 2.01
      vertex -54.624 15.0237 0
      vertex -54.8116 15.0059 0
    endloop
  endfacet
  facet normal -0.891007 0.453989 0
    outer loop
      vertex -52.3711 16.5547 0
      vertex -52.2855 16.7227 2.01
      vertex -52.2855 16.7227 0
    endloop
  endfacet
  facet normal -0.891007 0.453989 0
    outer loop
      vertex -52.2855 16.7227 2.01
      vertex -52.3711 16.5547 0
      vertex -52.3711 16.5547 2.01
    endloop
  endfacet
  facet normal 0.156044 -0.98775 0
    outer loop
      vertex -55.5621 20.9469 0
      vertex -55.376 20.9763 2.01
      vertex -55.5621 20.9469 2.01
    endloop
  endfacet
  facet normal 0.156044 -0.98775 0
    outer loop
      vertex -55.376 20.9763 2.01
      vertex -55.5621 20.9469 0
      vertex -55.376 20.9763 0
    endloop
  endfacet
  facet normal -0.508944 0.8608 0
    outer loop
      vertex -53.3925 15.467 0
      vertex -53.5547 15.3711 2.01
      vertex -53.3925 15.467 2.01
    endloop
  endfacet
  facet normal -0.508944 0.8608 0
    outer loop
      vertex -53.5547 15.3711 2.01
      vertex -53.3925 15.467 0
      vertex -53.5547 15.3711 0
    endloop
  endfacet
  facet normal 0.397056 -0.917794 0
    outer loop
      vertex -56.2773 20.7145 0
      vertex -56.1044 20.7893 2.01
      vertex -56.2773 20.7145 2.01
    endloop
  endfacet
  facet normal 0.397056 -0.917794 0
    outer loop
      vertex -56.1044 20.7893 2.01
      vertex -56.2773 20.7145 0
      vertex -56.1044 20.7893 0
    endloop
  endfacet
  facet normal 0.508944 -0.8608 0
    outer loop
      vertex -56.6075 20.533 0
      vertex -56.4453 20.6289 2.01
      vertex -56.6075 20.533 2.01
    endloop
  endfacet
  facet normal 0.508944 -0.8608 0
    outer loop
      vertex -56.4453 20.6289 2.01
      vertex -56.6075 20.533 0
      vertex -56.4453 20.6289 0
    endloop
  endfacet
  facet normal 0.561904 0.827203 -0
    outer loop
      vertex -56.6075 15.467 0
      vertex -56.7634 15.5729 2.01
      vertex -56.6075 15.467 2.01
    endloop
  endfacet
  facet normal 0.561904 0.827203 0
    outer loop
      vertex -56.7634 15.5729 2.01
      vertex -56.6075 15.467 0
      vertex -56.7634 15.5729 0
    endloop
  endfacet
  facet normal 0.278573 0.960415 -0
    outer loop
      vertex -55.7461 15.0943 0
      vertex -55.9271 15.1468 2.01
      vertex -55.7461 15.0943 2.01
    endloop
  endfacet
  facet normal 0.278573 0.960415 0
    outer loop
      vertex -55.9271 15.1468 2.01
      vertex -55.7461 15.0943 0
      vertex -55.9271 15.1468 0
    endloop
  endfacet
  facet normal 0.339058 -0.940766 0
    outer loop
      vertex -56.1044 20.7893 0
      vertex -55.9271 20.8532 2.01
      vertex -56.1044 20.7893 2.01
    endloop
  endfacet
  facet normal 0.339058 -0.940766 0
    outer loop
      vertex -55.9271 20.8532 2.01
      vertex -56.1044 20.7893 0
      vertex -55.9271 20.8532 0
    endloop
  endfacet
  facet normal 0.750039 0.661393 0
    outer loop
      vertex -57.1869 15.9464 2.01
      vertex -57.3115 16.0877 0
      vertex -57.3115 16.0877 2.01
    endloop
  endfacet
  facet normal 0.750039 0.661393 0
    outer loop
      vertex -57.3115 16.0877 0
      vertex -57.1869 15.9464 2.01
      vertex -57.1869 15.9464 0
    endloop
  endfacet
  facet normal -0.031301 -0.99951 0
    outer loop
      vertex -55 21 0
      vertex -54.8116 20.9941 2.01
      vertex -55 21 2.01
    endloop
  endfacet
  facet normal -0.031301 -0.99951 -0
    outer loop
      vertex -54.8116 20.9941 2.01
      vertex -55 21 0
      vertex -54.8116 20.9941 0
    endloop
  endfacet
  facet normal -0.561904 0.827203 0
    outer loop
      vertex -53.2366 15.5729 0
      vertex -53.3925 15.467 2.01
      vertex -53.2366 15.5729 2.01
    endloop
  endfacet
  facet normal -0.561904 0.827203 0
    outer loop
      vertex -53.3925 15.467 2.01
      vertex -53.2366 15.5729 0
      vertex -53.3925 15.467 0
    endloop
  endfacet
  facet normal -0.8608 0.508944 0
    outer loop
      vertex -52.467 16.3925 0
      vertex -52.3711 16.5547 2.01
      vertex -52.3711 16.5547 0
    endloop
  endfacet
  facet normal -0.8608 0.508944 0
    outer loop
      vertex -52.3711 16.5547 2.01
      vertex -52.467 16.3925 0
      vertex -52.467 16.3925 2.01
    endloop
  endfacet
  facet normal -0.156044 0.98775 0
    outer loop
      vertex -54.4379 15.0531 0
      vertex -54.624 15.0237 2.01
      vertex -54.4379 15.0531 2.01
    endloop
  endfacet
  facet normal -0.156044 0.98775 0
    outer loop
      vertex -54.624 15.0237 2.01
      vertex -54.4379 15.0531 0
      vertex -54.624 15.0237 0
    endloop
  endfacet
  facet normal 0.891007 0.453989 0
    outer loop
      vertex -57.6289 16.5547 2.01
      vertex -57.7145 16.7227 0
      vertex -57.7145 16.7227 2.01
    endloop
  endfacet
  facet normal 0.891007 0.453989 0
    outer loop
      vertex -57.7145 16.7227 0
      vertex -57.6289 16.5547 2.01
      vertex -57.6289 16.5547 0
    endloop
  endfacet
  facet normal 0.99951 -0.031301 0
    outer loop
      vertex -58 18 2.01
      vertex -57.9941 18.1884 0
      vertex -57.9941 18.1884 2.01
    endloop
  endfacet
  facet normal 0.99951 -0.031301 0
    outer loop
      vertex -57.9941 18.1884 0
      vertex -58 18 2.01
      vertex -58 18 0
    endloop
  endfacet
  facet normal -0.99951 0.031301 0
    outer loop
      vertex -52.0059 17.8116 0
      vertex -52 18 2.01
      vertex -52 18 0
    endloop
  endfacet
  facet normal -0.99951 0.031301 0
    outer loop
      vertex -52 18 2.01
      vertex -52.0059 17.8116 0
      vertex -52.0059 17.8116 2.01
    endloop
  endfacet
  facet normal 0.508944 0.8608 -0
    outer loop
      vertex -56.4453 15.3711 0
      vertex -56.6075 15.467 2.01
      vertex -56.4453 15.3711 2.01
    endloop
  endfacet
  facet normal 0.508944 0.8608 0
    outer loop
      vertex -56.6075 15.467 2.01
      vertex -56.4453 15.3711 0
      vertex -56.6075 15.467 0
    endloop
  endfacet
  facet normal -0.917794 -0.397056 0
    outer loop
      vertex -52.2107 19.1044 0
      vertex -52.2855 19.2773 2.01
      vertex -52.2855 19.2773 0
    endloop
  endfacet
  facet normal -0.917794 -0.397056 0
    outer loop
      vertex -52.2855 19.2773 2.01
      vertex -52.2107 19.1044 0
      vertex -52.2107 19.1044 2.01
    endloop
  endfacet
  facet normal 0.217997 -0.975949 0
    outer loop
      vertex -55.7461 20.9058 0
      vertex -55.5621 20.9469 2.01
      vertex -55.7461 20.9058 2.01
    endloop
  endfacet
  facet normal 0.217997 -0.975949 0
    outer loop
      vertex -55.5621 20.9469 2.01
      vertex -55.7461 20.9058 0
      vertex -55.5621 20.9469 0
    endloop
  endfacet
  facet normal 0.156044 0.98775 -0
    outer loop
      vertex -55.376 15.0237 0
      vertex -55.5621 15.0531 2.01
      vertex -55.376 15.0237 2.01
    endloop
  endfacet
  facet normal 0.156044 0.98775 0
    outer loop
      vertex -55.5621 15.0531 2.01
      vertex -55.376 15.0237 0
      vertex -55.5621 15.0531 0
    endloop
  endfacet
  facet normal -0.453989 0.891007 0
    outer loop
      vertex -53.5547 15.3711 0
      vertex -53.7227 15.2855 2.01
      vertex -53.5547 15.3711 2.01
    endloop
  endfacet
  facet normal -0.453989 0.891007 0
    outer loop
      vertex -53.7227 15.2855 2.01
      vertex -53.5547 15.3711 0
      vertex -53.7227 15.2855 0
    endloop
  endfacet
  facet normal -0.339058 0.940766 0
    outer loop
      vertex -53.8956 15.2107 0
      vertex -54.0729 15.1468 2.01
      vertex -53.8956 15.2107 2.01
    endloop
  endfacet
  facet normal -0.339058 0.940766 0
    outer loop
      vertex -54.0729 15.1468 2.01
      vertex -53.8956 15.2107 0
      vertex -54.0729 15.1468 0
    endloop
  endfacet
  facet normal 0.975949 0.217997 0
    outer loop
      vertex -57.9058 17.2539 2.01
      vertex -57.9469 17.4379 0
      vertex -57.9469 17.4379 2.01
    endloop
  endfacet
  facet normal 0.975949 0.217997 0
    outer loop
      vertex -57.9469 17.4379 0
      vertex -57.9058 17.2539 2.01
      vertex -57.9058 17.2539 0
    endloop
  endfacet
  facet normal 0.975949 -0.217997 0
    outer loop
      vertex -57.9469 18.5621 2.01
      vertex -57.9058 18.7461 0
      vertex -57.9058 18.7461 2.01
    endloop
  endfacet
  facet normal 0.975949 -0.217997 0
    outer loop
      vertex -57.9058 18.7461 0
      vertex -57.9469 18.5621 2.01
      vertex -57.9469 18.5621 0
    endloop
  endfacet
  facet normal 0.789895 0.613243 0
    outer loop
      vertex -57.3115 16.0877 2.01
      vertex -57.4271 16.2366 0
      vertex -57.4271 16.2366 2.01
    endloop
  endfacet
  facet normal 0.789895 0.613243 0
    outer loop
      vertex -57.4271 16.2366 0
      vertex -57.3115 16.0877 2.01
      vertex -57.3115 16.0877 0
    endloop
  endfacet
  facet normal 0.917794 0.397056 0
    outer loop
      vertex -57.7145 16.7227 2.01
      vertex -57.7893 16.8956 0
      vertex -57.7893 16.8956 2.01
    endloop
  endfacet
  facet normal 0.917794 0.397056 0
    outer loop
      vertex -57.7893 16.8956 0
      vertex -57.7145 16.7227 2.01
      vertex -57.7145 16.7227 0
    endloop
  endfacet
  facet normal 0.960273 -0.279063 0
    outer loop
      vertex -57.9058 18.7461 2.01
      vertex -57.8532 18.9271 0
      vertex -57.8532 18.9271 2.01
    endloop
  endfacet
  facet normal 0.960273 -0.279063 0
    outer loop
      vertex -57.8532 18.9271 0
      vertex -57.9058 18.7461 2.01
      vertex -57.9058 18.7461 0
    endloop
  endfacet
  facet normal -0.561904 -0.827203 0
    outer loop
      vertex -53.3925 20.533 0
      vertex -53.2366 20.4271 2.01
      vertex -53.3925 20.533 2.01
    endloop
  endfacet
  facet normal -0.561904 -0.827203 -0
    outer loop
      vertex -53.2366 20.4271 2.01
      vertex -53.3925 20.533 0
      vertex -53.2366 20.4271 0
    endloop
  endfacet
  facet normal -0.750039 0.661393 0
    outer loop
      vertex -52.8131 15.9464 0
      vertex -52.6885 16.0877 2.01
      vertex -52.6885 16.0877 0
    endloop
  endfacet
  facet normal -0.750039 0.661393 0
    outer loop
      vertex -52.6885 16.0877 2.01
      vertex -52.8131 15.9464 0
      vertex -52.8131 15.9464 2.01
    endloop
  endfacet
  facet normal -0.917794 0.397056 0
    outer loop
      vertex -52.2855 16.7227 0
      vertex -52.2107 16.8956 2.01
      vertex -52.2107 16.8956 0
    endloop
  endfacet
  facet normal -0.917794 0.397056 0
    outer loop
      vertex -52.2107 16.8956 2.01
      vertex -52.2855 16.7227 0
      vertex -52.2855 16.7227 2.01
    endloop
  endfacet
  facet normal -0.661393 0.750039 0
    outer loop
      vertex -52.9464 15.8131 0
      vertex -53.0877 15.6885 2.01
      vertex -52.9464 15.8131 2.01
    endloop
  endfacet
  facet normal -0.661393 0.750039 0
    outer loop
      vertex -53.0877 15.6885 2.01
      vertex -52.9464 15.8131 0
      vertex -53.0877 15.6885 0
    endloop
  endfacet
  facet normal 0.750039 -0.661393 0
    outer loop
      vertex -57.3115 19.9123 2.01
      vertex -57.1869 20.0536 0
      vertex -57.1869 20.0536 2.01
    endloop
  endfacet
  facet normal 0.750039 -0.661393 0
    outer loop
      vertex -57.1869 20.0536 0
      vertex -57.3115 19.9123 2.01
      vertex -57.3115 19.9123 0
    endloop
  endfacet
  facet normal -0.0944585 -0.995529 0
    outer loop
      vertex -54.8116 20.9941 0
      vertex -54.624 20.9763 2.01
      vertex -54.8116 20.9941 2.01
    endloop
  endfacet
  facet normal -0.0944585 -0.995529 -0
    outer loop
      vertex -54.624 20.9763 2.01
      vertex -54.8116 20.9941 0
      vertex -54.624 20.9763 0
    endloop
  endfacet
  facet normal -0.156044 -0.98775 0
    outer loop
      vertex -54.624 20.9763 0
      vertex -54.4379 20.9469 2.01
      vertex -54.624 20.9763 2.01
    endloop
  endfacet
  facet normal -0.156044 -0.98775 -0
    outer loop
      vertex -54.4379 20.9469 2.01
      vertex -54.624 20.9763 0
      vertex -54.4379 20.9469 0
    endloop
  endfacet
  facet normal 0.827203 -0.561904 0
    outer loop
      vertex -57.533 19.6075 2.01
      vertex -57.4271 19.7634 0
      vertex -57.4271 19.7634 2.01
    endloop
  endfacet
  facet normal 0.827203 -0.561904 0
    outer loop
      vertex -57.4271 19.7634 0
      vertex -57.533 19.6075 2.01
      vertex -57.533 19.6075 0
    endloop
  endfacet
  facet normal -0.98775 0.156044 0
    outer loop
      vertex -52.0531 17.4379 0
      vertex -52.0237 17.624 2.01
      vertex -52.0237 17.624 0
    endloop
  endfacet
  facet normal -0.98775 0.156044 0
    outer loop
      vertex -52.0237 17.624 2.01
      vertex -52.0531 17.4379 0
      vertex -52.0531 17.4379 2.01
    endloop
  endfacet
  facet normal 0.98775 0.156044 0
    outer loop
      vertex -57.9469 17.4379 2.01
      vertex -57.9763 17.624 0
      vertex -57.9763 17.624 2.01
    endloop
  endfacet
  facet normal 0.98775 0.156044 0
    outer loop
      vertex -57.9763 17.624 0
      vertex -57.9469 17.4379 2.01
      vertex -57.9469 17.4379 0
    endloop
  endfacet
  facet normal -0.613243 0.789895 0
    outer loop
      vertex -53.0877 15.6885 0
      vertex -53.2366 15.5729 2.01
      vertex -53.0877 15.6885 2.01
    endloop
  endfacet
  facet normal -0.613243 0.789895 0
    outer loop
      vertex -53.2366 15.5729 2.01
      vertex -53.0877 15.6885 0
      vertex -53.2366 15.5729 0
    endloop
  endfacet
  facet normal -0.218502 0.975836 0
    outer loop
      vertex -54.2539 15.0943 0
      vertex -54.4379 15.0531 2.01
      vertex -54.2539 15.0943 2.01
    endloop
  endfacet
  facet normal -0.218502 0.975836 0
    outer loop
      vertex -54.4379 15.0531 2.01
      vertex -54.2539 15.0943 0
      vertex -54.4379 15.0531 0
    endloop
  endfacet
  facet normal 0.789895 -0.613243 0
    outer loop
      vertex -57.4271 19.7634 2.01
      vertex -57.3115 19.9123 0
      vertex -57.3115 19.9123 2.01
    endloop
  endfacet
  facet normal 0.789895 -0.613243 0
    outer loop
      vertex -57.3115 19.9123 0
      vertex -57.4271 19.7634 2.01
      vertex -57.4271 19.7634 0
    endloop
  endfacet
  facet normal -0.975949 0.217997 0
    outer loop
      vertex -52.0942 17.2539 0
      vertex -52.0531 17.4379 2.01
      vertex -52.0531 17.4379 0
    endloop
  endfacet
  facet normal -0.975949 0.217997 0
    outer loop
      vertex -52.0531 17.4379 2.01
      vertex -52.0942 17.2539 0
      vertex -52.0942 17.2539 2.01
    endloop
  endfacet
  facet normal -0.339058 -0.940766 0
    outer loop
      vertex -54.0729 20.8532 0
      vertex -53.8956 20.7893 2.01
      vertex -54.0729 20.8532 2.01
    endloop
  endfacet
  facet normal -0.339058 -0.940766 -0
    outer loop
      vertex -53.8956 20.7893 2.01
      vertex -54.0729 20.8532 0
      vertex -53.8956 20.7893 0
    endloop
  endfacet
  facet normal 0.707107 0.707107 0
    outer loop
      vertex -57.0536 15.8131 2.01
      vertex -57.1869 15.9464 0
      vertex -57.1869 15.9464 2.01
    endloop
  endfacet
  facet normal 0.707107 0.707107 0
    outer loop
      vertex -57.1869 15.9464 0
      vertex -57.0536 15.8131 2.01
      vertex -57.0536 15.8131 0
    endloop
  endfacet
  facet normal -0.750039 -0.661393 0
    outer loop
      vertex -52.6885 19.9123 0
      vertex -52.8131 20.0536 2.01
      vertex -52.8131 20.0536 0
    endloop
  endfacet
  facet normal -0.750039 -0.661393 0
    outer loop
      vertex -52.8131 20.0536 2.01
      vertex -52.6885 19.9123 0
      vertex -52.6885 19.9123 2.01
    endloop
  endfacet
  facet normal 0.613243 -0.789895 0
    outer loop
      vertex -56.9123 20.3115 0
      vertex -56.7634 20.4271 2.01
      vertex -56.9123 20.3115 2.01
    endloop
  endfacet
  facet normal 0.613243 -0.789895 0
    outer loop
      vertex -56.7634 20.4271 2.01
      vertex -56.9123 20.3115 0
      vertex -56.7634 20.4271 0
    endloop
  endfacet
  facet normal 0.561904 -0.827203 0
    outer loop
      vertex -56.7634 20.4271 0
      vertex -56.6075 20.533 2.01
      vertex -56.7634 20.4271 2.01
    endloop
  endfacet
  facet normal 0.561904 -0.827203 0
    outer loop
      vertex -56.6075 20.533 2.01
      vertex -56.7634 20.4271 0
      vertex -56.6075 20.533 0
    endloop
  endfacet
  facet normal 0.827203 0.561904 0
    outer loop
      vertex -57.4271 16.2366 2.01
      vertex -57.533 16.3925 0
      vertex -57.533 16.3925 2.01
    endloop
  endfacet
  facet normal 0.827203 0.561904 0
    outer loop
      vertex -57.533 16.3925 0
      vertex -57.4271 16.2366 2.01
      vertex -57.4271 16.2366 0
    endloop
  endfacet
  facet normal 0.960273 0.279063 0
    outer loop
      vertex -57.8532 17.0729 2.01
      vertex -57.9058 17.2539 0
      vertex -57.9058 17.2539 2.01
    endloop
  endfacet
  facet normal 0.960273 0.279063 0
    outer loop
      vertex -57.9058 17.2539 0
      vertex -57.8532 17.0729 2.01
      vertex -57.8532 17.0729 0
    endloop
  endfacet
  facet normal 0.218502 0.975836 -0
    outer loop
      vertex -55.5621 15.0531 0
      vertex -55.7461 15.0943 2.01
      vertex -55.5621 15.0531 2.01
    endloop
  endfacet
  facet normal 0.218502 0.975836 0
    outer loop
      vertex -55.7461 15.0943 2.01
      vertex -55.5621 15.0531 0
      vertex -55.7461 15.0943 0
    endloop
  endfacet
  facet normal 0.397056 0.917794 -0
    outer loop
      vertex -56.1044 15.2107 0
      vertex -56.2773 15.2855 2.01
      vertex -56.1044 15.2107 2.01
    endloop
  endfacet
  facet normal 0.397056 0.917794 0
    outer loop
      vertex -56.2773 15.2855 2.01
      vertex -56.1044 15.2107 0
      vertex -56.2773 15.2855 0
    endloop
  endfacet
  facet normal -0.649054 0.281012 0.706938
    outer loop
      vertex -52.2107 16.8956 2.01
      vertex -49.5801 15.4496 5
      vertex -49.4306 15.7949 5
    endloop
  endfacet
  facet normal -0.649142 0.280832 0.706929
    outer loop
      vertex -49.5801 15.4496 5
      vertex -52.2107 16.8956 2.01
      vertex -52.2855 16.7227 2.01
    endloop
  endfacet
  facet normal 0.500124 0.500124 0.706931
    outer loop
      vertex -57.1869 15.9464 2.01
      vertex -59.1004 13.6335 5
      vertex -57.0536 15.8131 2.01
    endloop
  endfacet
  facet normal 0.500124 0.500124 0.706931
    outer loop
      vertex -59.1004 13.6335 5
      vertex -57.1869 15.9464 2.01
      vertex -59.3665 13.8996 5
    endloop
  endfacet
  facet normal 0.433746 0.558691 0.706915
    outer loop
      vertex -58.5213 13.1544 5
      vertex -56.7634 15.5729 2.01
      vertex -56.9123 15.6885 2.01
    endloop
  endfacet
  facet normal 0.441971 0.552464 0.706714
    outer loop
      vertex -56.7634 15.5729 2.01
      vertex -58.5213 13.1544 5
      vertex -58.5208 13.154 5
    endloop
  endfacet
  facet normal 0.585064 -0.397423 0.706933
    outer loop
      vertex -60.0572 21.2101 5
      vertex -57.533 19.6075 2.01
      vertex -57.4271 19.7634 2.01
    endloop
  endfacet
  facet normal 0.606439 -0.363863 0.70699
    outer loop
      vertex -57.533 19.6075 2.01
      vertex -60.0572 21.2101 5
      vertex -60.0575 21.2096 5
    endloop
  endfacet
  facet normal -0.706932 -0.0222152 0.706932
    outer loop
      vertex -49.01 18 5
      vertex -49.0218 18.3755 5
      vertex -52 18 2.01
    endloop
  endfacet
  facet normal -0.707805 0 0.706408
    outer loop
      vertex -52.0059 18.1884 2.01
      vertex -49.0218 18.3755 5
      vertex -49.0218 18.3761 5
    endloop
  endfacet
  facet normal -0.706938 -0.0221387 0.706929
    outer loop
      vertex -49.0218 18.3755 5
      vertex -52.0059 18.1884 2.01
      vertex -52 18 2.01
    endloop
  endfacet
  facet normal 0.63022 0.321041 0.706933
    outer loop
      vertex -60.2491 15.1143 5
      vertex -57.6289 16.5547 2.01
      vertex -60.4196 15.449 5
    endloop
  endfacet
  facet normal -0.397619 0.584944 0.706922
    outer loop
      vertex -51.7899 12.9428 5
      vertex -51.4792 13.154 5
      vertex -53.2366 15.5729 2.01
    endloop
  endfacet
  facet normal -0.530485 0.467788 0.706937
    outer loop
      vertex -52.8131 15.9464 2.01
      vertex -50.6331 13.9 5
      vertex -52.6885 16.0877 2.01
    endloop
  endfacet
  facet normal -0.500124 0.500124 0.706931
    outer loop
      vertex -50.6331 13.9 5
      vertex -52.8131 15.9464 2.01
      vertex -50.6335 13.8996 5
    endloop
  endfacet
  facet normal -0.110685 0.698559 0.70694
    outer loop
      vertex -54.2493 12.0572 5
      vertex -53.8782 12.116 5
      vertex -54.624 15.0237 2.01
    endloop
  endfacet
  facet normal -0.697585 0.116264 0.707006
    outer loop
      vertex -52.0531 17.4379 2.01
      vertex -49.1162 16.877 5
      vertex -49.1161 16.8776 5
    endloop
  endfacet
  facet normal -0.690269 0.154185 0.706934
    outer loop
      vertex -49.1162 16.877 5
      vertex -52.0531 17.4379 2.01
      vertex -52.0942 17.2539 2.01
    endloop
  endfacet
  facet normal -0.19734 -0.679202 0.706924
    outer loop
      vertex -53.149 23.6968 5
      vertex -53.5097 23.8016 5
      vertex -54.0729 20.8532 2.01
    endloop
  endfacet
  facet normal -0.679202 -0.19734 0.706924
    outer loop
      vertex -49.1984 19.4903 5
      vertex -49.3032 19.851 5
      vertex -52.1468 18.9271 2.01
    endloop
  endfacet
  facet normal -0.699313 0.116552 0.70525
    outer loop
      vertex -52.0059 17.8116 2.01
      vertex -49.0219 17.6233 5
      vertex -49.0218 17.6239 5
    endloop
  endfacet
  facet normal -0.704128 0.0668096 0.706923
    outer loop
      vertex -49.0219 17.6233 5
      vertex -52.0059 17.8116 2.01
      vertex -52.0237 17.624 2.01
    endloop
  endfacet
  facet normal -0.558949 0.433379 0.706936
    outer loop
      vertex -50.3846 14.1818 5
      vertex -50.1544 14.4787 5
      vertex -52.6885 16.0877 2.01
    endloop
  endfacet
  facet normal -0.608833 0.35997 0.706926
    outer loop
      vertex -52.467 16.3925 2.01
      vertex -49.9422 14.7909 5
      vertex -52.3711 16.5547 2.01
    endloop
  endfacet
  facet normal -0.606439 0.363863 0.70699
    outer loop
      vertex -49.9422 14.7909 5
      vertex -52.467 16.3925 2.01
      vertex -49.9425 14.7904 5
    endloop
  endfacet
  facet normal -0.584944 0.397619 0.706922
    outer loop
      vertex -50.154 14.4792 5
      vertex -49.9428 14.7899 5
      vertex -52.5729 16.2366 2.01
    endloop
  endfacet
  facet normal -0.698559 0.110685 0.70694
    outer loop
      vertex -49.116 16.8782 5
      vertex -49.0572 17.2493 5
      vertex -52.0237 17.624 2.01
    endloop
  endfacet
  facet normal -0.19734 0.679202 0.706924
    outer loop
      vertex -53.5097 12.1984 5
      vertex -53.149 12.3032 5
      vertex -54.0729 15.1468 2.01
    endloop
  endfacet
  facet normal 0.239806 0.665377 0.706942
    outer loop
      vertex -56.1044 15.2107 2.01
      vertex -57.2045 12.4304 5
      vertex -55.9271 15.1468 2.01
    endloop
  endfacet
  facet normal 0.223775 0.671325 0.706575
    outer loop
      vertex -57.2045 12.4304 5
      vertex -56.1044 15.2107 2.01
      vertex -57.2051 12.4306 5
    endloop
  endfacet
  facet normal 0.558949 -0.433379 0.706936
    outer loop
      vertex -57.3115 19.9123 2.01
      vertex -59.6154 21.8182 5
      vertex -59.8456 21.5213 5
    endloop
  endfacet
  facet normal -0.500124 0.500124 0.706931
    outer loop
      vertex -52.8131 15.9464 2.01
      vertex -50.8996 13.6335 5
      vertex -50.6335 13.8996 5
    endloop
  endfacet
  facet normal -0.500124 0.500124 0.706931
    outer loop
      vertex -50.8996 13.6335 5
      vertex -52.8131 15.9464 2.01
      vertex -52.9464 15.8131 2.01
    endloop
  endfacet
  facet normal 0 0.707805 0.706408
    outer loop
      vertex -54.8116 15.0059 2.01
      vertex -54.6245 12.0218 5
      vertex -54.6239 12.0218 5
    endloop
  endfacet
  facet normal -0.0221387 0.706938 0.706929
    outer loop
      vertex -54.6245 12.0218 5
      vertex -54.8116 15.0059 2.01
      vertex -55 15 2.01
    endloop
  endfacet
  facet normal -0.706932 0.0222152 0.706932
    outer loop
      vertex -49.0218 17.6245 5
      vertex -49.01 18 5
      vertex -52 18 2.01
    endloop
  endfacet
  facet normal -0.665515 0.239472 0.706925
    outer loop
      vertex -49.4304 15.7955 5
      vertex -49.3032 16.149 5
      vertex -52.1468 17.0729 2.01
    endloop
  endfacet
  facet normal 0.558949 0.433379 0.706936
    outer loop
      vertex -59.6154 14.1818 5
      vertex -57.3115 16.0877 2.01
      vertex -59.8456 14.4787 5
    endloop
  endfacet
  facet normal -0.0222152 0.706932 0.706932
    outer loop
      vertex -54.6245 12.0218 5
      vertex -55 15 2.01
      vertex -55 12.01 5
    endloop
  endfacet
  facet normal 0.0221387 -0.706938 0.706929
    outer loop
      vertex -55.3755 23.9782 5
      vertex -55.1884 20.9941 2.01
      vertex -55 21 2.01
    endloop
  endfacet
  facet normal 0 -0.707805 0.706408
    outer loop
      vertex -55.1884 20.9941 2.01
      vertex -55.3755 23.9782 5
      vertex -55.3761 23.9782 5
    endloop
  endfacet
  facet normal -0.223775 0.671325 0.706575
    outer loop
      vertex -53.8956 15.2107 2.01
      vertex -52.7955 12.4304 5
      vertex -52.7949 12.4306 5
    endloop
  endfacet
  facet normal -0.239806 0.665377 0.706942
    outer loop
      vertex -52.7955 12.4304 5
      vertex -53.8956 15.2107 2.01
      vertex -54.0729 15.1468 2.01
    endloop
  endfacet
  facet normal -0.116264 -0.697585 0.707006
    outer loop
      vertex -54.4379 20.9469 2.01
      vertex -53.877 23.8838 5
      vertex -53.8776 23.8839 5
    endloop
  endfacet
  facet normal -0.154185 -0.690269 0.706934
    outer loop
      vertex -53.877 23.8838 5
      vertex -54.4379 20.9469 2.01
      vertex -54.2539 20.9058 2.01
    endloop
  endfacet
  facet normal 0.316274 -0.632547 0.707004
    outer loop
      vertex -57.551 23.4196 5
      vertex -56.2773 20.7145 2.01
      vertex -57.5504 23.4199 5
    endloop
  endfacet
  facet normal 0.321099 -0.630194 0.70693
    outer loop
      vertex -56.2773 20.7145 2.01
      vertex -57.551 23.4196 5
      vertex -56.4453 20.6289 2.01
    endloop
  endfacet
  facet normal -0.63022 0.321041 0.706933
    outer loop
      vertex -49.7509 15.1143 5
      vertex -49.5804 15.449 5
      vertex -52.3711 16.5547 2.01
    endloop
  endfacet
  facet normal -0.363863 0.606439 0.70699
    outer loop
      vertex -53.3925 15.467 2.01
      vertex -51.7909 12.9422 5
      vertex -51.7904 12.9425 5
    endloop
  endfacet
  facet normal -0.35997 0.608833 0.706926
    outer loop
      vertex -51.7909 12.9422 5
      vertex -53.3925 15.467 2.01
      vertex -53.5547 15.3711 2.01
    endloop
  endfacet
  facet normal -0.608752 0.360093 0.706933
    outer loop
      vertex -49.9422 14.7909 5
      vertex -49.7509 15.1143 5
      vertex -52.3711 16.5547 2.01
    endloop
  endfacet
  facet normal -0.606439 0.363863 0.70699
    outer loop
      vertex -52.467 16.3925 2.01
      vertex -49.9428 14.7899 5
      vertex -49.9425 14.7904 5
    endloop
  endfacet
  facet normal -0.585064 0.397423 0.706933
    outer loop
      vertex -49.9428 14.7899 5
      vertex -52.467 16.3925 2.01
      vertex -52.5729 16.2366 2.01
    endloop
  endfacet
  facet normal 0.110685 -0.698559 0.70694
    outer loop
      vertex -55.376 20.9763 2.01
      vertex -55.7507 23.9428 5
      vertex -56.1218 23.884 5
    endloop
  endfacet
  facet normal -0.223886 -0.671658 0.706222
    outer loop
      vertex -54.2539 20.9058 2.01
      vertex -53.5097 23.8016 5
      vertex -53.5103 23.8018 5
    endloop
  endfacet
  facet normal -0.197379 -0.679193 0.706922
    outer loop
      vertex -53.5097 23.8016 5
      vertex -54.2539 20.9058 2.01
      vertex -54.0729 20.8532 2.01
    endloop
  endfacet
  facet normal 0.665515 0.239472 0.706925
    outer loop
      vertex -60.5696 15.7955 5
      vertex -57.8532 17.0729 2.01
      vertex -60.6968 16.149 5
    endloop
  endfacet
  facet normal 0.397423 0.585064 0.706933
    outer loop
      vertex -58.2101 12.9428 5
      vertex -56.6075 15.467 2.01
      vertex -56.7634 15.5729 2.01
    endloop
  endfacet
  facet normal 0.363863 0.606439 0.70699
    outer loop
      vertex -56.6075 15.467 2.01
      vertex -58.2101 12.9428 5
      vertex -58.2096 12.9425 5
    endloop
  endfacet
  facet normal 0.53048 -0.467794 0.706937
    outer loop
      vertex -57.3115 19.9123 2.01
      vertex -59.3669 22.1 5
      vertex -59.6154 21.8182 5
    endloop
  endfacet
  facet normal -0.606439 -0.363863 0.70699
    outer loop
      vertex -52.467 19.6075 2.01
      vertex -49.9422 21.2091 5
      vertex -49.9425 21.2096 5
    endloop
  endfacet
  facet normal -0.608833 -0.35997 0.706926
    outer loop
      vertex -49.9422 21.2091 5
      vertex -52.467 19.6075 2.01
      vertex -52.3711 19.4453 2.01
    endloop
  endfacet
  facet normal -0.441971 -0.552464 0.706714
    outer loop
      vertex -53.2366 20.4271 2.01
      vertex -51.4787 22.8456 5
      vertex -51.4792 22.846 5
    endloop
  endfacet
  facet normal -0.433746 -0.558691 0.706915
    outer loop
      vertex -51.4787 22.8456 5
      vertex -53.2366 20.4271 2.01
      vertex -53.0877 20.3115 2.01
    endloop
  endfacet
  facet normal -0.239472 0.665515 0.706925
    outer loop
      vertex -53.149 12.3032 5
      vertex -52.7955 12.4304 5
      vertex -54.0729 15.1468 2.01
    endloop
  endfacet
  facet normal -0.360093 -0.608752 0.706933
    outer loop
      vertex -51.7909 23.0578 5
      vertex -52.1143 23.2491 5
      vertex -53.5547 20.6289 2.01
    endloop
  endfacet
  facet normal 0.704145 0.0664607 0.706939
    outer loop
      vertex -60.9428 17.2493 5
      vertex -57.9763 17.624 2.01
      vertex -60.9781 17.6233 5
    endloop
  endfacet
  facet normal 0.397619 0.584944 0.706922
    outer loop
      vertex -58.2101 12.9428 5
      vertex -56.7634 15.5729 2.01
      vertex -58.5208 13.154 5
    endloop
  endfacet
  facet normal 0.154544 0.690195 0.706928
    outer loop
      vertex -56.123 12.1162 5
      vertex -55.5621 15.0531 2.01
      vertex -55.7461 15.0943 2.01
    endloop
  endfacet
  facet normal 0.116264 0.697585 0.707006
    outer loop
      vertex -55.5621 15.0531 2.01
      vertex -56.123 12.1162 5
      vertex -56.1224 12.1161 5
    endloop
  endfacet
  facet normal -0.281015 -0.64906 0.706932
    outer loop
      vertex -52.7949 23.5694 5
      vertex -53.7227 20.7145 2.01
      vertex -52.4496 23.4199 5
    endloop
  endfacet
  facet normal -0.280827 -0.649131 0.706941
    outer loop
      vertex -53.7227 20.7145 2.01
      vertex -52.7949 23.5694 5
      vertex -53.8956 20.7893 2.01
    endloop
  endfacet
  facet normal 0.110368 0.698625 0.706924
    outer loop
      vertex -55.5621 15.0531 2.01
      vertex -56.1218 12.116 5
      vertex -55.376 15.0237 2.01
    endloop
  endfacet
  facet normal 0.116264 0.697585 0.707006
    outer loop
      vertex -56.1218 12.116 5
      vertex -55.5621 15.0531 2.01
      vertex -56.1224 12.1161 5
    endloop
  endfacet
  facet normal 0.19734 0.679202 0.706924
    outer loop
      vertex -56.4903 12.1984 5
      vertex -55.9271 15.1468 2.01
      vertex -56.851 12.3032 5
    endloop
  endfacet
  facet normal 0.239472 -0.665515 0.706925
    outer loop
      vertex -55.9271 20.8532 2.01
      vertex -56.851 23.6968 5
      vertex -57.2045 23.5696 5
    endloop
  endfacet
  facet normal 0.441971 -0.552464 0.706714
    outer loop
      vertex -58.5213 22.8456 5
      vertex -56.7634 20.4271 2.01
      vertex -58.5208 22.846 5
    endloop
  endfacet
  facet normal 0.433746 -0.558691 0.706915
    outer loop
      vertex -56.7634 20.4271 2.01
      vertex -58.5213 22.8456 5
      vertex -56.9123 20.3115 2.01
    endloop
  endfacet
  facet normal -0.467794 0.53048 0.706937
    outer loop
      vertex -51.1818 13.3846 5
      vertex -50.9 13.6331 5
      vertex -53.0877 15.6885 2.01
    endloop
  endfacet
  facet normal -0.321041 0.63022 0.706933
    outer loop
      vertex -52.449 12.5804 5
      vertex -52.1143 12.7509 5
      vertex -53.5547 15.3711 2.01
    endloop
  endfacet
  facet normal 0.630194 -0.321099 0.70693
    outer loop
      vertex -60.4196 20.551 5
      vertex -57.7145 19.2773 2.01
      vertex -57.6289 19.4453 2.01
    endloop
  endfacet
  facet normal 0.632547 -0.316274 0.707004
    outer loop
      vertex -57.7145 19.2773 2.01
      vertex -60.4196 20.551 5
      vertex -60.4199 20.5504 5
    endloop
  endfacet
  facet normal -0.433379 0.558949 0.706936
    outer loop
      vertex -51.4787 13.1544 5
      vertex -51.1818 13.3846 5
      vertex -53.0877 15.6885 2.01
    endloop
  endfacet
  facet normal -0.397423 0.585064 0.706933
    outer loop
      vertex -53.3925 15.467 2.01
      vertex -51.7899 12.9428 5
      vertex -53.2366 15.5729 2.01
    endloop
  endfacet
  facet normal -0.363863 0.606439 0.70699
    outer loop
      vertex -51.7899 12.9428 5
      vertex -53.3925 15.467 2.01
      vertex -51.7904 12.9425 5
    endloop
  endfacet
  facet normal 0.53048 0.467794 0.706937
    outer loop
      vertex -59.3669 13.9 5
      vertex -57.3115 16.0877 2.01
      vertex -59.6154 14.1818 5
    endloop
  endfacet
  facet normal -0.433746 0.558691 0.706915
    outer loop
      vertex -53.2366 15.5729 2.01
      vertex -51.4787 13.1544 5
      vertex -53.0877 15.6885 2.01
    endloop
  endfacet
  facet normal -0.441971 0.552464 0.706714
    outer loop
      vertex -51.4787 13.1544 5
      vertex -53.2366 15.5729 2.01
      vertex -51.4792 13.154 5
    endloop
  endfacet
  facet normal 0.690269 -0.154185 0.706934
    outer loop
      vertex -60.8838 19.123 5
      vertex -57.9469 18.5621 2.01
      vertex -57.9058 18.7461 2.01
    endloop
  endfacet
  facet normal 0.697585 -0.116264 0.707006
    outer loop
      vertex -57.9469 18.5621 2.01
      vertex -60.8838 19.123 5
      vertex -60.8839 19.1224 5
    endloop
  endfacet
  facet normal -0.706938 0.0221387 0.706929
    outer loop
      vertex -52.0059 17.8116 2.01
      vertex -49.0218 17.6245 5
      vertex -52 18 2.01
    endloop
  endfacet
  facet normal -0.707805 0 0.706408
    outer loop
      vertex -49.0218 17.6245 5
      vertex -52.0059 17.8116 2.01
      vertex -49.0218 17.6239 5
    endloop
  endfacet
  facet normal -0.53048 -0.467794 0.706937
    outer loop
      vertex -50.3846 21.8182 5
      vertex -50.6331 22.1 5
      vertex -52.6885 19.9123 2.01
    endloop
  endfacet
  facet normal 0.500124 -0.500124 0.706931
    outer loop
      vertex -59.1004 22.3665 5
      vertex -57.1869 20.0536 2.01
      vertex -57.0536 20.1869 2.01
    endloop
  endfacet
  facet normal 0.500124 -0.500124 0.706931
    outer loop
      vertex -57.1869 20.0536 2.01
      vertex -59.1004 22.3665 5
      vertex -59.3665 22.1004 5
    endloop
  endfacet
  facet normal 0.698559 0.110685 0.70694
    outer loop
      vertex -60.884 16.8782 5
      vertex -57.9763 17.624 2.01
      vertex -60.9428 17.2493 5
    endloop
  endfacet
  facet normal -0.698625 0.110368 0.706924
    outer loop
      vertex -52.0531 17.4379 2.01
      vertex -49.116 16.8782 5
      vertex -52.0237 17.624 2.01
    endloop
  endfacet
  facet normal -0.697585 0.116264 0.707006
    outer loop
      vertex -49.116 16.8782 5
      vertex -52.0531 17.4379 2.01
      vertex -49.1161 16.8776 5
    endloop
  endfacet
  facet normal 0.116552 -0.699313 0.70525
    outer loop
      vertex -55.3767 23.9781 5
      vertex -55.1884 20.9941 2.01
      vertex -55.3761 23.9782 5
    endloop
  endfacet
  facet normal 0.0668096 -0.704128 0.706923
    outer loop
      vertex -55.1884 20.9941 2.01
      vertex -55.3767 23.9781 5
      vertex -55.376 20.9763 2.01
    endloop
  endfacet
  facet normal -0.0664607 -0.704145 0.706939
    outer loop
      vertex -54.2493 23.9428 5
      vertex -54.6233 23.9781 5
      vertex -54.624 20.9763 2.01
    endloop
  endfacet
  facet normal 0.467788 0.530485 0.706937
    outer loop
      vertex -57.0536 15.8131 2.01
      vertex -59.1 13.6331 5
      vertex -56.9123 15.6885 2.01
    endloop
  endfacet
  facet normal 0.500124 0.500124 0.706931
    outer loop
      vertex -59.1 13.6331 5
      vertex -57.0536 15.8131 2.01
      vertex -59.1004 13.6335 5
    endloop
  endfacet
  facet normal -0.500124 0.500124 0.706931
    outer loop
      vertex -52.9464 15.8131 2.01
      vertex -50.9 13.6331 5
      vertex -50.8996 13.6335 5
    endloop
  endfacet
  facet normal -0.467788 0.530485 0.706937
    outer loop
      vertex -50.9 13.6331 5
      vertex -52.9464 15.8131 2.01
      vertex -53.0877 15.6885 2.01
    endloop
  endfacet
  facet normal 0.19734 -0.679202 0.706924
    outer loop
      vertex -55.9271 20.8532 2.01
      vertex -56.4903 23.8016 5
      vertex -56.851 23.6968 5
    endloop
  endfacet
  facet normal 0.0668096 0.704128 0.706923
    outer loop
      vertex -55.3767 12.0219 5
      vertex -55.1884 15.0059 2.01
      vertex -55.376 15.0237 2.01
    endloop
  endfacet
  facet normal 0.116552 0.699313 0.70525
    outer loop
      vertex -55.1884 15.0059 2.01
      vertex -55.3767 12.0219 5
      vertex -55.3761 12.0218 5
    endloop
  endfacet
  facet normal 0.0222152 0.706932 0.706932
    outer loop
      vertex -55 12.01 5
      vertex -55 15 2.01
      vertex -55.3755 12.0218 5
    endloop
  endfacet
  facet normal -0.321099 0.630194 0.70693
    outer loop
      vertex -53.7227 15.2855 2.01
      vertex -52.449 12.5804 5
      vertex -53.5547 15.3711 2.01
    endloop
  endfacet
  facet normal -0.316274 0.632547 0.707004
    outer loop
      vertex -52.449 12.5804 5
      vertex -53.7227 15.2855 2.01
      vertex -52.4496 12.5801 5
    endloop
  endfacet
  facet normal -0.606439 -0.363863 0.70699
    outer loop
      vertex -49.9428 21.2101 5
      vertex -52.467 19.6075 2.01
      vertex -49.9425 21.2096 5
    endloop
  endfacet
  facet normal -0.585064 -0.397423 0.706933
    outer loop
      vertex -52.467 19.6075 2.01
      vertex -49.9428 21.2101 5
      vertex -52.5729 19.7634 2.01
    endloop
  endfacet
  facet normal 0.360093 0.608752 0.706933
    outer loop
      vertex -57.8857 12.7509 5
      vertex -56.4453 15.3711 2.01
      vertex -58.2091 12.9422 5
    endloop
  endfacet
  facet normal 0.321041 -0.63022 0.706933
    outer loop
      vertex -56.4453 20.6289 2.01
      vertex -57.551 23.4196 5
      vertex -57.8857 23.2491 5
    endloop
  endfacet
  facet normal -0.649054 -0.281012 0.706938
    outer loop
      vertex -49.5801 20.5504 5
      vertex -52.2107 19.1044 2.01
      vertex -49.4306 20.2051 5
    endloop
  endfacet
  facet normal -0.649142 -0.280832 0.706929
    outer loop
      vertex -52.2107 19.1044 2.01
      vertex -49.5801 20.5504 5
      vertex -52.2855 19.2773 2.01
    endloop
  endfacet
  facet normal -0.116264 0.697585 0.707006
    outer loop
      vertex -54.4379 15.0531 2.01
      vertex -53.8782 12.116 5
      vertex -53.8776 12.1161 5
    endloop
  endfacet
  facet normal -0.110368 0.698625 0.706924
    outer loop
      vertex -53.8782 12.116 5
      vertex -54.4379 15.0531 2.01
      vertex -54.624 15.0237 2.01
    endloop
  endfacet
  facet normal 0.0664607 -0.704145 0.706939
    outer loop
      vertex -55.376 20.9763 2.01
      vertex -55.3767 23.9781 5
      vertex -55.7507 23.9428 5
    endloop
  endfacet
  facet normal -0.281015 0.64906 0.706932
    outer loop
      vertex -53.7227 15.2855 2.01
      vertex -52.7949 12.4306 5
      vertex -52.4496 12.5801 5
    endloop
  endfacet
  facet normal -0.280827 0.649131 0.706941
    outer loop
      vertex -52.7949 12.4306 5
      vertex -53.7227 15.2855 2.01
      vertex -53.8956 15.2107 2.01
    endloop
  endfacet
  facet normal 0.239472 0.665515 0.706925
    outer loop
      vertex -56.851 12.3032 5
      vertex -55.9271 15.1468 2.01
      vertex -57.2045 12.4304 5
    endloop
  endfacet
  facet normal 0.321041 0.63022 0.706933
    outer loop
      vertex -57.551 12.5804 5
      vertex -56.4453 15.3711 2.01
      vertex -57.8857 12.7509 5
    endloop
  endfacet
  facet normal -0.0668096 0.704128 0.706923
    outer loop
      vertex -54.8116 15.0059 2.01
      vertex -54.6233 12.0219 5
      vertex -54.624 15.0237 2.01
    endloop
  endfacet
  facet normal -0.116552 0.699313 0.70525
    outer loop
      vertex -54.6233 12.0219 5
      vertex -54.8116 15.0059 2.01
      vertex -54.6239 12.0218 5
    endloop
  endfacet
  facet normal -0.632547 0.316274 0.707004
    outer loop
      vertex -52.2855 16.7227 2.01
      vertex -49.5804 15.449 5
      vertex -49.5801 15.4496 5
    endloop
  endfacet
  facet normal -0.630194 0.321099 0.70693
    outer loop
      vertex -49.5804 15.449 5
      vertex -52.2855 16.7227 2.01
      vertex -52.3711 16.5547 2.01
    endloop
  endfacet
  facet normal 0.558691 -0.433746 0.706915
    outer loop
      vertex -59.8456 21.5213 5
      vertex -57.4271 19.7634 2.01
      vertex -57.3115 19.9123 2.01
    endloop
  endfacet
  facet normal 0.552464 -0.441971 0.706714
    outer loop
      vertex -57.4271 19.7634 2.01
      vertex -59.8456 21.5213 5
      vertex -59.846 21.5208 5
    endloop
  endfacet
  facet normal -0.53048 0.467794 0.706937
    outer loop
      vertex -50.6331 13.9 5
      vertex -50.3846 14.1818 5
      vertex -52.6885 16.0877 2.01
    endloop
  endfacet
  facet normal -0.154544 0.690195 0.706928
    outer loop
      vertex -54.4379 15.0531 2.01
      vertex -53.877 12.1162 5
      vertex -54.2539 15.0943 2.01
    endloop
  endfacet
  facet normal -0.116264 0.697585 0.707006
    outer loop
      vertex -53.877 12.1162 5
      vertex -54.4379 15.0531 2.01
      vertex -53.8776 12.1161 5
    endloop
  endfacet
  facet normal -0.704145 0.0664607 0.706939
    outer loop
      vertex -49.0572 17.2493 5
      vertex -49.0219 17.6233 5
      vertex -52.0237 17.624 2.01
    endloop
  endfacet
  facet normal -0.63022 -0.321041 0.706933
    outer loop
      vertex -49.5804 20.551 5
      vertex -49.7509 20.8857 5
      vertex -52.3711 19.4453 2.01
    endloop
  endfacet
  facet normal -0.69024 0.154349 0.706926
    outer loop
      vertex -49.1982 16.5103 5
      vertex -49.1162 16.877 5
      vertex -52.0942 17.2539 2.01
    endloop
  endfacet
  facet normal 0.584944 0.397619 0.706922
    outer loop
      vertex -59.846 14.4792 5
      vertex -57.4271 16.2366 2.01
      vertex -60.0572 14.7899 5
    endloop
  endfacet
  facet normal -0.552464 0.441971 0.706714
    outer loop
      vertex -52.5729 16.2366 2.01
      vertex -50.1544 14.4787 5
      vertex -50.154 14.4792 5
    endloop
  endfacet
  facet normal -0.558691 0.433746 0.706915
    outer loop
      vertex -50.1544 14.4787 5
      vertex -52.5729 16.2366 2.01
      vertex -52.6885 16.0877 2.01
    endloop
  endfacet
  facet normal 0.116264 -0.697585 0.707006
    outer loop
      vertex -56.123 23.8838 5
      vertex -55.5621 20.9469 2.01
      vertex -56.1224 23.8839 5
    endloop
  endfacet
  facet normal 0.154185 -0.690269 0.706934
    outer loop
      vertex -55.5621 20.9469 2.01
      vertex -56.123 23.8838 5
      vertex -55.7461 20.9058 2.01
    endloop
  endfacet
  facet normal -0.0664607 0.704145 0.706939
    outer loop
      vertex -54.6233 12.0219 5
      vertex -54.2493 12.0572 5
      vertex -54.624 15.0237 2.01
    endloop
  endfacet
  facet normal 0.679193 0.197379 0.706922
    outer loop
      vertex -57.9058 17.2539 2.01
      vertex -60.8016 16.5097 5
      vertex -57.8532 17.0729 2.01
    endloop
  endfacet
  facet normal 0.671658 0.223886 0.706222
    outer loop
      vertex -60.8016 16.5097 5
      vertex -57.9058 17.2539 2.01
      vertex -60.8018 16.5103 5
    endloop
  endfacet
  facet normal -0.363863 -0.606439 0.70699
    outer loop
      vertex -53.3925 20.533 2.01
      vertex -51.7899 23.0572 5
      vertex -51.7904 23.0575 5
    endloop
  endfacet
  facet normal -0.397423 -0.585064 0.706933
    outer loop
      vertex -51.7899 23.0572 5
      vertex -53.3925 20.533 2.01
      vertex -53.2366 20.4271 2.01
    endloop
  endfacet
  facet normal -0.197028 0.679277 0.706939
    outer loop
      vertex -54.2539 15.0943 2.01
      vertex -53.5097 12.1984 5
      vertex -54.0729 15.1468 2.01
    endloop
  endfacet
  facet normal -0.223883 0.671648 0.706234
    outer loop
      vertex -53.5097 12.1984 5
      vertex -54.2539 15.0943 2.01
      vertex -53.5103 12.1982 5
    endloop
  endfacet
  facet normal 0.433379 0.558949 0.706936
    outer loop
      vertex -58.5213 13.1544 5
      vertex -56.9123 15.6885 2.01
      vertex -58.8182 13.3846 5
    endloop
  endfacet
  facet normal 0.706938 0.0221387 0.706929
    outer loop
      vertex -60.9782 17.6245 5
      vertex -57.9941 17.8116 2.01
      vertex -58 18 2.01
    endloop
  endfacet
  facet normal 0.707805 0 0.706408
    outer loop
      vertex -57.9941 17.8116 2.01
      vertex -60.9782 17.6245 5
      vertex -60.9782 17.6239 5
    endloop
  endfacet
  facet normal -0.360093 0.608752 0.706933
    outer loop
      vertex -52.1143 12.7509 5
      vertex -51.7909 12.9422 5
      vertex -53.5547 15.3711 2.01
    endloop
  endfacet
  facet normal 0.679202 0.19734 0.706924
    outer loop
      vertex -60.6968 16.149 5
      vertex -57.8532 17.0729 2.01
      vertex -60.8016 16.5097 5
    endloop
  endfacet
  facet normal -0.316274 -0.632547 0.707004
    outer loop
      vertex -53.7227 20.7145 2.01
      vertex -52.449 23.4196 5
      vertex -52.4496 23.4199 5
    endloop
  endfacet
  facet normal -0.321099 -0.630194 0.70693
    outer loop
      vertex -52.449 23.4196 5
      vertex -53.7227 20.7145 2.01
      vertex -53.5547 20.6289 2.01
    endloop
  endfacet
  facet normal 0.63022 -0.321041 0.706933
    outer loop
      vertex -57.6289 19.4453 2.01
      vertex -60.2491 20.8857 5
      vertex -60.4196 20.551 5
    endloop
  endfacet
  facet normal 0.397619 -0.584944 0.706922
    outer loop
      vertex -56.7634 20.4271 2.01
      vertex -58.2101 23.0572 5
      vertex -58.5208 22.846 5
    endloop
  endfacet
  facet normal -0.363863 -0.606439 0.70699
    outer loop
      vertex -51.7909 23.0578 5
      vertex -53.3925 20.533 2.01
      vertex -51.7904 23.0575 5
    endloop
  endfacet
  facet normal -0.35997 -0.608833 0.706926
    outer loop
      vertex -53.3925 20.533 2.01
      vertex -51.7909 23.0578 5
      vertex -53.5547 20.6289 2.01
    endloop
  endfacet
  facet normal 0.69024 0.154349 0.706926
    outer loop
      vertex -60.8018 16.5103 5
      vertex -57.9058 17.2539 2.01
      vertex -60.8838 16.877 5
    endloop
  endfacet
  facet normal 0.704128 -0.0668096 0.706923
    outer loop
      vertex -60.9781 18.3767 5
      vertex -57.9941 18.1884 2.01
      vertex -57.9763 18.376 2.01
    endloop
  endfacet
  facet normal 0.699313 -0.116552 0.70525
    outer loop
      vertex -57.9941 18.1884 2.01
      vertex -60.9781 18.3767 5
      vertex -60.9782 18.3761 5
    endloop
  endfacet
  facet normal -0.239472 -0.665515 0.706925
    outer loop
      vertex -52.7955 23.5696 5
      vertex -53.149 23.6968 5
      vertex -54.0729 20.8532 2.01
    endloop
  endfacet
  facet normal 0.467794 0.53048 0.706937
    outer loop
      vertex -58.8182 13.3846 5
      vertex -56.9123 15.6885 2.01
      vertex -59.1 13.6331 5
    endloop
  endfacet
  facet normal 0.280827 0.649131 0.706941
    outer loop
      vertex -56.2773 15.2855 2.01
      vertex -57.2051 12.4306 5
      vertex -56.1044 15.2107 2.01
    endloop
  endfacet
  facet normal 0.281015 0.64906 0.706932
    outer loop
      vertex -57.2051 12.4306 5
      vertex -56.2773 15.2855 2.01
      vertex -57.5504 12.5801 5
    endloop
  endfacet
  facet normal -0.671658 -0.223886 0.706222
    outer loop
      vertex -49.1984 19.4903 5
      vertex -52.0942 18.7461 2.01
      vertex -49.1982 19.4897 5
    endloop
  endfacet
  facet normal -0.679193 -0.197379 0.706922
    outer loop
      vertex -52.0942 18.7461 2.01
      vertex -49.1984 19.4903 5
      vertex -52.1468 18.9271 2.01
    endloop
  endfacet
  facet normal 0.0221387 0.706938 0.706929
    outer loop
      vertex -55.1884 15.0059 2.01
      vertex -55.3755 12.0218 5
      vertex -55 15 2.01
    endloop
  endfacet
  facet normal 0 0.707805 0.706408
    outer loop
      vertex -55.3755 12.0218 5
      vertex -55.1884 15.0059 2.01
      vertex -55.3761 12.0218 5
    endloop
  endfacet
  facet normal 0.697585 -0.116264 0.707006
    outer loop
      vertex -60.884 19.1218 5
      vertex -57.9469 18.5621 2.01
      vertex -60.8839 19.1224 5
    endloop
  endfacet
  facet normal 0.698625 -0.110368 0.706924
    outer loop
      vertex -57.9469 18.5621 2.01
      vertex -60.884 19.1218 5
      vertex -57.9763 18.376 2.01
    endloop
  endfacet
  facet normal 0.608752 -0.360093 0.706933
    outer loop
      vertex -57.6289 19.4453 2.01
      vertex -60.0578 21.2091 5
      vertex -60.2491 20.8857 5
    endloop
  endfacet
  facet normal 0.321099 0.630194 0.70693
    outer loop
      vertex -57.551 12.5804 5
      vertex -56.2773 15.2855 2.01
      vertex -56.4453 15.3711 2.01
    endloop
  endfacet
  facet normal 0.316274 0.632547 0.707004
    outer loop
      vertex -56.2773 15.2855 2.01
      vertex -57.551 12.5804 5
      vertex -57.5504 12.5801 5
    endloop
  endfacet
  facet normal 0.608752 0.360093 0.706933
    outer loop
      vertex -60.0578 14.7909 5
      vertex -57.6289 16.5547 2.01
      vertex -60.2491 15.1143 5
    endloop
  endfacet
  facet normal -0.699313 -0.116552 0.70525
    outer loop
      vertex -49.0219 18.3767 5
      vertex -52.0059 18.1884 2.01
      vertex -49.0218 18.3761 5
    endloop
  endfacet
  facet normal -0.704128 -0.0668096 0.706923
    outer loop
      vertex -52.0059 18.1884 2.01
      vertex -49.0219 18.3767 5
      vertex -52.0237 18.376 2.01
    endloop
  endfacet
  facet normal 0.0664607 0.704145 0.706939
    outer loop
      vertex -55.3767 12.0219 5
      vertex -55.376 15.0237 2.01
      vertex -55.7507 12.0572 5
    endloop
  endfacet
  facet normal 0.35997 -0.608833 0.706926
    outer loop
      vertex -58.2091 23.0578 5
      vertex -56.6075 20.533 2.01
      vertex -56.4453 20.6289 2.01
    endloop
  endfacet
  facet normal 0.363863 -0.606439 0.70699
    outer loop
      vertex -56.6075 20.533 2.01
      vertex -58.2091 23.0578 5
      vertex -58.2096 23.0575 5
    endloop
  endfacet
  facet normal 0.467788 -0.530485 0.706937
    outer loop
      vertex -59.1 22.3669 5
      vertex -57.0536 20.1869 2.01
      vertex -56.9123 20.3115 2.01
    endloop
  endfacet
  facet normal 0.500124 -0.500124 0.706931
    outer loop
      vertex -57.0536 20.1869 2.01
      vertex -59.1 22.3669 5
      vertex -59.1004 22.3665 5
    endloop
  endfacet
  facet normal 0.154349 -0.69024 0.706926
    outer loop
      vertex -55.7461 20.9058 2.01
      vertex -56.123 23.8838 5
      vertex -56.4897 23.8018 5
    endloop
  endfacet
  facet normal 0.363863 -0.606439 0.70699
    outer loop
      vertex -58.2101 23.0572 5
      vertex -56.6075 20.533 2.01
      vertex -58.2096 23.0575 5
    endloop
  endfacet
  facet normal 0.397423 -0.585064 0.706933
    outer loop
      vertex -56.6075 20.533 2.01
      vertex -58.2101 23.0572 5
      vertex -56.7634 20.4271 2.01
    endloop
  endfacet
  facet normal -0.154346 0.690229 0.706938
    outer loop
      vertex -53.877 12.1162 5
      vertex -53.5103 12.1982 5
      vertex -54.2539 15.0943 2.01
    endloop
  endfacet
  facet normal 0.0222152 -0.706932 0.706932
    outer loop
      vertex -55 21 2.01
      vertex -55 23.99 5
      vertex -55.3755 23.9782 5
    endloop
  endfacet
  facet normal -0.0222152 -0.706932 0.706932
    outer loop
      vertex -54.6245 23.9782 5
      vertex -55 23.99 5
      vertex -55 21 2.01
    endloop
  endfacet
  facet normal 0.698625 0.110368 0.706924
    outer loop
      vertex -60.884 16.8782 5
      vertex -57.9469 17.4379 2.01
      vertex -57.9763 17.624 2.01
    endloop
  endfacet
  facet normal 0.697585 0.116264 0.707006
    outer loop
      vertex -57.9469 17.4379 2.01
      vertex -60.884 16.8782 5
      vertex -60.8839 16.8776 5
    endloop
  endfacet
  facet normal 0.223886 -0.671658 0.706222
    outer loop
      vertex -56.4903 23.8016 5
      vertex -55.7461 20.9058 2.01
      vertex -56.4897 23.8018 5
    endloop
  endfacet
  facet normal 0.197379 -0.679193 0.706922
    outer loop
      vertex -55.7461 20.9058 2.01
      vertex -56.4903 23.8016 5
      vertex -55.9271 20.8532 2.01
    endloop
  endfacet
  facet normal 0.585064 0.397423 0.706933
    outer loop
      vertex -57.533 16.3925 2.01
      vertex -60.0572 14.7899 5
      vertex -57.4271 16.2366 2.01
    endloop
  endfacet
  facet normal 0.606439 0.363863 0.70699
    outer loop
      vertex -60.0572 14.7899 5
      vertex -57.533 16.3925 2.01
      vertex -60.0575 14.7904 5
    endloop
  endfacet
  facet normal 0.500124 -0.500124 0.706931
    outer loop
      vertex -59.3669 22.1 5
      vertex -57.1869 20.0536 2.01
      vertex -59.3665 22.1004 5
    endloop
  endfacet
  facet normal 0.530485 -0.467788 0.706937
    outer loop
      vertex -57.1869 20.0536 2.01
      vertex -59.3669 22.1 5
      vertex -57.3115 19.9123 2.01
    endloop
  endfacet
  facet normal -0.671658 0.223886 0.706222
    outer loop
      vertex -52.0942 17.2539 2.01
      vertex -49.1984 16.5097 5
      vertex -49.1982 16.5103 5
    endloop
  endfacet
  facet normal -0.679193 0.197379 0.706922
    outer loop
      vertex -49.1984 16.5097 5
      vertex -52.0942 17.2539 2.01
      vertex -52.1468 17.0729 2.01
    endloop
  endfacet
  facet normal -0.679202 0.19734 0.706924
    outer loop
      vertex -49.3032 16.149 5
      vertex -49.1984 16.5097 5
      vertex -52.1468 17.0729 2.01
    endloop
  endfacet
  facet normal 0.704128 0.0668096 0.706923
    outer loop
      vertex -57.9941 17.8116 2.01
      vertex -60.9781 17.6233 5
      vertex -57.9763 17.624 2.01
    endloop
  endfacet
  facet normal 0.699313 0.116552 0.70525
    outer loop
      vertex -60.9781 17.6233 5
      vertex -57.9941 17.8116 2.01
      vertex -60.9782 17.6239 5
    endloop
  endfacet
  facet normal -0.500124 -0.500124 0.706931
    outer loop
      vertex -50.8996 22.3665 5
      vertex -52.8131 20.0536 2.01
      vertex -50.6335 22.1004 5
    endloop
  endfacet
  facet normal -0.500124 -0.500124 0.706931
    outer loop
      vertex -52.8131 20.0536 2.01
      vertex -50.8996 22.3665 5
      vertex -52.9464 20.1869 2.01
    endloop
  endfacet
  facet normal -0.433379 -0.558949 0.706936
    outer loop
      vertex -51.1818 22.6154 5
      vertex -51.4787 22.8456 5
      vertex -53.0877 20.3115 2.01
    endloop
  endfacet
  facet normal -0.665377 0.239806 0.706942
    outer loop
      vertex -52.2107 16.8956 2.01
      vertex -49.4304 15.7955 5
      vertex -52.1468 17.0729 2.01
    endloop
  endfacet
  facet normal -0.671325 0.223775 0.706575
    outer loop
      vertex -49.4304 15.7955 5
      vertex -52.2107 16.8956 2.01
      vertex -49.4306 15.7949 5
    endloop
  endfacet
  facet normal 0.698559 -0.110685 0.70694
    outer loop
      vertex -57.9763 18.376 2.01
      vertex -60.884 19.1218 5
      vertex -60.9428 18.7507 5
    endloop
  endfacet
  facet normal 0.280827 -0.649131 0.706941
    outer loop
      vertex -57.2051 23.5694 5
      vertex -56.2773 20.7145 2.01
      vertex -56.1044 20.7893 2.01
    endloop
  endfacet
  facet normal 0.281015 -0.64906 0.706932
    outer loop
      vertex -56.2773 20.7145 2.01
      vertex -57.2051 23.5694 5
      vertex -57.5504 23.4199 5
    endloop
  endfacet
  facet normal 0.584944 -0.397619 0.706922
    outer loop
      vertex -57.4271 19.7634 2.01
      vertex -59.846 21.5208 5
      vertex -60.0572 21.2101 5
    endloop
  endfacet
  facet normal 0.239806 -0.665377 0.706942
    outer loop
      vertex -57.2045 23.5696 5
      vertex -56.1044 20.7893 2.01
      vertex -55.9271 20.8532 2.01
    endloop
  endfacet
  facet normal 0.223775 -0.671325 0.706575
    outer loop
      vertex -56.1044 20.7893 2.01
      vertex -57.2045 23.5696 5
      vertex -57.2051 23.5694 5
    endloop
  endfacet
  facet normal 0.679202 -0.19734 0.706924
    outer loop
      vertex -57.8532 18.9271 2.01
      vertex -60.6968 19.851 5
      vertex -60.8016 19.4903 5
    endloop
  endfacet
  facet normal 0.704145 -0.0664607 0.706939
    outer loop
      vertex -57.9763 18.376 2.01
      vertex -60.9428 18.7507 5
      vertex -60.9781 18.3767 5
    endloop
  endfacet
  facet normal 0.433379 -0.558949 0.706936
    outer loop
      vertex -56.9123 20.3115 2.01
      vertex -58.5213 22.8456 5
      vertex -58.8182 22.6154 5
    endloop
  endfacet
  facet normal -0.558949 -0.433379 0.706936
    outer loop
      vertex -50.1544 21.5213 5
      vertex -50.3846 21.8182 5
      vertex -52.6885 19.9123 2.01
    endloop
  endfacet
  facet normal 0.35997 0.608833 0.706926
    outer loop
      vertex -56.6075 15.467 2.01
      vertex -58.2091 12.9422 5
      vertex -56.4453 15.3711 2.01
    endloop
  endfacet
  facet normal 0.363863 0.606439 0.70699
    outer loop
      vertex -58.2091 12.9422 5
      vertex -56.6075 15.467 2.01
      vertex -58.2096 12.9425 5
    endloop
  endfacet
  facet normal -0.632547 -0.316274 0.707004
    outer loop
      vertex -49.5804 20.551 5
      vertex -52.2855 19.2773 2.01
      vertex -49.5801 20.5504 5
    endloop
  endfacet
  facet normal -0.630194 -0.321099 0.70693
    outer loop
      vertex -52.2855 19.2773 2.01
      vertex -49.5804 20.551 5
      vertex -52.3711 19.4453 2.01
    endloop
  endfacet
  facet normal 0.665377 0.239806 0.706942
    outer loop
      vertex -60.5696 15.7955 5
      vertex -57.7893 16.8956 2.01
      vertex -57.8532 17.0729 2.01
    endloop
  endfacet
  facet normal 0.671325 0.223775 0.706575
    outer loop
      vertex -57.7893 16.8956 2.01
      vertex -60.5696 15.7955 5
      vertex -60.5694 15.7949 5
    endloop
  endfacet
  facet normal -0.500124 -0.500124 0.706931
    outer loop
      vertex -50.9 22.3669 5
      vertex -52.9464 20.1869 2.01
      vertex -50.8996 22.3665 5
    endloop
  endfacet
  facet normal -0.467788 -0.530485 0.706937
    outer loop
      vertex -52.9464 20.1869 2.01
      vertex -50.9 22.3669 5
      vertex -53.0877 20.3115 2.01
    endloop
  endfacet
  facet normal 0.630194 0.321099 0.70693
    outer loop
      vertex -57.7145 16.7227 2.01
      vertex -60.4196 15.449 5
      vertex -57.6289 16.5547 2.01
    endloop
  endfacet
  facet normal 0.632547 0.316274 0.707004
    outer loop
      vertex -60.4196 15.449 5
      vertex -57.7145 16.7227 2.01
      vertex -60.4199 15.4496 5
    endloop
  endfacet
  facet normal -0.467794 -0.53048 0.706937
    outer loop
      vertex -50.9 22.3669 5
      vertex -51.1818 22.6154 5
      vertex -53.0877 20.3115 2.01
    endloop
  endfacet
  facet normal 0.665515 -0.239472 0.706925
    outer loop
      vertex -57.8532 18.9271 2.01
      vertex -60.5696 20.2045 5
      vertex -60.6968 19.851 5
    endloop
  endfacet
  facet normal 0.606439 -0.363863 0.70699
    outer loop
      vertex -60.0578 21.2091 5
      vertex -57.533 19.6075 2.01
      vertex -60.0575 21.2096 5
    endloop
  endfacet
  facet normal 0.608833 -0.35997 0.706926
    outer loop
      vertex -57.533 19.6075 2.01
      vertex -60.0578 21.2091 5
      vertex -57.6289 19.4453 2.01
    endloop
  endfacet
  facet normal 0.690269 0.154185 0.706934
    outer loop
      vertex -57.9469 17.4379 2.01
      vertex -60.8838 16.877 5
      vertex -57.9058 17.2539 2.01
    endloop
  endfacet
  facet normal 0.697585 0.116264 0.707006
    outer loop
      vertex -60.8838 16.877 5
      vertex -57.9469 17.4379 2.01
      vertex -60.8839 16.8776 5
    endloop
  endfacet
  facet normal -0.0221387 -0.706938 0.706929
    outer loop
      vertex -54.8116 20.9941 2.01
      vertex -54.6245 23.9782 5
      vertex -55 21 2.01
    endloop
  endfacet
  facet normal 0 -0.707805 0.706408
    outer loop
      vertex -54.6245 23.9782 5
      vertex -54.8116 20.9941 2.01
      vertex -54.6239 23.9782 5
    endloop
  endfacet
  facet normal 0.360093 -0.608752 0.706933
    outer loop
      vertex -56.4453 20.6289 2.01
      vertex -57.8857 23.2491 5
      vertex -58.2091 23.0578 5
    endloop
  endfacet
  facet normal -0.665515 -0.239472 0.706925
    outer loop
      vertex -49.3032 19.851 5
      vertex -49.4304 20.2045 5
      vertex -52.1468 18.9271 2.01
    endloop
  endfacet
  facet normal -0.321041 -0.63022 0.706933
    outer loop
      vertex -52.1143 23.2491 5
      vertex -52.449 23.4196 5
      vertex -53.5547 20.6289 2.01
    endloop
  endfacet
  facet normal 0.154346 0.690229 0.706938
    outer loop
      vertex -56.123 12.1162 5
      vertex -55.7461 15.0943 2.01
      vertex -56.4897 12.1982 5
    endloop
  endfacet
  facet normal 0.110368 -0.698625 0.706924
    outer loop
      vertex -56.1218 23.884 5
      vertex -55.5621 20.9469 2.01
      vertex -55.376 20.9763 2.01
    endloop
  endfacet
  facet normal 0.116264 -0.697585 0.707006
    outer loop
      vertex -55.5621 20.9469 2.01
      vertex -56.1218 23.884 5
      vertex -56.1224 23.8839 5
    endloop
  endfacet
  facet normal 0.706932 -0.0222152 0.706932
    outer loop
      vertex -58 18 2.01
      vertex -60.9782 18.3755 5
      vertex -60.99 18 5
    endloop
  endfacet
  facet normal 0.530485 0.467788 0.706937
    outer loop
      vertex -59.3669 13.9 5
      vertex -57.1869 15.9464 2.01
      vertex -57.3115 16.0877 2.01
    endloop
  endfacet
  facet normal 0.500124 0.500124 0.706931
    outer loop
      vertex -57.1869 15.9464 2.01
      vertex -59.3669 13.9 5
      vertex -59.3665 13.8996 5
    endloop
  endfacet
  facet normal 0.707805 -0 0.706408
    outer loop
      vertex -60.9782 18.3755 5
      vertex -57.9941 18.1884 2.01
      vertex -60.9782 18.3761 5
    endloop
  endfacet
  facet normal 0.706938 -0.0221387 0.706929
    outer loop
      vertex -57.9941 18.1884 2.01
      vertex -60.9782 18.3755 5
      vertex -58 18 2.01
    endloop
  endfacet
  facet normal -0.154349 -0.69024 0.706926
    outer loop
      vertex -53.5103 23.8018 5
      vertex -53.877 23.8838 5
      vertex -54.2539 20.9058 2.01
    endloop
  endfacet
  facet normal 0.197028 0.679277 0.706939
    outer loop
      vertex -56.4903 12.1984 5
      vertex -55.7461 15.0943 2.01
      vertex -55.9271 15.1468 2.01
    endloop
  endfacet
  facet normal 0.223883 0.671648 0.706234
    outer loop
      vertex -55.7461 15.0943 2.01
      vertex -56.4903 12.1984 5
      vertex -56.4897 12.1982 5
    endloop
  endfacet
  facet normal 0.671325 -0.223775 0.706575
    outer loop
      vertex -60.5696 20.2045 5
      vertex -57.7893 19.1044 2.01
      vertex -60.5694 20.2051 5
    endloop
  endfacet
  facet normal 0.665377 -0.239806 0.706942
    outer loop
      vertex -57.7893 19.1044 2.01
      vertex -60.5696 20.2045 5
      vertex -57.8532 18.9271 2.01
    endloop
  endfacet
  facet normal -0.69024 -0.154349 0.706926
    outer loop
      vertex -49.1162 19.123 5
      vertex -49.1982 19.4897 5
      vertex -52.0942 18.7461 2.01
    endloop
  endfacet
  facet normal 0.649142 0.280832 0.706929
    outer loop
      vertex -57.7893 16.8956 2.01
      vertex -60.4199 15.4496 5
      vertex -57.7145 16.7227 2.01
    endloop
  endfacet
  facet normal 0.649054 0.281012 0.706938
    outer loop
      vertex -60.4199 15.4496 5
      vertex -57.7893 16.8956 2.01
      vertex -60.5694 15.7949 5
    endloop
  endfacet
  facet normal 0.467794 -0.53048 0.706937
    outer loop
      vertex -56.9123 20.3115 2.01
      vertex -58.8182 22.6154 5
      vertex -59.1 22.3669 5
    endloop
  endfacet
  facet normal 0.558691 0.433746 0.706915
    outer loop
      vertex -57.4271 16.2366 2.01
      vertex -59.8456 14.4787 5
      vertex -57.3115 16.0877 2.01
    endloop
  endfacet
  facet normal 0.552464 0.441971 0.706714
    outer loop
      vertex -59.8456 14.4787 5
      vertex -57.4271 16.2366 2.01
      vertex -59.846 14.4792 5
    endloop
  endfacet
  facet normal 0.649142 -0.280832 0.706929
    outer loop
      vertex -60.4199 20.5504 5
      vertex -57.7893 19.1044 2.01
      vertex -57.7145 19.2773 2.01
    endloop
  endfacet
  facet normal 0.649054 -0.281012 0.706938
    outer loop
      vertex -57.7893 19.1044 2.01
      vertex -60.4199 20.5504 5
      vertex -60.5694 20.2051 5
    endloop
  endfacet
  facet normal -0.500124 -0.500124 0.706931
    outer loop
      vertex -52.8131 20.0536 2.01
      vertex -50.6331 22.1 5
      vertex -50.6335 22.1004 5
    endloop
  endfacet
  facet normal -0.530485 -0.467788 0.706937
    outer loop
      vertex -50.6331 22.1 5
      vertex -52.8131 20.0536 2.01
      vertex -52.6885 19.9123 2.01
    endloop
  endfacet
  facet normal -0.397619 -0.584944 0.706922
    outer loop
      vertex -51.4792 22.846 5
      vertex -51.7899 23.0572 5
      vertex -53.2366 20.4271 2.01
    endloop
  endfacet
  facet normal -0.671325 -0.223775 0.706575
    outer loop
      vertex -52.2107 19.1044 2.01
      vertex -49.4304 20.2045 5
      vertex -49.4306 20.2051 5
    endloop
  endfacet
  facet normal -0.665377 -0.239806 0.706942
    outer loop
      vertex -49.4304 20.2045 5
      vertex -52.2107 19.1044 2.01
      vertex -52.1468 18.9271 2.01
    endloop
  endfacet
  facet normal 0.608833 0.35997 0.706926
    outer loop
      vertex -60.0578 14.7909 5
      vertex -57.533 16.3925 2.01
      vertex -57.6289 16.5547 2.01
    endloop
  endfacet
  facet normal 0.606439 0.363863 0.70699
    outer loop
      vertex -57.533 16.3925 2.01
      vertex -60.0578 14.7909 5
      vertex -60.0575 14.7904 5
    endloop
  endfacet
  facet normal -0.698559 -0.110685 0.70694
    outer loop
      vertex -49.0572 18.7507 5
      vertex -49.116 19.1218 5
      vertex -52.0237 18.376 2.01
    endloop
  endfacet
  facet normal -0.704145 -0.0664607 0.706939
    outer loop
      vertex -49.0219 18.3767 5
      vertex -49.0572 18.7507 5
      vertex -52.0237 18.376 2.01
    endloop
  endfacet
  facet normal -0.584944 -0.397619 0.706922
    outer loop
      vertex -49.9428 21.2101 5
      vertex -50.154 21.5208 5
      vertex -52.5729 19.7634 2.01
    endloop
  endfacet
  facet normal 0.69024 -0.154349 0.706926
    outer loop
      vertex -57.9058 18.7461 2.01
      vertex -60.8018 19.4897 5
      vertex -60.8838 19.123 5
    endloop
  endfacet
  facet normal -0.223775 -0.671325 0.706575
    outer loop
      vertex -52.7955 23.5696 5
      vertex -53.8956 20.7893 2.01
      vertex -52.7949 23.5694 5
    endloop
  endfacet
  facet normal -0.239806 -0.665377 0.706942
    outer loop
      vertex -53.8956 20.7893 2.01
      vertex -52.7955 23.5696 5
      vertex -54.0729 20.8532 2.01
    endloop
  endfacet
  facet normal 0.706932 0.0222152 0.706932
    outer loop
      vertex -60.9782 17.6245 5
      vertex -58 18 2.01
      vertex -60.99 18 5
    endloop
  endfacet
  facet normal 0.110685 0.698559 0.70694
    outer loop
      vertex -55.7507 12.0572 5
      vertex -55.376 15.0237 2.01
      vertex -56.1218 12.116 5
    endloop
  endfacet
  facet normal 0.679193 -0.197379 0.706922
    outer loop
      vertex -60.8016 19.4903 5
      vertex -57.9058 18.7461 2.01
      vertex -57.8532 18.9271 2.01
    endloop
  endfacet
  facet normal 0.671658 -0.223886 0.706222
    outer loop
      vertex -57.9058 18.7461 2.01
      vertex -60.8016 19.4903 5
      vertex -60.8018 19.4897 5
    endloop
  endfacet
  facet normal -0.116264 -0.697585 0.707006
    outer loop
      vertex -53.8782 23.884 5
      vertex -54.4379 20.9469 2.01
      vertex -53.8776 23.8839 5
    endloop
  endfacet
  facet normal -0.110368 -0.698625 0.706924
    outer loop
      vertex -54.4379 20.9469 2.01
      vertex -53.8782 23.884 5
      vertex -54.624 20.9763 2.01
    endloop
  endfacet
  facet normal -0.116552 -0.699313 0.70525
    outer loop
      vertex -54.8116 20.9941 2.01
      vertex -54.6233 23.9781 5
      vertex -54.6239 23.9782 5
    endloop
  endfacet
  facet normal -0.0668096 -0.704128 0.706923
    outer loop
      vertex -54.6233 23.9781 5
      vertex -54.8116 20.9941 2.01
      vertex -54.624 20.9763 2.01
    endloop
  endfacet
  facet normal -0.110685 -0.698559 0.70694
    outer loop
      vertex -53.8782 23.884 5
      vertex -54.2493 23.9428 5
      vertex -54.624 20.9763 2.01
    endloop
  endfacet
  facet normal -0.697585 -0.116264 0.707006
    outer loop
      vertex -49.1162 19.123 5
      vertex -52.0531 18.5621 2.01
      vertex -49.1161 19.1224 5
    endloop
  endfacet
  facet normal -0.690269 -0.154185 0.706934
    outer loop
      vertex -52.0531 18.5621 2.01
      vertex -49.1162 19.123 5
      vertex -52.0942 18.7461 2.01
    endloop
  endfacet
  facet normal -0.697585 -0.116264 0.707006
    outer loop
      vertex -52.0531 18.5621 2.01
      vertex -49.116 19.1218 5
      vertex -49.1161 19.1224 5
    endloop
  endfacet
  facet normal -0.698625 -0.110368 0.706924
    outer loop
      vertex -49.116 19.1218 5
      vertex -52.0531 18.5621 2.01
      vertex -52.0237 18.376 2.01
    endloop
  endfacet
  facet normal -0.608752 -0.360093 0.706933
    outer loop
      vertex -49.7509 20.8857 5
      vertex -49.9422 21.2091 5
      vertex -52.3711 19.4453 2.01
    endloop
  endfacet
  facet normal -0.552464 -0.441971 0.706714
    outer loop
      vertex -50.1544 21.5213 5
      vertex -52.5729 19.7634 2.01
      vertex -50.154 21.5208 5
    endloop
  endfacet
  facet normal -0.558691 -0.433746 0.706915
    outer loop
      vertex -52.5729 19.7634 2.01
      vertex -50.1544 21.5213 5
      vertex -52.6885 19.9123 2.01
    endloop
  endfacet
  facet normal -0.98775 -0.156044 0
    outer loop
      vertex 57.9763 -17.624 0
      vertex 57.9469 -17.4379 2.01
      vertex 57.9469 -17.4379 0
    endloop
  endfacet
  facet normal -0.98775 -0.156044 0
    outer loop
      vertex 57.9469 -17.4379 2.01
      vertex 57.9763 -17.624 0
      vertex 57.9763 -17.624 2.01
    endloop
  endfacet
  facet normal -0.561904 -0.827203 0
    outer loop
      vertex 56.6075 -15.467 0
      vertex 56.7634 -15.5729 2.01
      vertex 56.6075 -15.467 2.01
    endloop
  endfacet
  facet normal -0.561904 -0.827203 -0
    outer loop
      vertex 56.7634 -15.5729 2.01
      vertex 56.6075 -15.467 0
      vertex 56.7634 -15.5729 0
    endloop
  endfacet
  facet normal -0.827203 0.561904 0
    outer loop
      vertex 57.4271 -19.7634 0
      vertex 57.533 -19.6075 2.01
      vertex 57.533 -19.6075 0
    endloop
  endfacet
  facet normal -0.827203 0.561904 0
    outer loop
      vertex 57.533 -19.6075 2.01
      vertex 57.4271 -19.7634 0
      vertex 57.4271 -19.7634 2.01
    endloop
  endfacet
  facet normal -0.0944585 -0.995529 0
    outer loop
      vertex 55.1884 -15.0059 0
      vertex 55.376 -15.0237 2.01
      vertex 55.1884 -15.0059 2.01
    endloop
  endfacet
  facet normal -0.0944585 -0.995529 -0
    outer loop
      vertex 55.376 -15.0237 2.01
      vertex 55.1884 -15.0059 0
      vertex 55.376 -15.0237 0
    endloop
  endfacet
  facet normal 0.917794 -0.397056 0
    outer loop
      vertex 52.2107 -16.8956 2.01
      vertex 52.2855 -16.7227 0
      vertex 52.2855 -16.7227 2.01
    endloop
  endfacet
  facet normal 0.917794 -0.397056 0
    outer loop
      vertex 52.2855 -16.7227 0
      vertex 52.2107 -16.8956 2.01
      vertex 52.2107 -16.8956 0
    endloop
  endfacet
  facet normal 0.031301 0.99951 -0
    outer loop
      vertex 55 -21 0
      vertex 54.8116 -20.9941 2.01
      vertex 55 -21 2.01
    endloop
  endfacet
  facet normal 0.031301 0.99951 0
    outer loop
      vertex 54.8116 -20.9941 2.01
      vertex 55 -21 0
      vertex 54.8116 -20.9941 0
    endloop
  endfacet
  facet normal 0.789895 0.613243 0
    outer loop
      vertex 52.6885 -19.9123 2.01
      vertex 52.5729 -19.7634 0
      vertex 52.5729 -19.7634 2.01
    endloop
  endfacet
  facet normal 0.789895 0.613243 0
    outer loop
      vertex 52.5729 -19.7634 0
      vertex 52.6885 -19.9123 2.01
      vertex 52.6885 -19.9123 0
    endloop
  endfacet
  facet normal -0.339058 -0.940766 0
    outer loop
      vertex 55.9271 -15.1468 0
      vertex 56.1044 -15.2107 2.01
      vertex 55.9271 -15.1468 2.01
    endloop
  endfacet
  facet normal -0.339058 -0.940766 -0
    outer loop
      vertex 56.1044 -15.2107 2.01
      vertex 55.9271 -15.1468 0
      vertex 56.1044 -15.2107 0
    endloop
  endfacet
  facet normal 0.661393 -0.750039 0
    outer loop
      vertex 52.9464 -15.8131 0
      vertex 53.0877 -15.6885 2.01
      vertex 52.9464 -15.8131 2.01
    endloop
  endfacet
  facet normal 0.661393 -0.750039 0
    outer loop
      vertex 53.0877 -15.6885 2.01
      vertex 52.9464 -15.8131 0
      vertex 53.0877 -15.6885 0
    endloop
  endfacet
  facet normal 0.218502 -0.975836 0
    outer loop
      vertex 54.2539 -15.0943 0
      vertex 54.4379 -15.0531 2.01
      vertex 54.2539 -15.0943 2.01
    endloop
  endfacet
  facet normal 0.218502 -0.975836 0
    outer loop
      vertex 54.4379 -15.0531 2.01
      vertex 54.2539 -15.0943 0
      vertex 54.4379 -15.0531 0
    endloop
  endfacet
  facet normal -0.891007 0.453989 0
    outer loop
      vertex 57.6289 -19.4453 0
      vertex 57.7145 -19.2773 2.01
      vertex 57.7145 -19.2773 0
    endloop
  endfacet
  facet normal -0.891007 0.453989 0
    outer loop
      vertex 57.7145 -19.2773 2.01
      vertex 57.6289 -19.4453 0
      vertex 57.6289 -19.4453 2.01
    endloop
  endfacet
  facet normal -0.940766 0.339058 0
    outer loop
      vertex 57.7893 -19.1044 0
      vertex 57.8532 -18.9271 2.01
      vertex 57.8532 -18.9271 0
    endloop
  endfacet
  facet normal -0.940766 0.339058 0
    outer loop
      vertex 57.8532 -18.9271 2.01
      vertex 57.7893 -19.1044 0
      vertex 57.7893 -19.1044 2.01
    endloop
  endfacet
  facet normal 0.508944 -0.8608 0
    outer loop
      vertex 53.3925 -15.467 0
      vertex 53.5547 -15.3711 2.01
      vertex 53.3925 -15.467 2.01
    endloop
  endfacet
  facet normal 0.508944 -0.8608 0
    outer loop
      vertex 53.5547 -15.3711 2.01
      vertex 53.3925 -15.467 0
      vertex 53.5547 -15.3711 0
    endloop
  endfacet
  facet normal 0.98775 0.156044 0
    outer loop
      vertex 52.0531 -18.5621 2.01
      vertex 52.0237 -18.376 0
      vertex 52.0237 -18.376 2.01
    endloop
  endfacet
  facet normal 0.98775 0.156044 0
    outer loop
      vertex 52.0237 -18.376 0
      vertex 52.0531 -18.5621 2.01
      vertex 52.0531 -18.5621 0
    endloop
  endfacet
  facet normal 0.0944585 0.995529 -0
    outer loop
      vertex 54.8116 -20.9941 0
      vertex 54.624 -20.9763 2.01
      vertex 54.8116 -20.9941 2.01
    endloop
  endfacet
  facet normal 0.0944585 0.995529 0
    outer loop
      vertex 54.624 -20.9763 2.01
      vertex 54.8116 -20.9941 0
      vertex 54.624 -20.9763 0
    endloop
  endfacet
  facet normal -0.99951 -0.031301 0
    outer loop
      vertex 58 -18 0
      vertex 57.9941 -17.8116 2.01
      vertex 57.9941 -17.8116 0
    endloop
  endfacet
  facet normal -0.99951 -0.031301 0
    outer loop
      vertex 57.9941 -17.8116 2.01
      vertex 58 -18 0
      vertex 58 -18 2.01
    endloop
  endfacet
  facet normal -0.707107 -0.707107 0
    outer loop
      vertex 57.1869 -15.9464 0
      vertex 57.0536 -15.8131 2.01
      vertex 57.0536 -15.8131 0
    endloop
  endfacet
  facet normal -0.707107 -0.707107 0
    outer loop
      vertex 57.0536 -15.8131 2.01
      vertex 57.1869 -15.9464 0
      vertex 57.1869 -15.9464 2.01
    endloop
  endfacet
  facet normal -0.975949 -0.217997 0
    outer loop
      vertex 57.9469 -17.4379 0
      vertex 57.9058 -17.2539 2.01
      vertex 57.9058 -17.2539 0
    endloop
  endfacet
  facet normal -0.975949 -0.217997 0
    outer loop
      vertex 57.9058 -17.2539 2.01
      vertex 57.9469 -17.4379 0
      vertex 57.9469 -17.4379 2.01
    endloop
  endfacet
  facet normal -0.995529 -0.0944585 0
    outer loop
      vertex 57.9941 -17.8116 0
      vertex 57.9763 -17.624 2.01
      vertex 57.9763 -17.624 0
    endloop
  endfacet
  facet normal -0.995529 -0.0944585 0
    outer loop
      vertex 57.9763 -17.624 2.01
      vertex 57.9941 -17.8116 0
      vertex 57.9941 -17.8116 2.01
    endloop
  endfacet
  facet normal 0.99951 0.031301 0
    outer loop
      vertex 52.0059 -18.1884 2.01
      vertex 52 -18 0
      vertex 52 -18 2.01
    endloop
  endfacet
  facet normal 0.99951 0.031301 0
    outer loop
      vertex 52 -18 0
      vertex 52.0059 -18.1884 2.01
      vertex 52.0059 -18.1884 0
    endloop
  endfacet
  facet normal 0.031301 -0.99951 0
    outer loop
      vertex 54.8116 -15.0059 0
      vertex 55 -15 2.01
      vertex 54.8116 -15.0059 2.01
    endloop
  endfacet
  facet normal 0.031301 -0.99951 0
    outer loop
      vertex 55 -15 2.01
      vertex 54.8116 -15.0059 0
      vertex 55 -15 0
    endloop
  endfacet
  facet normal 0.960273 0.279063 0
    outer loop
      vertex 52.1468 -18.9271 2.01
      vertex 52.0942 -18.7461 0
      vertex 52.0942 -18.7461 2.01
    endloop
  endfacet
  facet normal 0.960273 0.279063 0
    outer loop
      vertex 52.0942 -18.7461 0
      vertex 52.1468 -18.9271 2.01
      vertex 52.1468 -18.9271 0
    endloop
  endfacet
  facet normal -0.707107 0.707107 0
    outer loop
      vertex 57.0536 -20.1869 0
      vertex 57.1869 -20.0536 2.01
      vertex 57.1869 -20.0536 0
    endloop
  endfacet
  facet normal -0.707107 0.707107 0
    outer loop
      vertex 57.1869 -20.0536 2.01
      vertex 57.0536 -20.1869 0
      vertex 57.0536 -20.1869 2.01
    endloop
  endfacet
  facet normal -0.917794 0.397056 0
    outer loop
      vertex 57.7145 -19.2773 0
      vertex 57.7893 -19.1044 2.01
      vertex 57.7893 -19.1044 0
    endloop
  endfacet
  facet normal -0.917794 0.397056 0
    outer loop
      vertex 57.7893 -19.1044 2.01
      vertex 57.7145 -19.2773 0
      vertex 57.7145 -19.2773 2.01
    endloop
  endfacet
  facet normal 0.99951 -0.031301 0
    outer loop
      vertex 52 -18 2.01
      vertex 52.0059 -17.8116 0
      vertex 52.0059 -17.8116 2.01
    endloop
  endfacet
  facet normal 0.99951 -0.031301 0
    outer loop
      vertex 52.0059 -17.8116 0
      vertex 52 -18 2.01
      vertex 52 -18 0
    endloop
  endfacet
  facet normal -0.960273 0.279063 0
    outer loop
      vertex 57.8532 -18.9271 0
      vertex 57.9058 -18.7461 2.01
      vertex 57.9058 -18.7461 0
    endloop
  endfacet
  facet normal -0.960273 0.279063 0
    outer loop
      vertex 57.9058 -18.7461 2.01
      vertex 57.8532 -18.9271 0
      vertex 57.8532 -18.9271 2.01
    endloop
  endfacet
  facet normal -0.339058 0.940766 0
    outer loop
      vertex 56.1044 -20.7893 0
      vertex 55.9271 -20.8532 2.01
      vertex 56.1044 -20.7893 2.01
    endloop
  endfacet
  facet normal -0.339058 0.940766 0
    outer loop
      vertex 55.9271 -20.8532 2.01
      vertex 56.1044 -20.7893 0
      vertex 55.9271 -20.8532 0
    endloop
  endfacet
  facet normal 0.339058 0.940766 -0
    outer loop
      vertex 54.0729 -20.8532 0
      vertex 53.8956 -20.7893 2.01
      vertex 54.0729 -20.8532 2.01
    endloop
  endfacet
  facet normal 0.339058 0.940766 0
    outer loop
      vertex 53.8956 -20.7893 2.01
      vertex 54.0729 -20.8532 0
      vertex 53.8956 -20.7893 0
    endloop
  endfacet
  facet normal 0.217997 0.975949 -0
    outer loop
      vertex 54.4379 -20.9469 0
      vertex 54.2539 -20.9058 2.01
      vertex 54.4379 -20.9469 2.01
    endloop
  endfacet
  facet normal 0.217997 0.975949 0
    outer loop
      vertex 54.2539 -20.9058 2.01
      vertex 54.4379 -20.9469 0
      vertex 54.2539 -20.9058 0
    endloop
  endfacet
  facet normal 0.339058 -0.940766 0
    outer loop
      vertex 53.8956 -15.2107 0
      vertex 54.0729 -15.1468 2.01
      vertex 53.8956 -15.2107 2.01
    endloop
  endfacet
  facet normal 0.339058 -0.940766 0
    outer loop
      vertex 54.0729 -15.1468 2.01
      vertex 53.8956 -15.2107 0
      vertex 54.0729 -15.1468 0
    endloop
  endfacet
  facet normal 0.98775 -0.156044 0
    outer loop
      vertex 52.0237 -17.624 2.01
      vertex 52.0531 -17.4379 0
      vertex 52.0531 -17.4379 2.01
    endloop
  endfacet
  facet normal 0.98775 -0.156044 0
    outer loop
      vertex 52.0531 -17.4379 0
      vertex 52.0237 -17.624 2.01
      vertex 52.0237 -17.624 0
    endloop
  endfacet
  facet normal 0.0944585 -0.995529 0
    outer loop
      vertex 54.624 -15.0237 0
      vertex 54.8116 -15.0059 2.01
      vertex 54.624 -15.0237 2.01
    endloop
  endfacet
  facet normal 0.0944585 -0.995529 0
    outer loop
      vertex 54.8116 -15.0059 2.01
      vertex 54.624 -15.0237 0
      vertex 54.8116 -15.0059 0
    endloop
  endfacet
  facet normal 0.827203 0.561904 0
    outer loop
      vertex 52.5729 -19.7634 2.01
      vertex 52.467 -19.6075 0
      vertex 52.467 -19.6075 2.01
    endloop
  endfacet
  facet normal 0.827203 0.561904 0
    outer loop
      vertex 52.467 -19.6075 0
      vertex 52.5729 -19.7634 2.01
      vertex 52.5729 -19.7634 0
    endloop
  endfacet
  facet normal 0.995529 -0.0944585 0
    outer loop
      vertex 52.0059 -17.8116 2.01
      vertex 52.0237 -17.624 0
      vertex 52.0237 -17.624 2.01
    endloop
  endfacet
  facet normal 0.995529 -0.0944585 0
    outer loop
      vertex 52.0237 -17.624 0
      vertex 52.0059 -17.8116 2.01
      vertex 52.0059 -17.8116 0
    endloop
  endfacet
  facet normal -0.8608 0.508944 0
    outer loop
      vertex 57.533 -19.6075 0
      vertex 57.6289 -19.4453 2.01
      vertex 57.6289 -19.4453 0
    endloop
  endfacet
  facet normal -0.8608 0.508944 0
    outer loop
      vertex 57.6289 -19.4453 2.01
      vertex 57.533 -19.6075 0
      vertex 57.533 -19.6075 2.01
    endloop
  endfacet
  facet normal -0.278573 -0.960415 0
    outer loop
      vertex 55.7461 -15.0943 0
      vertex 55.9271 -15.1468 2.01
      vertex 55.7461 -15.0943 2.01
    endloop
  endfacet
  facet normal -0.278573 -0.960415 -0
    outer loop
      vertex 55.9271 -15.1468 2.01
      vertex 55.7461 -15.0943 0
      vertex 55.9271 -15.1468 0
    endloop
  endfacet
  facet normal 0.707107 0.707107 0
    outer loop
      vertex 52.9464 -20.1869 2.01
      vertex 52.8131 -20.0536 0
      vertex 52.8131 -20.0536 2.01
    endloop
  endfacet
  facet normal 0.707107 0.707107 0
    outer loop
      vertex 52.8131 -20.0536 0
      vertex 52.9464 -20.1869 2.01
      vertex 52.9464 -20.1869 0
    endloop
  endfacet
  facet normal -0.8608 -0.508944 0
    outer loop
      vertex 57.6289 -16.5547 0
      vertex 57.533 -16.3925 2.01
      vertex 57.533 -16.3925 0
    endloop
  endfacet
  facet normal -0.8608 -0.508944 0
    outer loop
      vertex 57.533 -16.3925 2.01
      vertex 57.6289 -16.5547 0
      vertex 57.6289 -16.5547 2.01
    endloop
  endfacet
  facet normal -0.561904 0.827203 0
    outer loop
      vertex 56.7634 -20.4271 0
      vertex 56.6075 -20.533 2.01
      vertex 56.7634 -20.4271 2.01
    endloop
  endfacet
  facet normal -0.561904 0.827203 0
    outer loop
      vertex 56.6075 -20.533 2.01
      vertex 56.7634 -20.4271 0
      vertex 56.6075 -20.533 0
    endloop
  endfacet
  facet normal -0.960273 -0.279063 0
    outer loop
      vertex 57.9058 -17.2539 0
      vertex 57.8532 -17.0729 2.01
      vertex 57.8532 -17.0729 0
    endloop
  endfacet
  facet normal -0.960273 -0.279063 0
    outer loop
      vertex 57.8532 -17.0729 2.01
      vertex 57.9058 -17.2539 0
      vertex 57.9058 -17.2539 2.01
    endloop
  endfacet
  facet normal 0.561904 -0.827203 0
    outer loop
      vertex 53.2366 -15.5729 0
      vertex 53.3925 -15.467 2.01
      vertex 53.2366 -15.5729 2.01
    endloop
  endfacet
  facet normal 0.561904 -0.827203 0
    outer loop
      vertex 53.3925 -15.467 2.01
      vertex 53.2366 -15.5729 0
      vertex 53.3925 -15.467 0
    endloop
  endfacet
  facet normal -0.508944 -0.8608 0
    outer loop
      vertex 56.4453 -15.3711 0
      vertex 56.6075 -15.467 2.01
      vertex 56.4453 -15.3711 2.01
    endloop
  endfacet
  facet normal -0.508944 -0.8608 -0
    outer loop
      vertex 56.6075 -15.467 2.01
      vertex 56.4453 -15.3711 0
      vertex 56.6075 -15.467 0
    endloop
  endfacet
  facet normal -0.397056 -0.917794 0
    outer loop
      vertex 56.1044 -15.2107 0
      vertex 56.2773 -15.2855 2.01
      vertex 56.1044 -15.2107 2.01
    endloop
  endfacet
  facet normal -0.397056 -0.917794 -0
    outer loop
      vertex 56.2773 -15.2855 2.01
      vertex 56.1044 -15.2107 0
      vertex 56.2773 -15.2855 0
    endloop
  endfacet
  facet normal 0.891007 0.453989 0
    outer loop
      vertex 52.3711 -19.4453 2.01
      vertex 52.2855 -19.2773 0
      vertex 52.2855 -19.2773 2.01
    endloop
  endfacet
  facet normal 0.891007 0.453989 0
    outer loop
      vertex 52.2855 -19.2773 0
      vertex 52.3711 -19.4453 2.01
      vertex 52.3711 -19.4453 0
    endloop
  endfacet
  facet normal -0.891007 -0.453989 0
    outer loop
      vertex 57.7145 -16.7227 0
      vertex 57.6289 -16.5547 2.01
      vertex 57.6289 -16.5547 0
    endloop
  endfacet
  facet normal -0.891007 -0.453989 0
    outer loop
      vertex 57.6289 -16.5547 2.01
      vertex 57.7145 -16.7227 0
      vertex 57.7145 -16.7227 2.01
    endloop
  endfacet
  facet normal 0.975949 0.217997 0
    outer loop
      vertex 52.0942 -18.7461 2.01
      vertex 52.0531 -18.5621 0
      vertex 52.0531 -18.5621 2.01
    endloop
  endfacet
  facet normal 0.975949 0.217997 0
    outer loop
      vertex 52.0531 -18.5621 0
      vertex 52.0942 -18.7461 2.01
      vertex 52.0942 -18.7461 0
    endloop
  endfacet
  facet normal 0.960273 -0.279063 0
    outer loop
      vertex 52.0942 -17.2539 2.01
      vertex 52.1468 -17.0729 0
      vertex 52.1468 -17.0729 2.01
    endloop
  endfacet
  facet normal 0.960273 -0.279063 0
    outer loop
      vertex 52.1468 -17.0729 0
      vertex 52.0942 -17.2539 2.01
      vertex 52.0942 -17.2539 0
    endloop
  endfacet
  facet normal -0.98775 0.156044 0
    outer loop
      vertex 57.9469 -18.5621 0
      vertex 57.9763 -18.376 2.01
      vertex 57.9763 -18.376 0
    endloop
  endfacet
  facet normal -0.98775 0.156044 0
    outer loop
      vertex 57.9763 -18.376 2.01
      vertex 57.9469 -18.5621 0
      vertex 57.9469 -18.5621 2.01
    endloop
  endfacet
  facet normal -0.661393 -0.750039 0
    outer loop
      vertex 56.9123 -15.6885 0
      vertex 57.0536 -15.8131 2.01
      vertex 56.9123 -15.6885 2.01
    endloop
  endfacet
  facet normal -0.661393 -0.750039 -0
    outer loop
      vertex 57.0536 -15.8131 2.01
      vertex 56.9123 -15.6885 0
      vertex 57.0536 -15.8131 0
    endloop
  endfacet
  facet normal 0.750039 0.661393 0
    outer loop
      vertex 52.8131 -20.0536 2.01
      vertex 52.6885 -19.9123 0
      vertex 52.6885 -19.9123 2.01
    endloop
  endfacet
  facet normal 0.750039 0.661393 0
    outer loop
      vertex 52.6885 -19.9123 0
      vertex 52.8131 -20.0536 2.01
      vertex 52.8131 -20.0536 0
    endloop
  endfacet
  facet normal -0.789895 -0.613243 0
    outer loop
      vertex 57.4271 -16.2366 0
      vertex 57.3115 -16.0877 2.01
      vertex 57.3115 -16.0877 0
    endloop
  endfacet
  facet normal -0.789895 -0.613243 0
    outer loop
      vertex 57.3115 -16.0877 2.01
      vertex 57.4271 -16.2366 0
      vertex 57.4271 -16.2366 2.01
    endloop
  endfacet
  facet normal -0.917794 -0.397056 0
    outer loop
      vertex 57.7893 -16.8956 0
      vertex 57.7145 -16.7227 2.01
      vertex 57.7145 -16.7227 0
    endloop
  endfacet
  facet normal -0.917794 -0.397056 0
    outer loop
      vertex 57.7145 -16.7227 2.01
      vertex 57.7893 -16.8956 0
      vertex 57.7893 -16.8956 2.01
    endloop
  endfacet
  facet normal 0.8608 0.508944 0
    outer loop
      vertex 52.467 -19.6075 2.01
      vertex 52.3711 -19.4453 0
      vertex 52.3711 -19.4453 2.01
    endloop
  endfacet
  facet normal 0.8608 0.508944 0
    outer loop
      vertex 52.3711 -19.4453 0
      vertex 52.467 -19.6075 2.01
      vertex 52.467 -19.6075 0
    endloop
  endfacet
  facet normal 0.995529 0.0944585 0
    outer loop
      vertex 52.0237 -18.376 2.01
      vertex 52.0059 -18.1884 0
      vertex 52.0059 -18.1884 2.01
    endloop
  endfacet
  facet normal 0.995529 0.0944585 0
    outer loop
      vertex 52.0059 -18.1884 0
      vertex 52.0237 -18.376 2.01
      vertex 52.0237 -18.376 0
    endloop
  endfacet
  facet normal -0.940766 -0.339058 0
    outer loop
      vertex 57.8532 -17.0729 0
      vertex 57.7893 -16.8956 2.01
      vertex 57.7893 -16.8956 0
    endloop
  endfacet
  facet normal -0.940766 -0.339058 0
    outer loop
      vertex 57.7893 -16.8956 2.01
      vertex 57.8532 -17.0729 0
      vertex 57.8532 -17.0729 2.01
    endloop
  endfacet
  facet normal 0.940766 0.339058 0
    outer loop
      vertex 52.2107 -19.1044 2.01
      vertex 52.1468 -18.9271 0
      vertex 52.1468 -18.9271 2.01
    endloop
  endfacet
  facet normal 0.940766 0.339058 0
    outer loop
      vertex 52.1468 -18.9271 0
      vertex 52.2107 -19.1044 2.01
      vertex 52.2107 -19.1044 0
    endloop
  endfacet
  facet normal 0.278573 -0.960415 0
    outer loop
      vertex 54.0729 -15.1468 0
      vertex 54.2539 -15.0943 2.01
      vertex 54.0729 -15.1468 2.01
    endloop
  endfacet
  facet normal 0.278573 -0.960415 0
    outer loop
      vertex 54.2539 -15.0943 2.01
      vertex 54.0729 -15.1468 0
      vertex 54.2539 -15.0943 0
    endloop
  endfacet
  facet normal -0.031301 0.99951 0
    outer loop
      vertex 55.1884 -20.9941 0
      vertex 55 -21 2.01
      vertex 55.1884 -20.9941 2.01
    endloop
  endfacet
  facet normal -0.031301 0.99951 0
    outer loop
      vertex 55 -21 2.01
      vertex 55.1884 -20.9941 0
      vertex 55 -21 0
    endloop
  endfacet
  facet normal -0.217997 0.975949 0
    outer loop
      vertex 55.7461 -20.9058 0
      vertex 55.5621 -20.9469 2.01
      vertex 55.7461 -20.9058 2.01
    endloop
  endfacet
  facet normal -0.217997 0.975949 0
    outer loop
      vertex 55.5621 -20.9469 2.01
      vertex 55.7461 -20.9058 0
      vertex 55.5621 -20.9469 0
    endloop
  endfacet
  facet normal 0.561904 0.827203 -0
    outer loop
      vertex 53.3925 -20.533 0
      vertex 53.2366 -20.4271 2.01
      vertex 53.3925 -20.533 2.01
    endloop
  endfacet
  facet normal 0.561904 0.827203 0
    outer loop
      vertex 53.2366 -20.4271 2.01
      vertex 53.3925 -20.533 0
      vertex 53.2366 -20.4271 0
    endloop
  endfacet
  facet normal 0.827203 -0.561904 0
    outer loop
      vertex 52.467 -16.3925 2.01
      vertex 52.5729 -16.2366 0
      vertex 52.5729 -16.2366 2.01
    endloop
  endfacet
  facet normal 0.827203 -0.561904 0
    outer loop
      vertex 52.5729 -16.2366 0
      vertex 52.467 -16.3925 2.01
      vertex 52.467 -16.3925 0
    endloop
  endfacet
  facet normal -0.750039 0.661393 0
    outer loop
      vertex 57.1869 -20.0536 0
      vertex 57.3115 -19.9123 2.01
      vertex 57.3115 -19.9123 0
    endloop
  endfacet
  facet normal -0.750039 0.661393 0
    outer loop
      vertex 57.3115 -19.9123 2.01
      vertex 57.1869 -20.0536 0
      vertex 57.1869 -20.0536 2.01
    endloop
  endfacet
  facet normal -0.995529 0.0944585 0
    outer loop
      vertex 57.9763 -18.376 0
      vertex 57.9941 -18.1884 2.01
      vertex 57.9941 -18.1884 0
    endloop
  endfacet
  facet normal -0.995529 0.0944585 0
    outer loop
      vertex 57.9941 -18.1884 2.01
      vertex 57.9763 -18.376 0
      vertex 57.9763 -18.376 2.01
    endloop
  endfacet
  facet normal -0.99951 0.031301 0
    outer loop
      vertex 57.9941 -18.1884 0
      vertex 58 -18 2.01
      vertex 58 -18 0
    endloop
  endfacet
  facet normal -0.99951 0.031301 0
    outer loop
      vertex 58 -18 2.01
      vertex 57.9941 -18.1884 0
      vertex 57.9941 -18.1884 2.01
    endloop
  endfacet
  facet normal 0.707107 -0.707107 0
    outer loop
      vertex 52.8131 -15.9464 2.01
      vertex 52.9464 -15.8131 0
      vertex 52.9464 -15.8131 2.01
    endloop
  endfacet
  facet normal 0.707107 -0.707107 0
    outer loop
      vertex 52.9464 -15.8131 0
      vertex 52.8131 -15.9464 2.01
      vertex 52.8131 -15.9464 0
    endloop
  endfacet
  facet normal -0.279063 0.960273 0
    outer loop
      vertex 55.9271 -20.8532 0
      vertex 55.7461 -20.9058 2.01
      vertex 55.9271 -20.8532 2.01
    endloop
  endfacet
  facet normal -0.279063 0.960273 0
    outer loop
      vertex 55.7461 -20.9058 2.01
      vertex 55.9271 -20.8532 0
      vertex 55.7461 -20.9058 0
    endloop
  endfacet
  facet normal -0.0944585 0.995529 0
    outer loop
      vertex 55.376 -20.9763 0
      vertex 55.1884 -20.9941 2.01
      vertex 55.376 -20.9763 2.01
    endloop
  endfacet
  facet normal -0.0944585 0.995529 0
    outer loop
      vertex 55.1884 -20.9941 2.01
      vertex 55.376 -20.9763 0
      vertex 55.1884 -20.9941 0
    endloop
  endfacet
  facet normal 0.453989 0.891007 -0
    outer loop
      vertex 53.7227 -20.7145 0
      vertex 53.5547 -20.6289 2.01
      vertex 53.7227 -20.7145 2.01
    endloop
  endfacet
  facet normal 0.453989 0.891007 0
    outer loop
      vertex 53.5547 -20.6289 2.01
      vertex 53.7227 -20.7145 0
      vertex 53.5547 -20.6289 0
    endloop
  endfacet
  facet normal 0.891007 -0.453989 0
    outer loop
      vertex 52.2855 -16.7227 2.01
      vertex 52.3711 -16.5547 0
      vertex 52.3711 -16.5547 2.01
    endloop
  endfacet
  facet normal 0.891007 -0.453989 0
    outer loop
      vertex 52.3711 -16.5547 0
      vertex 52.2855 -16.7227 2.01
      vertex 52.2855 -16.7227 0
    endloop
  endfacet
  facet normal -0.453989 0.891007 0
    outer loop
      vertex 56.4453 -20.6289 0
      vertex 56.2773 -20.7145 2.01
      vertex 56.4453 -20.6289 2.01
    endloop
  endfacet
  facet normal -0.453989 0.891007 0
    outer loop
      vertex 56.2773 -20.7145 2.01
      vertex 56.4453 -20.6289 0
      vertex 56.2773 -20.7145 0
    endloop
  endfacet
  facet normal 0.156044 0.98775 -0
    outer loop
      vertex 54.624 -20.9763 0
      vertex 54.4379 -20.9469 2.01
      vertex 54.624 -20.9763 2.01
    endloop
  endfacet
  facet normal 0.156044 0.98775 0
    outer loop
      vertex 54.4379 -20.9469 2.01
      vertex 54.624 -20.9763 0
      vertex 54.4379 -20.9469 0
    endloop
  endfacet
  facet normal -0.827203 -0.561904 0
    outer loop
      vertex 57.533 -16.3925 0
      vertex 57.4271 -16.2366 2.01
      vertex 57.4271 -16.2366 0
    endloop
  endfacet
  facet normal -0.827203 -0.561904 0
    outer loop
      vertex 57.4271 -16.2366 2.01
      vertex 57.533 -16.3925 0
      vertex 57.533 -16.3925 2.01
    endloop
  endfacet
  facet normal -0.789895 0.613243 0
    outer loop
      vertex 57.3115 -19.9123 0
      vertex 57.4271 -19.7634 2.01
      vertex 57.4271 -19.7634 0
    endloop
  endfacet
  facet normal -0.789895 0.613243 0
    outer loop
      vertex 57.4271 -19.7634 2.01
      vertex 57.3115 -19.9123 0
      vertex 57.3115 -19.9123 2.01
    endloop
  endfacet
  facet normal -0.661393 0.750039 0
    outer loop
      vertex 57.0536 -20.1869 0
      vertex 56.9123 -20.3115 2.01
      vertex 57.0536 -20.1869 2.01
    endloop
  endfacet
  facet normal -0.661393 0.750039 0
    outer loop
      vertex 56.9123 -20.3115 2.01
      vertex 57.0536 -20.1869 0
      vertex 56.9123 -20.3115 0
    endloop
  endfacet
  facet normal -0.031301 -0.99951 0
    outer loop
      vertex 55 -15 0
      vertex 55.1884 -15.0059 2.01
      vertex 55 -15 2.01
    endloop
  endfacet
  facet normal -0.031301 -0.99951 -0
    outer loop
      vertex 55.1884 -15.0059 2.01
      vertex 55 -15 0
      vertex 55.1884 -15.0059 0
    endloop
  endfacet
  facet normal -0.613243 -0.789895 0
    outer loop
      vertex 56.7634 -15.5729 0
      vertex 56.9123 -15.6885 2.01
      vertex 56.7634 -15.5729 2.01
    endloop
  endfacet
  facet normal -0.613243 -0.789895 -0
    outer loop
      vertex 56.9123 -15.6885 2.01
      vertex 56.7634 -15.5729 0
      vertex 56.9123 -15.6885 0
    endloop
  endfacet
  facet normal -0.453989 -0.891007 0
    outer loop
      vertex 56.2773 -15.2855 0
      vertex 56.4453 -15.3711 2.01
      vertex 56.2773 -15.2855 2.01
    endloop
  endfacet
  facet normal -0.453989 -0.891007 -0
    outer loop
      vertex 56.4453 -15.3711 2.01
      vertex 56.2773 -15.2855 0
      vertex 56.4453 -15.3711 0
    endloop
  endfacet
  facet normal 0.156044 -0.98775 0
    outer loop
      vertex 54.4379 -15.0531 0
      vertex 54.624 -15.0237 2.01
      vertex 54.4379 -15.0531 2.01
    endloop
  endfacet
  facet normal 0.156044 -0.98775 0
    outer loop
      vertex 54.624 -15.0237 2.01
      vertex 54.4379 -15.0531 0
      vertex 54.624 -15.0237 0
    endloop
  endfacet
  facet normal 0.940766 -0.339058 0
    outer loop
      vertex 52.1468 -17.0729 2.01
      vertex 52.2107 -16.8956 0
      vertex 52.2107 -16.8956 2.01
    endloop
  endfacet
  facet normal 0.940766 -0.339058 0
    outer loop
      vertex 52.2107 -16.8956 0
      vertex 52.1468 -17.0729 2.01
      vertex 52.1468 -17.0729 0
    endloop
  endfacet
  facet normal 0.789895 -0.613243 0
    outer loop
      vertex 52.5729 -16.2366 2.01
      vertex 52.6885 -16.0877 0
      vertex 52.6885 -16.0877 2.01
    endloop
  endfacet
  facet normal 0.789895 -0.613243 0
    outer loop
      vertex 52.6885 -16.0877 0
      vertex 52.5729 -16.2366 2.01
      vertex 52.5729 -16.2366 0
    endloop
  endfacet
  facet normal -0.613243 0.789895 0
    outer loop
      vertex 56.9123 -20.3115 0
      vertex 56.7634 -20.4271 2.01
      vertex 56.9123 -20.3115 2.01
    endloop
  endfacet
  facet normal -0.613243 0.789895 0
    outer loop
      vertex 56.7634 -20.4271 2.01
      vertex 56.9123 -20.3115 0
      vertex 56.7634 -20.4271 0
    endloop
  endfacet
  facet normal 0.661393 0.750039 -0
    outer loop
      vertex 53.0877 -20.3115 0
      vertex 52.9464 -20.1869 2.01
      vertex 53.0877 -20.3115 2.01
    endloop
  endfacet
  facet normal 0.661393 0.750039 0
    outer loop
      vertex 52.9464 -20.1869 2.01
      vertex 53.0877 -20.3115 0
      vertex 52.9464 -20.1869 0
    endloop
  endfacet
  facet normal -0.508944 0.8608 0
    outer loop
      vertex 56.6075 -20.533 0
      vertex 56.4453 -20.6289 2.01
      vertex 56.6075 -20.533 2.01
    endloop
  endfacet
  facet normal -0.508944 0.8608 0
    outer loop
      vertex 56.4453 -20.6289 2.01
      vertex 56.6075 -20.533 0
      vertex 56.4453 -20.6289 0
    endloop
  endfacet
  facet normal 0.279063 0.960273 -0
    outer loop
      vertex 54.2539 -20.9058 0
      vertex 54.0729 -20.8532 2.01
      vertex 54.2539 -20.9058 2.01
    endloop
  endfacet
  facet normal 0.279063 0.960273 0
    outer loop
      vertex 54.0729 -20.8532 2.01
      vertex 54.2539 -20.9058 0
      vertex 54.0729 -20.8532 0
    endloop
  endfacet
  facet normal -0.156044 0.98775 0
    outer loop
      vertex 55.5621 -20.9469 0
      vertex 55.376 -20.9763 2.01
      vertex 55.5621 -20.9469 2.01
    endloop
  endfacet
  facet normal -0.156044 0.98775 0
    outer loop
      vertex 55.376 -20.9763 2.01
      vertex 55.5621 -20.9469 0
      vertex 55.376 -20.9763 0
    endloop
  endfacet
  facet normal 0.975949 -0.217997 0
    outer loop
      vertex 52.0531 -17.4379 2.01
      vertex 52.0942 -17.2539 0
      vertex 52.0942 -17.2539 2.01
    endloop
  endfacet
  facet normal 0.975949 -0.217997 0
    outer loop
      vertex 52.0942 -17.2539 0
      vertex 52.0531 -17.4379 2.01
      vertex 52.0531 -17.4379 0
    endloop
  endfacet
  facet normal -0.750039 -0.661393 0
    outer loop
      vertex 57.3115 -16.0877 0
      vertex 57.1869 -15.9464 2.01
      vertex 57.1869 -15.9464 0
    endloop
  endfacet
  facet normal -0.750039 -0.661393 0
    outer loop
      vertex 57.1869 -15.9464 2.01
      vertex 57.3115 -16.0877 0
      vertex 57.3115 -16.0877 2.01
    endloop
  endfacet
  facet normal -0.975949 0.217997 0
    outer loop
      vertex 57.9058 -18.7461 0
      vertex 57.9469 -18.5621 2.01
      vertex 57.9469 -18.5621 0
    endloop
  endfacet
  facet normal -0.975949 0.217997 0
    outer loop
      vertex 57.9469 -18.5621 2.01
      vertex 57.9058 -18.7461 0
      vertex 57.9058 -18.7461 2.01
    endloop
  endfacet
  facet normal 0.397056 -0.917794 0
    outer loop
      vertex 53.7227 -15.2855 0
      vertex 53.8956 -15.2107 2.01
      vertex 53.7227 -15.2855 2.01
    endloop
  endfacet
  facet normal 0.397056 -0.917794 0
    outer loop
      vertex 53.8956 -15.2107 2.01
      vertex 53.7227 -15.2855 0
      vertex 53.8956 -15.2107 0
    endloop
  endfacet
  facet normal 0.613243 0.789895 -0
    outer loop
      vertex 53.2366 -20.4271 0
      vertex 53.0877 -20.3115 2.01
      vertex 53.2366 -20.4271 2.01
    endloop
  endfacet
  facet normal 0.613243 0.789895 0
    outer loop
      vertex 53.0877 -20.3115 2.01
      vertex 53.2366 -20.4271 0
      vertex 53.0877 -20.3115 0
    endloop
  endfacet
  facet normal 0.453989 -0.891007 0
    outer loop
      vertex 53.5547 -15.3711 0
      vertex 53.7227 -15.2855 2.01
      vertex 53.5547 -15.3711 2.01
    endloop
  endfacet
  facet normal 0.453989 -0.891007 0
    outer loop
      vertex 53.7227 -15.2855 2.01
      vertex 53.5547 -15.3711 0
      vertex 53.7227 -15.2855 0
    endloop
  endfacet
  facet normal -0.156044 -0.98775 0
    outer loop
      vertex 55.376 -15.0237 0
      vertex 55.5621 -15.0531 2.01
      vertex 55.376 -15.0237 2.01
    endloop
  endfacet
  facet normal -0.156044 -0.98775 -0
    outer loop
      vertex 55.5621 -15.0531 2.01
      vertex 55.376 -15.0237 0
      vertex 55.5621 -15.0531 0
    endloop
  endfacet
  facet normal 0.613243 -0.789895 0
    outer loop
      vertex 53.0877 -15.6885 0
      vertex 53.2366 -15.5729 2.01
      vertex 53.0877 -15.6885 2.01
    endloop
  endfacet
  facet normal 0.613243 -0.789895 0
    outer loop
      vertex 53.2366 -15.5729 2.01
      vertex 53.0877 -15.6885 0
      vertex 53.2366 -15.5729 0
    endloop
  endfacet
  facet normal 0.750039 -0.661393 0
    outer loop
      vertex 52.6885 -16.0877 2.01
      vertex 52.8131 -15.9464 0
      vertex 52.8131 -15.9464 2.01
    endloop
  endfacet
  facet normal 0.750039 -0.661393 0
    outer loop
      vertex 52.8131 -15.9464 0
      vertex 52.6885 -16.0877 2.01
      vertex 52.6885 -16.0877 0
    endloop
  endfacet
  facet normal 0.8608 -0.508944 0
    outer loop
      vertex 52.3711 -16.5547 2.01
      vertex 52.467 -16.3925 0
      vertex 52.467 -16.3925 2.01
    endloop
  endfacet
  facet normal 0.8608 -0.508944 0
    outer loop
      vertex 52.467 -16.3925 0
      vertex 52.3711 -16.5547 2.01
      vertex 52.3711 -16.5547 0
    endloop
  endfacet
  facet normal -0.397056 0.917794 0
    outer loop
      vertex 56.2773 -20.7145 0
      vertex 56.1044 -20.7893 2.01
      vertex 56.2773 -20.7145 2.01
    endloop
  endfacet
  facet normal -0.397056 0.917794 0
    outer loop
      vertex 56.1044 -20.7893 2.01
      vertex 56.2773 -20.7145 0
      vertex 56.1044 -20.7893 0
    endloop
  endfacet
  facet normal 0.397056 0.917794 -0
    outer loop
      vertex 53.8956 -20.7893 0
      vertex 53.7227 -20.7145 2.01
      vertex 53.8956 -20.7893 2.01
    endloop
  endfacet
  facet normal 0.397056 0.917794 0
    outer loop
      vertex 53.7227 -20.7145 2.01
      vertex 53.8956 -20.7893 0
      vertex 53.7227 -20.7145 0
    endloop
  endfacet
  facet normal 0.508944 0.8608 -0
    outer loop
      vertex 53.5547 -20.6289 0
      vertex 53.3925 -20.533 2.01
      vertex 53.5547 -20.6289 2.01
    endloop
  endfacet
  facet normal 0.508944 0.8608 0
    outer loop
      vertex 53.3925 -20.533 2.01
      vertex 53.5547 -20.6289 0
      vertex 53.3925 -20.533 0
    endloop
  endfacet
  facet normal 0.917794 0.397056 0
    outer loop
      vertex 52.2855 -19.2773 2.01
      vertex 52.2107 -19.1044 0
      vertex 52.2107 -19.1044 2.01
    endloop
  endfacet
  facet normal 0.917794 0.397056 0
    outer loop
      vertex 52.2107 -19.1044 0
      vertex 52.2855 -19.2773 2.01
      vertex 52.2855 -19.2773 0
    endloop
  endfacet
  facet normal -0.218502 -0.975836 0
    outer loop
      vertex 55.5621 -15.0531 0
      vertex 55.7461 -15.0943 2.01
      vertex 55.5621 -15.0531 2.01
    endloop
  endfacet
  facet normal -0.218502 -0.975836 -0
    outer loop
      vertex 55.7461 -15.0943 2.01
      vertex 55.5621 -15.0531 0
      vertex 55.7461 -15.0943 0
    endloop
  endfacet
  facet normal -0.116264 -0.697585 0.707006
    outer loop
      vertex 55.5621 -15.0531 2.01
      vertex 56.123 -12.1162 5
      vertex 56.1224 -12.1161 5
    endloop
  endfacet
  facet normal -0.154544 -0.690195 0.706928
    outer loop
      vertex 56.123 -12.1162 5
      vertex 55.5621 -15.0531 2.01
      vertex 55.7461 -15.0943 2.01
    endloop
  endfacet
  facet normal 0.558691 -0.433746 0.706915
    outer loop
      vertex 50.1544 -14.4787 5
      vertex 52.5729 -16.2366 2.01
      vertex 52.6885 -16.0877 2.01
    endloop
  endfacet
  facet normal 0.552464 -0.441971 0.706714
    outer loop
      vertex 52.5729 -16.2366 2.01
      vertex 50.1544 -14.4787 5
      vertex 50.154 -14.4792 5
    endloop
  endfacet
  facet normal -0.63022 0.321041 0.706933
    outer loop
      vertex 60.2491 -20.8857 5
      vertex 60.4196 -20.551 5
      vertex 57.6289 -19.4453 2.01
    endloop
  endfacet
  facet normal -0.706932 -0.0222152 0.706932
    outer loop
      vertex 60.99 -18 5
      vertex 60.9782 -17.6245 5
      vertex 58 -18 2.01
    endloop
  endfacet
  facet normal -0.707805 0 0.706408
    outer loop
      vertex 57.9941 -17.8116 2.01
      vertex 60.9782 -17.6245 5
      vertex 60.9782 -17.6239 5
    endloop
  endfacet
  facet normal -0.706938 -0.0221387 0.706929
    outer loop
      vertex 60.9782 -17.6245 5
      vertex 57.9941 -17.8116 2.01
      vertex 58 -18 2.01
    endloop
  endfacet
  facet normal 0.0222152 0.706932 0.706932
    outer loop
      vertex 55 -23.99 5
      vertex 55 -21 2.01
      vertex 54.6245 -23.9782 5
    endloop
  endfacet
  facet normal 0.665515 -0.239472 0.706925
    outer loop
      vertex 52.1468 -17.0729 2.01
      vertex 49.4304 -15.7955 5
      vertex 49.3032 -16.149 5
    endloop
  endfacet
  facet normal 0.223883 -0.671648 0.706234
    outer loop
      vertex 53.5097 -12.1984 5
      vertex 54.2539 -15.0943 2.01
      vertex 53.5103 -12.1982 5
    endloop
  endfacet
  facet normal 0.197028 -0.679277 0.706939
    outer loop
      vertex 54.2539 -15.0943 2.01
      vertex 53.5097 -12.1984 5
      vertex 54.0729 -15.1468 2.01
    endloop
  endfacet
  facet normal -0.223775 0.671325 0.706575
    outer loop
      vertex 56.1044 -20.7893 2.01
      vertex 57.2045 -23.5696 5
      vertex 57.2051 -23.5694 5
    endloop
  endfacet
  facet normal -0.239806 0.665377 0.706942
    outer loop
      vertex 57.2045 -23.5696 5
      vertex 56.1044 -20.7893 2.01
      vertex 55.9271 -20.8532 2.01
    endloop
  endfacet
  facet normal 0.530485 0.467788 0.706937
    outer loop
      vertex 50.6331 -22.1 5
      vertex 52.8131 -20.0536 2.01
      vertex 52.6885 -19.9123 2.01
    endloop
  endfacet
  facet normal 0.500124 0.500124 0.706931
    outer loop
      vertex 52.8131 -20.0536 2.01
      vertex 50.6331 -22.1 5
      vertex 50.6335 -22.1004 5
    endloop
  endfacet
  facet normal 0.665515 0.239472 0.706925
    outer loop
      vertex 49.4304 -20.2045 5
      vertex 52.1468 -18.9271 2.01
      vertex 49.3032 -19.851 5
    endloop
  endfacet
  facet normal 0.608752 0.360093 0.706933
    outer loop
      vertex 49.9422 -21.2091 5
      vertex 52.3711 -19.4453 2.01
      vertex 49.7509 -20.8857 5
    endloop
  endfacet
  facet normal -0.679202 0.19734 0.706924
    outer loop
      vertex 60.6968 -19.851 5
      vertex 60.8016 -19.4903 5
      vertex 57.8532 -18.9271 2.01
    endloop
  endfacet
  facet normal -0.110685 0.698559 0.70694
    outer loop
      vertex 55.7507 -23.9428 5
      vertex 56.1218 -23.884 5
      vertex 55.376 -20.9763 2.01
    endloop
  endfacet
  facet normal -0.500124 0.500124 0.706931
    outer loop
      vertex 57.0536 -20.1869 2.01
      vertex 59.1 -22.3669 5
      vertex 59.1004 -22.3665 5
    endloop
  endfacet
  facet normal -0.467788 0.530485 0.706937
    outer loop
      vertex 59.1 -22.3669 5
      vertex 57.0536 -20.1869 2.01
      vertex 56.9123 -20.3115 2.01
    endloop
  endfacet
  facet normal -0.433379 0.558949 0.706936
    outer loop
      vertex 58.5213 -22.8456 5
      vertex 58.8182 -22.6154 5
      vertex 56.9123 -20.3115 2.01
    endloop
  endfacet
  facet normal -0.632547 -0.316274 0.707004
    outer loop
      vertex 60.4196 -15.449 5
      vertex 57.7145 -16.7227 2.01
      vertex 60.4199 -15.4496 5
    endloop
  endfacet
  facet normal -0.630194 -0.321099 0.70693
    outer loop
      vertex 57.7145 -16.7227 2.01
      vertex 60.4196 -15.449 5
      vertex 57.6289 -16.5547 2.01
    endloop
  endfacet
  facet normal -0.53048 0.467794 0.706937
    outer loop
      vertex 59.3669 -22.1 5
      vertex 59.6154 -21.8182 5
      vertex 57.3115 -19.9123 2.01
    endloop
  endfacet
  facet normal -0.698559 0.110685 0.70694
    outer loop
      vertex 60.884 -19.1218 5
      vertex 60.9428 -18.7507 5
      vertex 57.9763 -18.376 2.01
    endloop
  endfacet
  facet normal 0.19734 -0.679202 0.706924
    outer loop
      vertex 54.0729 -15.1468 2.01
      vertex 53.5097 -12.1984 5
      vertex 53.149 -12.3032 5
    endloop
  endfacet
  facet normal 0.116552 -0.699313 0.70525
    outer loop
      vertex 54.6233 -12.0219 5
      vertex 54.8116 -15.0059 2.01
      vertex 54.6239 -12.0218 5
    endloop
  endfacet
  facet normal 0.0668096 -0.704128 0.706923
    outer loop
      vertex 54.8116 -15.0059 2.01
      vertex 54.6233 -12.0219 5
      vertex 54.624 -15.0237 2.01
    endloop
  endfacet
  facet normal 0 0.707805 0.706408
    outer loop
      vertex 55.1884 -20.9941 2.01
      vertex 55.3755 -23.9782 5
      vertex 55.3761 -23.9782 5
    endloop
  endfacet
  facet normal -0.0221387 0.706938 0.706929
    outer loop
      vertex 55.3755 -23.9782 5
      vertex 55.1884 -20.9941 2.01
      vertex 55 -21 2.01
    endloop
  endfacet
  facet normal -0.116264 -0.697585 0.707006
    outer loop
      vertex 56.1218 -12.116 5
      vertex 55.5621 -15.0531 2.01
      vertex 56.1224 -12.1161 5
    endloop
  endfacet
  facet normal -0.110368 -0.698625 0.706924
    outer loop
      vertex 55.5621 -15.0531 2.01
      vertex 56.1218 -12.116 5
      vertex 55.376 -15.0237 2.01
    endloop
  endfacet
  facet normal -0.584944 0.397619 0.706922
    outer loop
      vertex 59.846 -21.5208 5
      vertex 60.0572 -21.2101 5
      vertex 57.4271 -19.7634 2.01
    endloop
  endfacet
  facet normal -0.0222152 0.706932 0.706932
    outer loop
      vertex 55.3755 -23.9782 5
      vertex 55 -21 2.01
      vertex 55 -23.99 5
    endloop
  endfacet
  facet normal 0.154346 -0.690229 0.706938
    outer loop
      vertex 54.2539 -15.0943 2.01
      vertex 53.877 -12.1162 5
      vertex 53.5103 -12.1982 5
    endloop
  endfacet
  facet normal 0.608752 -0.360093 0.706933
    outer loop
      vertex 52.3711 -16.5547 2.01
      vertex 49.9422 -14.7909 5
      vertex 49.7509 -15.1143 5
    endloop
  endfacet
  facet normal 0.239472 0.665515 0.706925
    outer loop
      vertex 53.149 -23.6968 5
      vertex 54.0729 -20.8532 2.01
      vertex 52.7955 -23.5696 5
    endloop
  endfacet
  facet normal -0.608833 0.35997 0.706926
    outer loop
      vertex 57.533 -19.6075 2.01
      vertex 60.0578 -21.2091 5
      vertex 57.6289 -19.4453 2.01
    endloop
  endfacet
  facet normal -0.606439 0.363863 0.70699
    outer loop
      vertex 60.0578 -21.2091 5
      vertex 57.533 -19.6075 2.01
      vertex 60.0575 -21.2096 5
    endloop
  endfacet
  facet normal 0.698559 -0.110685 0.70694
    outer loop
      vertex 52.0237 -17.624 2.01
      vertex 49.116 -16.8782 5
      vertex 49.0572 -17.2493 5
    endloop
  endfacet
  facet normal -0.699313 0.116552 0.70525
    outer loop
      vertex 57.9941 -18.1884 2.01
      vertex 60.9781 -18.3767 5
      vertex 60.9782 -18.3761 5
    endloop
  endfacet
  facet normal -0.704128 0.0668096 0.706923
    outer loop
      vertex 60.9781 -18.3767 5
      vertex 57.9941 -18.1884 2.01
      vertex 57.9763 -18.376 2.01
    endloop
  endfacet
  facet normal -0.706932 0.0222152 0.706932
    outer loop
      vertex 60.9782 -18.3755 5
      vertex 60.99 -18 5
      vertex 58 -18 2.01
    endloop
  endfacet
  facet normal -0.239472 0.665515 0.706925
    outer loop
      vertex 56.851 -23.6968 5
      vertex 57.2045 -23.5696 5
      vertex 55.9271 -20.8532 2.01
    endloop
  endfacet
  facet normal -0.552464 0.441971 0.706714
    outer loop
      vertex 57.4271 -19.7634 2.01
      vertex 59.8456 -21.5213 5
      vertex 59.846 -21.5208 5
    endloop
  endfacet
  facet normal -0.558691 0.433746 0.706915
    outer loop
      vertex 59.8456 -21.5213 5
      vertex 57.4271 -19.7634 2.01
      vertex 57.3115 -19.9123 2.01
    endloop
  endfacet
  facet normal 0.704128 0.0668096 0.706923
    outer loop
      vertex 52.0059 -18.1884 2.01
      vertex 49.0219 -18.3767 5
      vertex 52.0237 -18.376 2.01
    endloop
  endfacet
  facet normal 0.699313 0.116552 0.70525
    outer loop
      vertex 49.0219 -18.3767 5
      vertex 52.0059 -18.1884 2.01
      vertex 49.0218 -18.3761 5
    endloop
  endfacet
  facet normal -0.530485 0.467788 0.706937
    outer loop
      vertex 57.1869 -20.0536 2.01
      vertex 59.3669 -22.1 5
      vertex 57.3115 -19.9123 2.01
    endloop
  endfacet
  facet normal -0.500124 0.500124 0.706931
    outer loop
      vertex 59.3669 -22.1 5
      vertex 57.1869 -20.0536 2.01
      vertex 59.3665 -22.1004 5
    endloop
  endfacet
  facet normal -0.706938 0.0221387 0.706929
    outer loop
      vertex 57.9941 -18.1884 2.01
      vertex 60.9782 -18.3755 5
      vertex 58 -18 2.01
    endloop
  endfacet
  facet normal -0.707805 0 0.706408
    outer loop
      vertex 60.9782 -18.3755 5
      vertex 57.9941 -18.1884 2.01
      vertex 60.9782 -18.3761 5
    endloop
  endfacet
  facet normal -0.154185 0.690269 0.706934
    outer loop
      vertex 55.5621 -20.9469 2.01
      vertex 56.123 -23.8838 5
      vertex 55.7461 -20.9058 2.01
    endloop
  endfacet
  facet normal -0.116264 0.697585 0.707006
    outer loop
      vertex 56.123 -23.8838 5
      vertex 55.5621 -20.9469 2.01
      vertex 56.1224 -23.8839 5
    endloop
  endfacet
  facet normal -0.606439 -0.363863 0.70699
    outer loop
      vertex 60.0572 -14.7899 5
      vertex 57.533 -16.3925 2.01
      vertex 60.0575 -14.7904 5
    endloop
  endfacet
  facet normal -0.585064 -0.397423 0.706933
    outer loop
      vertex 57.533 -16.3925 2.01
      vertex 60.0572 -14.7899 5
      vertex 57.4271 -16.2366 2.01
    endloop
  endfacet
  facet normal -0.665377 0.239806 0.706942
    outer loop
      vertex 57.7893 -19.1044 2.01
      vertex 60.5696 -20.2045 5
      vertex 57.8532 -18.9271 2.01
    endloop
  endfacet
  facet normal -0.671325 0.223775 0.706575
    outer loop
      vertex 60.5696 -20.2045 5
      vertex 57.7893 -19.1044 2.01
      vertex 60.5694 -20.2051 5
    endloop
  endfacet
  facet normal -0.397423 0.585064 0.706933
    outer loop
      vertex 56.6075 -20.533 2.01
      vertex 58.2101 -23.0572 5
      vertex 56.7634 -20.4271 2.01
    endloop
  endfacet
  facet normal -0.363863 0.606439 0.70699
    outer loop
      vertex 58.2101 -23.0572 5
      vertex 56.6075 -20.533 2.01
      vertex 58.2096 -23.0575 5
    endloop
  endfacet
  facet normal 0.69024 0.154349 0.706926
    outer loop
      vertex 49.1982 -19.4897 5
      vertex 52.0942 -18.7461 2.01
      vertex 49.1162 -19.123 5
    endloop
  endfacet
  facet normal 0.280827 0.649131 0.706941
    outer loop
      vertex 53.7227 -20.7145 2.01
      vertex 52.7949 -23.5694 5
      vertex 53.8956 -20.7893 2.01
    endloop
  endfacet
  facet normal 0.281015 0.64906 0.706932
    outer loop
      vertex 52.7949 -23.5694 5
      vertex 53.7227 -20.7145 2.01
      vertex 52.4496 -23.4199 5
    endloop
  endfacet
  facet normal 0.500124 0.500124 0.706931
    outer loop
      vertex 52.8131 -20.0536 2.01
      vertex 50.8996 -22.3665 5
      vertex 52.9464 -20.1869 2.01
    endloop
  endfacet
  facet normal 0.500124 0.500124 0.706931
    outer loop
      vertex 50.8996 -22.3665 5
      vertex 52.8131 -20.0536 2.01
      vertex 50.6335 -22.1004 5
    endloop
  endfacet
  facet normal 0.397619 0.584944 0.706922
    outer loop
      vertex 51.7899 -23.0572 5
      vertex 53.2366 -20.4271 2.01
      vertex 51.4792 -22.846 5
    endloop
  endfacet
  facet normal -0.363863 -0.606439 0.70699
    outer loop
      vertex 56.6075 -15.467 2.01
      vertex 58.2101 -12.9428 5
      vertex 58.2096 -12.9425 5
    endloop
  endfacet
  facet normal -0.397423 -0.585064 0.706933
    outer loop
      vertex 58.2101 -12.9428 5
      vertex 56.6075 -15.467 2.01
      vertex 56.7634 -15.5729 2.01
    endloop
  endfacet
  facet normal 0.360093 -0.608752 0.706933
    outer loop
      vertex 53.5547 -15.3711 2.01
      vertex 52.1143 -12.7509 5
      vertex 51.7909 -12.9422 5
    endloop
  endfacet
  facet normal 0.706932 -0.0222152 0.706932
    outer loop
      vertex 52 -18 2.01
      vertex 49.0218 -17.6245 5
      vertex 49.01 -18 5
    endloop
  endfacet
  facet normal -0.69024 -0.154349 0.706926
    outer loop
      vertex 60.8838 -16.877 5
      vertex 60.8018 -16.5103 5
      vertex 57.9058 -17.2539 2.01
    endloop
  endfacet
  facet normal -0.397619 0.584944 0.706922
    outer loop
      vertex 58.2101 -23.0572 5
      vertex 58.5208 -22.846 5
      vertex 56.7634 -20.4271 2.01
    endloop
  endfacet
  facet normal -0.467794 0.53048 0.706937
    outer loop
      vertex 58.8182 -22.6154 5
      vertex 59.1 -22.3669 5
      vertex 56.9123 -20.3115 2.01
    endloop
  endfacet
  facet normal 0.0222152 -0.706932 0.706932
    outer loop
      vertex 55 -15 2.01
      vertex 55 -12.01 5
      vertex 54.6245 -12.0218 5
    endloop
  endfacet
  facet normal 0.239806 0.665377 0.706942
    outer loop
      vertex 53.8956 -20.7893 2.01
      vertex 52.7955 -23.5696 5
      vertex 54.0729 -20.8532 2.01
    endloop
  endfacet
  facet normal 0.223775 0.671325 0.706575
    outer loop
      vertex 52.7955 -23.5696 5
      vertex 53.8956 -20.7893 2.01
      vertex 52.7949 -23.5694 5
    endloop
  endfacet
  facet normal -0.704145 0.0664607 0.706939
    outer loop
      vertex 60.9428 -18.7507 5
      vertex 60.9781 -18.3767 5
      vertex 57.9763 -18.376 2.01
    endloop
  endfacet
  facet normal 0.19734 0.679202 0.706924
    outer loop
      vertex 53.5097 -23.8016 5
      vertex 54.0729 -20.8532 2.01
      vertex 53.149 -23.6968 5
    endloop
  endfacet
  facet normal 0.433746 0.558691 0.706915
    outer loop
      vertex 51.4787 -22.8456 5
      vertex 53.2366 -20.4271 2.01
      vertex 53.0877 -20.3115 2.01
    endloop
  endfacet
  facet normal 0.441971 0.552464 0.706714
    outer loop
      vertex 53.2366 -20.4271 2.01
      vertex 51.4787 -22.8456 5
      vertex 51.4792 -22.846 5
    endloop
  endfacet
  facet normal 0.558949 -0.433379 0.706936
    outer loop
      vertex 52.6885 -16.0877 2.01
      vertex 50.3846 -14.1818 5
      vertex 50.1544 -14.4787 5
    endloop
  endfacet
  facet normal -0.321099 0.630194 0.70693
    outer loop
      vertex 56.2773 -20.7145 2.01
      vertex 57.551 -23.4196 5
      vertex 56.4453 -20.6289 2.01
    endloop
  endfacet
  facet normal -0.316274 0.632547 0.707004
    outer loop
      vertex 57.551 -23.4196 5
      vertex 56.2773 -20.7145 2.01
      vertex 57.5504 -23.4199 5
    endloop
  endfacet
  facet normal 0.433379 -0.558949 0.706936
    outer loop
      vertex 53.0877 -15.6885 2.01
      vertex 51.4787 -13.1544 5
      vertex 51.1818 -13.3846 5
    endloop
  endfacet
  facet normal -0.0668096 0.704128 0.706923
    outer loop
      vertex 55.1884 -20.9941 2.01
      vertex 55.3767 -23.9781 5
      vertex 55.376 -20.9763 2.01
    endloop
  endfacet
  facet normal -0.116552 0.699313 0.70525
    outer loop
      vertex 55.3767 -23.9781 5
      vertex 55.1884 -20.9941 2.01
      vertex 55.3761 -23.9782 5
    endloop
  endfacet
  facet normal -0.321041 0.63022 0.706933
    outer loop
      vertex 57.551 -23.4196 5
      vertex 57.8857 -23.2491 5
      vertex 56.4453 -20.6289 2.01
    endloop
  endfacet
  facet normal 0.679202 0.19734 0.706924
    outer loop
      vertex 49.3032 -19.851 5
      vertex 52.1468 -18.9271 2.01
      vertex 49.1984 -19.4903 5
    endloop
  endfacet
  facet normal -0.360093 -0.608752 0.706933
    outer loop
      vertex 58.2091 -12.9422 5
      vertex 57.8857 -12.7509 5
      vertex 56.4453 -15.3711 2.01
    endloop
  endfacet
  facet normal -0.500124 0.500124 0.706931
    outer loop
      vertex 57.1869 -20.0536 2.01
      vertex 59.1004 -22.3665 5
      vertex 59.3665 -22.1004 5
    endloop
  endfacet
  facet normal -0.500124 0.500124 0.706931
    outer loop
      vertex 59.1004 -22.3665 5
      vertex 57.1869 -20.0536 2.01
      vertex 57.0536 -20.1869 2.01
    endloop
  endfacet
  facet normal -0.632547 0.316274 0.707004
    outer loop
      vertex 57.7145 -19.2773 2.01
      vertex 60.4196 -20.551 5
      vertex 60.4199 -20.5504 5
    endloop
  endfacet
  facet normal -0.630194 0.321099 0.70693
    outer loop
      vertex 60.4196 -20.551 5
      vertex 57.7145 -19.2773 2.01
      vertex 57.6289 -19.4453 2.01
    endloop
  endfacet
  facet normal -0.154346 -0.690229 0.706938
    outer loop
      vertex 56.4897 -12.1982 5
      vertex 56.123 -12.1162 5
      vertex 55.7461 -15.0943 2.01
    endloop
  endfacet
  facet normal -0.197379 0.679193 0.706922
    outer loop
      vertex 55.7461 -20.9058 2.01
      vertex 56.4903 -23.8016 5
      vertex 55.9271 -20.8532 2.01
    endloop
  endfacet
  facet normal -0.223886 0.671658 0.706222
    outer loop
      vertex 56.4903 -23.8016 5
      vertex 55.7461 -20.9058 2.01
      vertex 56.4897 -23.8018 5
    endloop
  endfacet
  facet normal -0.69024 0.154349 0.706926
    outer loop
      vertex 60.8018 -19.4897 5
      vertex 60.8838 -19.123 5
      vertex 57.9058 -18.7461 2.01
    endloop
  endfacet
  facet normal 0.584944 -0.397619 0.706922
    outer loop
      vertex 52.5729 -16.2366 2.01
      vertex 50.154 -14.4792 5
      vertex 49.9428 -14.7899 5
    endloop
  endfacet
  facet normal 0.671325 -0.223775 0.706575
    outer loop
      vertex 49.4304 -15.7955 5
      vertex 52.2107 -16.8956 2.01
      vertex 49.4306 -15.7949 5
    endloop
  endfacet
  facet normal 0.665377 -0.239806 0.706942
    outer loop
      vertex 52.2107 -16.8956 2.01
      vertex 49.4304 -15.7955 5
      vertex 52.1468 -17.0729 2.01
    endloop
  endfacet
  facet normal 0.321041 -0.63022 0.706933
    outer loop
      vertex 53.5547 -15.3711 2.01
      vertex 52.449 -12.5804 5
      vertex 52.1143 -12.7509 5
    endloop
  endfacet
  facet normal -0.665515 -0.239472 0.706925
    outer loop
      vertex 60.6968 -16.149 5
      vertex 60.5696 -15.7955 5
      vertex 57.8532 -17.0729 2.01
    endloop
  endfacet
  facet normal -0.363863 -0.606439 0.70699
    outer loop
      vertex 58.2091 -12.9422 5
      vertex 56.6075 -15.467 2.01
      vertex 58.2096 -12.9425 5
    endloop
  endfacet
  facet normal -0.35997 -0.608833 0.706926
    outer loop
      vertex 56.6075 -15.467 2.01
      vertex 58.2091 -12.9422 5
      vertex 56.4453 -15.3711 2.01
    endloop
  endfacet
  facet normal -0.500124 -0.500124 0.706931
    outer loop
      vertex 57.1869 -15.9464 2.01
      vertex 59.3669 -13.9 5
      vertex 59.3665 -13.8996 5
    endloop
  endfacet
  facet normal -0.530485 -0.467788 0.706937
    outer loop
      vertex 59.3669 -13.9 5
      vertex 57.1869 -15.9464 2.01
      vertex 57.3115 -16.0877 2.01
    endloop
  endfacet
  facet normal 0.321041 0.63022 0.706933
    outer loop
      vertex 52.449 -23.4196 5
      vertex 53.5547 -20.6289 2.01
      vertex 52.1143 -23.2491 5
    endloop
  endfacet
  facet normal -0.608752 0.360093 0.706933
    outer loop
      vertex 60.0578 -21.2091 5
      vertex 60.2491 -20.8857 5
      vertex 57.6289 -19.4453 2.01
    endloop
  endfacet
  facet normal 0.467794 0.53048 0.706937
    outer loop
      vertex 51.1818 -22.6154 5
      vertex 53.0877 -20.3115 2.01
      vertex 50.9 -22.3669 5
    endloop
  endfacet
  facet normal 0.704145 0.0664607 0.706939
    outer loop
      vertex 49.0572 -18.7507 5
      vertex 52.0237 -18.376 2.01
      vertex 49.0219 -18.3767 5
    endloop
  endfacet
  facet normal 0.679193 0.197379 0.706922
    outer loop
      vertex 52.0942 -18.7461 2.01
      vertex 49.1984 -19.4903 5
      vertex 52.1468 -18.9271 2.01
    endloop
  endfacet
  facet normal 0.671658 0.223886 0.706222
    outer loop
      vertex 49.1984 -19.4903 5
      vertex 52.0942 -18.7461 2.01
      vertex 49.1982 -19.4897 5
    endloop
  endfacet
  facet normal 0.433379 0.558949 0.706936
    outer loop
      vertex 51.4787 -22.8456 5
      vertex 53.0877 -20.3115 2.01
      vertex 51.1818 -22.6154 5
    endloop
  endfacet
  facet normal -0.606439 0.363863 0.70699
    outer loop
      vertex 57.533 -19.6075 2.01
      vertex 60.0572 -21.2101 5
      vertex 60.0575 -21.2096 5
    endloop
  endfacet
  facet normal -0.585064 0.397423 0.706933
    outer loop
      vertex 60.0572 -21.2101 5
      vertex 57.533 -19.6075 2.01
      vertex 57.4271 -19.7634 2.01
    endloop
  endfacet
  facet normal -0.281015 -0.64906 0.706932
    outer loop
      vertex 57.2051 -12.4306 5
      vertex 56.2773 -15.2855 2.01
      vertex 57.5504 -12.5801 5
    endloop
  endfacet
  facet normal -0.280827 -0.649131 0.706941
    outer loop
      vertex 56.2773 -15.2855 2.01
      vertex 57.2051 -12.4306 5
      vertex 56.1044 -15.2107 2.01
    endloop
  endfacet
  facet normal -0.558949 0.433379 0.706936
    outer loop
      vertex 59.6154 -21.8182 5
      vertex 59.8456 -21.5213 5
      vertex 57.3115 -19.9123 2.01
    endloop
  endfacet
  facet normal 0.53048 -0.467794 0.706937
    outer loop
      vertex 52.6885 -16.0877 2.01
      vertex 50.6331 -13.9 5
      vertex 50.3846 -14.1818 5
    endloop
  endfacet
  facet normal -0.433746 0.558691 0.706915
    outer loop
      vertex 56.7634 -20.4271 2.01
      vertex 58.5213 -22.8456 5
      vertex 56.9123 -20.3115 2.01
    endloop
  endfacet
  facet normal -0.441971 0.552464 0.706714
    outer loop
      vertex 58.5213 -22.8456 5
      vertex 56.7634 -20.4271 2.01
      vertex 58.5208 -22.846 5
    endloop
  endfacet
  facet normal -0.584944 -0.397619 0.706922
    outer loop
      vertex 60.0572 -14.7899 5
      vertex 59.846 -14.4792 5
      vertex 57.4271 -16.2366 2.01
    endloop
  endfacet
  facet normal -0.19734 0.679202 0.706924
    outer loop
      vertex 56.4903 -23.8016 5
      vertex 56.851 -23.6968 5
      vertex 55.9271 -20.8532 2.01
    endloop
  endfacet
  facet normal -0.281015 0.64906 0.706932
    outer loop
      vertex 56.2773 -20.7145 2.01
      vertex 57.2051 -23.5694 5
      vertex 57.5504 -23.4199 5
    endloop
  endfacet
  facet normal -0.280827 0.649131 0.706941
    outer loop
      vertex 57.2051 -23.5694 5
      vertex 56.2773 -20.7145 2.01
      vertex 56.1044 -20.7893 2.01
    endloop
  endfacet
  facet normal -0.116264 0.697585 0.707006
    outer loop
      vertex 55.5621 -20.9469 2.01
      vertex 56.1218 -23.884 5
      vertex 56.1224 -23.8839 5
    endloop
  endfacet
  facet normal -0.110368 0.698625 0.706924
    outer loop
      vertex 56.1218 -23.884 5
      vertex 55.5621 -20.9469 2.01
      vertex 55.376 -20.9763 2.01
    endloop
  endfacet
  facet normal -0.0664607 0.704145 0.706939
    outer loop
      vertex 55.3767 -23.9781 5
      vertex 55.7507 -23.9428 5
      vertex 55.376 -20.9763 2.01
    endloop
  endfacet
  facet normal 0.110368 0.698625 0.706924
    outer loop
      vertex 54.4379 -20.9469 2.01
      vertex 53.8782 -23.884 5
      vertex 54.624 -20.9763 2.01
    endloop
  endfacet
  facet normal 0.116264 0.697585 0.707006
    outer loop
      vertex 53.8782 -23.884 5
      vertex 54.4379 -20.9469 2.01
      vertex 53.8776 -23.8839 5
    endloop
  endfacet
  facet normal 0.360093 0.608752 0.706933
    outer loop
      vertex 52.1143 -23.2491 5
      vertex 53.5547 -20.6289 2.01
      vertex 51.7909 -23.0578 5
    endloop
  endfacet
  facet normal -0.360093 0.608752 0.706933
    outer loop
      vertex 57.8857 -23.2491 5
      vertex 58.2091 -23.0578 5
      vertex 56.4453 -20.6289 2.01
    endloop
  endfacet
  facet normal -0.363863 0.606439 0.70699
    outer loop
      vertex 56.6075 -20.533 2.01
      vertex 58.2091 -23.0578 5
      vertex 58.2096 -23.0575 5
    endloop
  endfacet
  facet normal -0.35997 0.608833 0.706926
    outer loop
      vertex 58.2091 -23.0578 5
      vertex 56.6075 -20.533 2.01
      vertex 56.4453 -20.6289 2.01
    endloop
  endfacet
  facet normal 0.53048 0.467794 0.706937
    outer loop
      vertex 50.6331 -22.1 5
      vertex 52.6885 -19.9123 2.01
      vertex 50.3846 -21.8182 5
    endloop
  endfacet
  facet normal -0.671658 -0.223886 0.706222
    outer loop
      vertex 60.8016 -16.5097 5
      vertex 57.9058 -17.2539 2.01
      vertex 60.8018 -16.5103 5
    endloop
  endfacet
  facet normal -0.679193 -0.197379 0.706922
    outer loop
      vertex 57.9058 -17.2539 2.01
      vertex 60.8016 -16.5097 5
      vertex 57.8532 -17.0729 2.01
    endloop
  endfacet
  facet normal -0.697585 0.116264 0.707006
    outer loop
      vertex 57.9469 -18.5621 2.01
      vertex 60.8838 -19.123 5
      vertex 60.8839 -19.1224 5
    endloop
  endfacet
  facet normal -0.690269 0.154185 0.706934
    outer loop
      vertex 60.8838 -19.123 5
      vertex 57.9469 -18.5621 2.01
      vertex 57.9058 -18.7461 2.01
    endloop
  endfacet
  facet normal -0.671658 0.223886 0.706222
    outer loop
      vertex 57.9058 -18.7461 2.01
      vertex 60.8016 -19.4903 5
      vertex 60.8018 -19.4897 5
    endloop
  endfacet
  facet normal -0.679193 0.197379 0.706922
    outer loop
      vertex 60.8016 -19.4903 5
      vertex 57.9058 -18.7461 2.01
      vertex 57.8532 -18.9271 2.01
    endloop
  endfacet
  facet normal 0.585064 -0.397423 0.706933
    outer loop
      vertex 49.9428 -14.7899 5
      vertex 52.467 -16.3925 2.01
      vertex 52.5729 -16.2366 2.01
    endloop
  endfacet
  facet normal 0.606439 -0.363863 0.70699
    outer loop
      vertex 52.467 -16.3925 2.01
      vertex 49.9428 -14.7899 5
      vertex 49.9425 -14.7904 5
    endloop
  endfacet
  facet normal -0.223883 -0.671648 0.706234
    outer loop
      vertex 55.7461 -15.0943 2.01
      vertex 56.4903 -12.1984 5
      vertex 56.4897 -12.1982 5
    endloop
  endfacet
  facet normal -0.197028 -0.679277 0.706939
    outer loop
      vertex 56.4903 -12.1984 5
      vertex 55.7461 -15.0943 2.01
      vertex 55.9271 -15.1468 2.01
    endloop
  endfacet
  facet normal -0.154349 0.69024 0.706926
    outer loop
      vertex 56.123 -23.8838 5
      vertex 56.4897 -23.8018 5
      vertex 55.7461 -20.9058 2.01
    endloop
  endfacet
  facet normal -0.316274 -0.632547 0.707004
    outer loop
      vertex 56.2773 -15.2855 2.01
      vertex 57.551 -12.5804 5
      vertex 57.5504 -12.5801 5
    endloop
  endfacet
  facet normal -0.321099 -0.630194 0.70693
    outer loop
      vertex 57.551 -12.5804 5
      vertex 56.2773 -15.2855 2.01
      vertex 56.4453 -15.3711 2.01
    endloop
  endfacet
  facet normal -0.0664607 -0.704145 0.706939
    outer loop
      vertex 55.7507 -12.0572 5
      vertex 55.3767 -12.0219 5
      vertex 55.376 -15.0237 2.01
    endloop
  endfacet
  facet normal 0.704145 -0.0664607 0.706939
    outer loop
      vertex 52.0237 -17.624 2.01
      vertex 49.0572 -17.2493 5
      vertex 49.0219 -17.6233 5
    endloop
  endfacet
  facet normal -0.665515 0.239472 0.706925
    outer loop
      vertex 60.5696 -20.2045 5
      vertex 60.6968 -19.851 5
      vertex 57.8532 -18.9271 2.01
    endloop
  endfacet
  facet normal 0.239472 -0.665515 0.706925
    outer loop
      vertex 54.0729 -15.1468 2.01
      vertex 53.149 -12.3032 5
      vertex 52.7955 -12.4304 5
    endloop
  endfacet
  facet normal -0.679202 -0.19734 0.706924
    outer loop
      vertex 60.8016 -16.5097 5
      vertex 60.6968 -16.149 5
      vertex 57.8532 -17.0729 2.01
    endloop
  endfacet
  facet normal 0.63022 -0.321041 0.706933
    outer loop
      vertex 52.3711 -16.5547 2.01
      vertex 49.7509 -15.1143 5
      vertex 49.5804 -15.449 5
    endloop
  endfacet
  facet normal 0.500124 -0.500124 0.706931
    outer loop
      vertex 50.8996 -13.6335 5
      vertex 52.8131 -15.9464 2.01
      vertex 52.9464 -15.8131 2.01
    endloop
  endfacet
  facet normal 0.500124 -0.500124 0.706931
    outer loop
      vertex 52.8131 -15.9464 2.01
      vertex 50.8996 -13.6335 5
      vertex 50.6335 -13.8996 5
    endloop
  endfacet
  facet normal 0.698559 0.110685 0.70694
    outer loop
      vertex 49.116 -19.1218 5
      vertex 52.0237 -18.376 2.01
      vertex 49.0572 -18.7507 5
    endloop
  endfacet
  facet normal 0.110685 -0.698559 0.70694
    outer loop
      vertex 54.624 -15.0237 2.01
      vertex 54.2493 -12.0572 5
      vertex 53.8782 -12.116 5
    endloop
  endfacet
  facet normal 0.630194 -0.321099 0.70693
    outer loop
      vertex 49.5804 -15.449 5
      vertex 52.2855 -16.7227 2.01
      vertex 52.3711 -16.5547 2.01
    endloop
  endfacet
  facet normal 0.632547 -0.316274 0.707004
    outer loop
      vertex 52.2855 -16.7227 2.01
      vertex 49.5804 -15.449 5
      vertex 49.5801 -15.4496 5
    endloop
  endfacet
  facet normal -0.671325 -0.223775 0.706575
    outer loop
      vertex 57.7893 -16.8956 2.01
      vertex 60.5696 -15.7955 5
      vertex 60.5694 -15.7949 5
    endloop
  endfacet
  facet normal -0.665377 -0.239806 0.706942
    outer loop
      vertex 60.5696 -15.7955 5
      vertex 57.7893 -16.8956 2.01
      vertex 57.8532 -17.0729 2.01
    endloop
  endfacet
  facet normal 0.397619 -0.584944 0.706922
    outer loop
      vertex 53.2366 -15.5729 2.01
      vertex 51.7899 -12.9428 5
      vertex 51.4792 -13.154 5
    endloop
  endfacet
  facet normal -0.649054 -0.281012 0.706938
    outer loop
      vertex 60.4199 -15.4496 5
      vertex 57.7893 -16.8956 2.01
      vertex 60.5694 -15.7949 5
    endloop
  endfacet
  facet normal -0.649142 -0.280832 0.706929
    outer loop
      vertex 57.7893 -16.8956 2.01
      vertex 60.4199 -15.4496 5
      vertex 57.7145 -16.7227 2.01
    endloop
  endfacet
  facet normal 0.316274 -0.632547 0.707004
    outer loop
      vertex 52.449 -12.5804 5
      vertex 53.7227 -15.2855 2.01
      vertex 52.4496 -12.5801 5
    endloop
  endfacet
  facet normal 0.321099 -0.630194 0.70693
    outer loop
      vertex 53.7227 -15.2855 2.01
      vertex 52.449 -12.5804 5
      vertex 53.5547 -15.3711 2.01
    endloop
  endfacet
  facet normal 0.706932 0.0222152 0.706932
    outer loop
      vertex 49.0218 -18.3755 5
      vertex 52 -18 2.01
      vertex 49.01 -18 5
    endloop
  endfacet
  facet normal -0.698625 0.110368 0.706924
    outer loop
      vertex 57.9469 -18.5621 2.01
      vertex 60.884 -19.1218 5
      vertex 57.9763 -18.376 2.01
    endloop
  endfacet
  facet normal -0.697585 0.116264 0.707006
    outer loop
      vertex 60.884 -19.1218 5
      vertex 57.9469 -18.5621 2.01
      vertex 60.8839 -19.1224 5
    endloop
  endfacet
  facet normal 0.321099 0.630194 0.70693
    outer loop
      vertex 52.449 -23.4196 5
      vertex 53.7227 -20.7145 2.01
      vertex 53.5547 -20.6289 2.01
    endloop
  endfacet
  facet normal 0.316274 0.632547 0.707004
    outer loop
      vertex 53.7227 -20.7145 2.01
      vertex 52.449 -23.4196 5
      vertex 52.4496 -23.4199 5
    endloop
  endfacet
  facet normal -0.110685 -0.698559 0.70694
    outer loop
      vertex 56.1218 -12.116 5
      vertex 55.7507 -12.0572 5
      vertex 55.376 -15.0237 2.01
    endloop
  endfacet
  facet normal 0.467794 -0.53048 0.706937
    outer loop
      vertex 53.0877 -15.6885 2.01
      vertex 51.1818 -13.3846 5
      vertex 50.9 -13.6331 5
    endloop
  endfacet
  facet normal -0.649054 0.281012 0.706938
    outer loop
      vertex 57.7893 -19.1044 2.01
      vertex 60.4199 -20.5504 5
      vertex 60.5694 -20.2051 5
    endloop
  endfacet
  facet normal -0.649142 0.280832 0.706929
    outer loop
      vertex 60.4199 -20.5504 5
      vertex 57.7893 -19.1044 2.01
      vertex 57.7145 -19.2773 2.01
    endloop
  endfacet
  facet normal 0.0664607 0.704145 0.706939
    outer loop
      vertex 54.6233 -23.9781 5
      vertex 54.624 -20.9763 2.01
      vertex 54.2493 -23.9428 5
    endloop
  endfacet
  facet normal 0.697585 -0.116264 0.707006
    outer loop
      vertex 49.116 -16.8782 5
      vertex 52.0531 -17.4379 2.01
      vertex 49.1161 -16.8776 5
    endloop
  endfacet
  facet normal 0.698625 -0.110368 0.706924
    outer loop
      vertex 52.0531 -17.4379 2.01
      vertex 49.116 -16.8782 5
      vertex 52.0237 -17.624 2.01
    endloop
  endfacet
  facet normal -0.698559 -0.110685 0.70694
    outer loop
      vertex 60.9428 -17.2493 5
      vertex 60.884 -16.8782 5
      vertex 57.9763 -17.624 2.01
    endloop
  endfacet
  facet normal 0.239806 -0.665377 0.706942
    outer loop
      vertex 52.7955 -12.4304 5
      vertex 53.8956 -15.2107 2.01
      vertex 54.0729 -15.1468 2.01
    endloop
  endfacet
  facet normal 0.223775 -0.671325 0.706575
    outer loop
      vertex 53.8956 -15.2107 2.01
      vertex 52.7955 -12.4304 5
      vertex 52.7949 -12.4306 5
    endloop
  endfacet
  facet normal 0.0664607 -0.704145 0.706939
    outer loop
      vertex 54.624 -15.0237 2.01
      vertex 54.6233 -12.0219 5
      vertex 54.2493 -12.0572 5
    endloop
  endfacet
  facet normal -0.321041 -0.63022 0.706933
    outer loop
      vertex 57.8857 -12.7509 5
      vertex 57.551 -12.5804 5
      vertex 56.4453 -15.3711 2.01
    endloop
  endfacet
  facet normal 0.679202 -0.19734 0.706924
    outer loop
      vertex 52.1468 -17.0729 2.01
      vertex 49.3032 -16.149 5
      vertex 49.1984 -16.5097 5
    endloop
  endfacet
  facet normal 0.154349 0.69024 0.706926
    outer loop
      vertex 53.877 -23.8838 5
      vertex 54.2539 -20.9058 2.01
      vertex 53.5103 -23.8018 5
    endloop
  endfacet
  facet normal 0.154185 0.690269 0.706934
    outer loop
      vertex 53.877 -23.8838 5
      vertex 54.4379 -20.9469 2.01
      vertex 54.2539 -20.9058 2.01
    endloop
  endfacet
  facet normal 0.116264 0.697585 0.707006
    outer loop
      vertex 54.4379 -20.9469 2.01
      vertex 53.877 -23.8838 5
      vertex 53.8776 -23.8839 5
    endloop
  endfacet
  facet normal -0.53048 -0.467794 0.706937
    outer loop
      vertex 59.6154 -14.1818 5
      vertex 59.3669 -13.9 5
      vertex 57.3115 -16.0877 2.01
    endloop
  endfacet
  facet normal -0.608752 -0.360093 0.706933
    outer loop
      vertex 60.2491 -15.1143 5
      vertex 60.0578 -14.7909 5
      vertex 57.6289 -16.5547 2.01
    endloop
  endfacet
  facet normal -0.500124 -0.500124 0.706931
    outer loop
      vertex 59.1004 -13.6335 5
      vertex 57.1869 -15.9464 2.01
      vertex 59.3665 -13.8996 5
    endloop
  endfacet
  facet normal -0.500124 -0.500124 0.706931
    outer loop
      vertex 57.1869 -15.9464 2.01
      vertex 59.1004 -13.6335 5
      vertex 57.0536 -15.8131 2.01
    endloop
  endfacet
  facet normal 0.649142 -0.280832 0.706929
    outer loop
      vertex 49.5801 -15.4496 5
      vertex 52.2107 -16.8956 2.01
      vertex 52.2855 -16.7227 2.01
    endloop
  endfacet
  facet normal 0.649054 -0.281012 0.706938
    outer loop
      vertex 52.2107 -16.8956 2.01
      vertex 49.5801 -15.4496 5
      vertex 49.4306 -15.7949 5
    endloop
  endfacet
  facet normal -0.63022 -0.321041 0.706933
    outer loop
      vertex 60.4196 -15.449 5
      vertex 60.2491 -15.1143 5
      vertex 57.6289 -16.5547 2.01
    endloop
  endfacet
  facet normal 0.698625 0.110368 0.706924
    outer loop
      vertex 49.116 -19.1218 5
      vertex 52.0531 -18.5621 2.01
      vertex 52.0237 -18.376 2.01
    endloop
  endfacet
  facet normal 0.697585 0.116264 0.707006
    outer loop
      vertex 52.0531 -18.5621 2.01
      vertex 49.116 -19.1218 5
      vertex 49.1161 -19.1224 5
    endloop
  endfacet
  facet normal 0.0221387 -0.706938 0.706929
    outer loop
      vertex 54.6245 -12.0218 5
      vertex 54.8116 -15.0059 2.01
      vertex 55 -15 2.01
    endloop
  endfacet
  facet normal 0 -0.707805 0.706408
    outer loop
      vertex 54.8116 -15.0059 2.01
      vertex 54.6245 -12.0218 5
      vertex 54.6239 -12.0218 5
    endloop
  endfacet
  facet normal 0.500124 -0.500124 0.706931
    outer loop
      vertex 50.6331 -13.9 5
      vertex 52.8131 -15.9464 2.01
      vertex 50.6335 -13.8996 5
    endloop
  endfacet
  facet normal 0.530485 -0.467788 0.706937
    outer loop
      vertex 52.8131 -15.9464 2.01
      vertex 50.6331 -13.9 5
      vertex 52.6885 -16.0877 2.01
    endloop
  endfacet
  facet normal 0.704128 -0.0668096 0.706923
    outer loop
      vertex 49.0219 -17.6233 5
      vertex 52.0059 -17.8116 2.01
      vertex 52.0237 -17.624 2.01
    endloop
  endfacet
  facet normal 0.699313 -0.116552 0.70525
    outer loop
      vertex 52.0059 -17.8116 2.01
      vertex 49.0219 -17.6233 5
      vertex 49.0218 -17.6239 5
    endloop
  endfacet
  facet normal -0.397619 -0.584944 0.706922
    outer loop
      vertex 58.5208 -13.154 5
      vertex 58.2101 -12.9428 5
      vertex 56.7634 -15.5729 2.01
    endloop
  endfacet
  facet normal 0.63022 0.321041 0.706933
    outer loop
      vertex 49.7509 -20.8857 5
      vertex 52.3711 -19.4453 2.01
      vertex 49.5804 -20.551 5
    endloop
  endfacet
  facet normal 0.467788 0.530485 0.706937
    outer loop
      vertex 52.9464 -20.1869 2.01
      vertex 50.9 -22.3669 5
      vertex 53.0877 -20.3115 2.01
    endloop
  endfacet
  facet normal 0.500124 0.500124 0.706931
    outer loop
      vertex 50.9 -22.3669 5
      vertex 52.9464 -20.1869 2.01
      vertex 50.8996 -22.3665 5
    endloop
  endfacet
  facet normal -0.467794 -0.53048 0.706937
    outer loop
      vertex 59.1 -13.6331 5
      vertex 58.8182 -13.3846 5
      vertex 56.9123 -15.6885 2.01
    endloop
  endfacet
  facet normal 0.690269 0.154185 0.706934
    outer loop
      vertex 52.0531 -18.5621 2.01
      vertex 49.1162 -19.123 5
      vertex 52.0942 -18.7461 2.01
    endloop
  endfacet
  facet normal 0.697585 0.116264 0.707006
    outer loop
      vertex 49.1162 -19.123 5
      vertex 52.0531 -18.5621 2.01
      vertex 49.1161 -19.1224 5
    endloop
  endfacet
  facet normal -0.433379 -0.558949 0.706936
    outer loop
      vertex 58.8182 -13.3846 5
      vertex 58.5213 -13.1544 5
      vertex 56.9123 -15.6885 2.01
    endloop
  endfacet
  facet normal -0.441971 -0.552464 0.706714
    outer loop
      vertex 56.7634 -15.5729 2.01
      vertex 58.5213 -13.1544 5
      vertex 58.5208 -13.154 5
    endloop
  endfacet
  facet normal -0.433746 -0.558691 0.706915
    outer loop
      vertex 58.5213 -13.1544 5
      vertex 56.7634 -15.5729 2.01
      vertex 56.9123 -15.6885 2.01
    endloop
  endfacet
  facet normal -0.552464 -0.441971 0.706714
    outer loop
      vertex 59.8456 -14.4787 5
      vertex 57.4271 -16.2366 2.01
      vertex 59.846 -14.4792 5
    endloop
  endfacet
  facet normal -0.558691 -0.433746 0.706915
    outer loop
      vertex 57.4271 -16.2366 2.01
      vertex 59.8456 -14.4787 5
      vertex 57.3115 -16.0877 2.01
    endloop
  endfacet
  facet normal 0.584944 0.397619 0.706922
    outer loop
      vertex 50.154 -21.5208 5
      vertex 52.5729 -19.7634 2.01
      vertex 49.9428 -21.2101 5
    endloop
  endfacet
  facet normal 0.0221387 0.706938 0.706929
    outer loop
      vertex 54.8116 -20.9941 2.01
      vertex 54.6245 -23.9782 5
      vertex 55 -21 2.01
    endloop
  endfacet
  facet normal 0 0.707805 0.706408
    outer loop
      vertex 54.6245 -23.9782 5
      vertex 54.8116 -20.9941 2.01
      vertex 54.6239 -23.9782 5
    endloop
  endfacet
  facet normal -0.239472 -0.665515 0.706925
    outer loop
      vertex 57.2045 -12.4304 5
      vertex 56.851 -12.3032 5
      vertex 55.9271 -15.1468 2.01
    endloop
  endfacet
  facet normal 0.197379 0.679193 0.706922
    outer loop
      vertex 53.5097 -23.8016 5
      vertex 54.2539 -20.9058 2.01
      vertex 54.0729 -20.8532 2.01
    endloop
  endfacet
  facet normal 0.223886 0.671658 0.706222
    outer loop
      vertex 54.2539 -20.9058 2.01
      vertex 53.5097 -23.8016 5
      vertex 53.5103 -23.8018 5
    endloop
  endfacet
  facet normal 0.69024 -0.154349 0.706926
    outer loop
      vertex 52.0942 -17.2539 2.01
      vertex 49.1982 -16.5103 5
      vertex 49.1162 -16.877 5
    endloop
  endfacet
  facet normal -0.0222152 -0.706932 0.706932
    outer loop
      vertex 55.3755 -12.0218 5
      vertex 55 -12.01 5
      vertex 55 -15 2.01
    endloop
  endfacet
  facet normal 0.690269 -0.154185 0.706934
    outer loop
      vertex 49.1162 -16.877 5
      vertex 52.0531 -17.4379 2.01
      vertex 52.0942 -17.2539 2.01
    endloop
  endfacet
  facet normal 0.697585 -0.116264 0.707006
    outer loop
      vertex 52.0531 -17.4379 2.01
      vertex 49.1162 -16.877 5
      vertex 49.1161 -16.8776 5
    endloop
  endfacet
  facet normal -0.500124 -0.500124 0.706931
    outer loop
      vertex 59.1 -13.6331 5
      vertex 57.0536 -15.8131 2.01
      vertex 59.1004 -13.6335 5
    endloop
  endfacet
  facet normal -0.467788 -0.530485 0.706937
    outer loop
      vertex 57.0536 -15.8131 2.01
      vertex 59.1 -13.6331 5
      vertex 56.9123 -15.6885 2.01
    endloop
  endfacet
  facet normal 0.707805 -0 0.706408
    outer loop
      vertex 49.0218 -17.6245 5
      vertex 52.0059 -17.8116 2.01
      vertex 49.0218 -17.6239 5
    endloop
  endfacet
  facet normal 0.706938 -0.0221387 0.706929
    outer loop
      vertex 52.0059 -17.8116 2.01
      vertex 49.0218 -17.6245 5
      vertex 52 -18 2.01
    endloop
  endfacet
  facet normal 0.35997 0.608833 0.706926
    outer loop
      vertex 53.3925 -20.533 2.01
      vertex 51.7909 -23.0578 5
      vertex 53.5547 -20.6289 2.01
    endloop
  endfacet
  facet normal 0.363863 0.606439 0.70699
    outer loop
      vertex 51.7909 -23.0578 5
      vertex 53.3925 -20.533 2.01
      vertex 51.7904 -23.0575 5
    endloop
  endfacet
  facet normal 0.397423 0.585064 0.706933
    outer loop
      vertex 51.7899 -23.0572 5
      vertex 53.3925 -20.533 2.01
      vertex 53.2366 -20.4271 2.01
    endloop
  endfacet
  facet normal 0.363863 0.606439 0.70699
    outer loop
      vertex 53.3925 -20.533 2.01
      vertex 51.7899 -23.0572 5
      vertex 51.7904 -23.0575 5
    endloop
  endfacet
  facet normal 0.606439 -0.363863 0.70699
    outer loop
      vertex 49.9422 -14.7909 5
      vertex 52.467 -16.3925 2.01
      vertex 49.9425 -14.7904 5
    endloop
  endfacet
  facet normal 0.608833 -0.35997 0.706926
    outer loop
      vertex 52.467 -16.3925 2.01
      vertex 49.9422 -14.7909 5
      vertex 52.3711 -16.5547 2.01
    endloop
  endfacet
  facet normal 0.679193 -0.197379 0.706922
    outer loop
      vertex 49.1984 -16.5097 5
      vertex 52.0942 -17.2539 2.01
      vertex 52.1468 -17.0729 2.01
    endloop
  endfacet
  facet normal 0.671658 -0.223886 0.706222
    outer loop
      vertex 52.0942 -17.2539 2.01
      vertex 49.1984 -16.5097 5
      vertex 49.1982 -16.5103 5
    endloop
  endfacet
  facet normal 0.110368 -0.698625 0.706924
    outer loop
      vertex 53.8782 -12.116 5
      vertex 54.4379 -15.0531 2.01
      vertex 54.624 -15.0237 2.01
    endloop
  endfacet
  facet normal 0.116264 -0.697585 0.707006
    outer loop
      vertex 54.4379 -15.0531 2.01
      vertex 53.8782 -12.116 5
      vertex 53.8776 -12.1161 5
    endloop
  endfacet
  facet normal 0.116264 -0.697585 0.707006
    outer loop
      vertex 53.877 -12.1162 5
      vertex 54.4379 -15.0531 2.01
      vertex 53.8776 -12.1161 5
    endloop
  endfacet
  facet normal 0.154544 -0.690195 0.706928
    outer loop
      vertex 54.4379 -15.0531 2.01
      vertex 53.877 -12.1162 5
      vertex 54.2539 -15.0943 2.01
    endloop
  endfacet
  facet normal -0.697585 -0.116264 0.707006
    outer loop
      vertex 57.9469 -17.4379 2.01
      vertex 60.884 -16.8782 5
      vertex 60.8839 -16.8776 5
    endloop
  endfacet
  facet normal -0.698625 -0.110368 0.706924
    outer loop
      vertex 60.884 -16.8782 5
      vertex 57.9469 -17.4379 2.01
      vertex 57.9763 -17.624 2.01
    endloop
  endfacet
  facet normal 0.441971 -0.552464 0.706714
    outer loop
      vertex 51.4787 -13.1544 5
      vertex 53.2366 -15.5729 2.01
      vertex 51.4792 -13.154 5
    endloop
  endfacet
  facet normal 0.433746 -0.558691 0.706915
    outer loop
      vertex 53.2366 -15.5729 2.01
      vertex 51.4787 -13.1544 5
      vertex 53.0877 -15.6885 2.01
    endloop
  endfacet
  facet normal -0.19734 -0.679202 0.706924
    outer loop
      vertex 56.851 -12.3032 5
      vertex 56.4903 -12.1984 5
      vertex 55.9271 -15.1468 2.01
    endloop
  endfacet
  facet normal 0.35997 -0.608833 0.706926
    outer loop
      vertex 51.7909 -12.9422 5
      vertex 53.3925 -15.467 2.01
      vertex 53.5547 -15.3711 2.01
    endloop
  endfacet
  facet normal 0.363863 -0.606439 0.70699
    outer loop
      vertex 53.3925 -15.467 2.01
      vertex 51.7909 -12.9422 5
      vertex 51.7904 -12.9425 5
    endloop
  endfacet
  facet normal -0.697585 -0.116264 0.707006
    outer loop
      vertex 60.8838 -16.877 5
      vertex 57.9469 -17.4379 2.01
      vertex 60.8839 -16.8776 5
    endloop
  endfacet
  facet normal -0.690269 -0.154185 0.706934
    outer loop
      vertex 57.9469 -17.4379 2.01
      vertex 60.8838 -16.877 5
      vertex 57.9058 -17.2539 2.01
    endloop
  endfacet
  facet normal 0.558949 0.433379 0.706936
    outer loop
      vertex 50.3846 -21.8182 5
      vertex 52.6885 -19.9123 2.01
      vertex 50.1544 -21.5213 5
    endloop
  endfacet
  facet normal 0.558691 0.433746 0.706915
    outer loop
      vertex 52.5729 -19.7634 2.01
      vertex 50.1544 -21.5213 5
      vertex 52.6885 -19.9123 2.01
    endloop
  endfacet
  facet normal 0.552464 0.441971 0.706714
    outer loop
      vertex 50.1544 -21.5213 5
      vertex 52.5729 -19.7634 2.01
      vertex 50.154 -21.5208 5
    endloop
  endfacet
  facet normal 0.706938 0.0221387 0.706929
    outer loop
      vertex 49.0218 -18.3755 5
      vertex 52.0059 -18.1884 2.01
      vertex 52 -18 2.01
    endloop
  endfacet
  facet normal 0.707805 0 0.706408
    outer loop
      vertex 52.0059 -18.1884 2.01
      vertex 49.0218 -18.3755 5
      vertex 49.0218 -18.3761 5
    endloop
  endfacet
  facet normal 0.585064 0.397423 0.706933
    outer loop
      vertex 52.467 -19.6075 2.01
      vertex 49.9428 -21.2101 5
      vertex 52.5729 -19.7634 2.01
    endloop
  endfacet
  facet normal 0.606439 0.363863 0.70699
    outer loop
      vertex 49.9428 -21.2101 5
      vertex 52.467 -19.6075 2.01
      vertex 49.9425 -21.2096 5
    endloop
  endfacet
  facet normal -0.606439 -0.363863 0.70699
    outer loop
      vertex 57.533 -16.3925 2.01
      vertex 60.0578 -14.7909 5
      vertex 60.0575 -14.7904 5
    endloop
  endfacet
  facet normal -0.608833 -0.35997 0.706926
    outer loop
      vertex 60.0578 -14.7909 5
      vertex 57.533 -16.3925 2.01
      vertex 57.6289 -16.5547 2.01
    endloop
  endfacet
  facet normal 0.0668096 0.704128 0.706923
    outer loop
      vertex 54.6233 -23.9781 5
      vertex 54.8116 -20.9941 2.01
      vertex 54.624 -20.9763 2.01
    endloop
  endfacet
  facet normal 0.116552 0.699313 0.70525
    outer loop
      vertex 54.8116 -20.9941 2.01
      vertex 54.6233 -23.9781 5
      vertex 54.6239 -23.9782 5
    endloop
  endfacet
  facet normal 0.110685 0.698559 0.70694
    outer loop
      vertex 54.2493 -23.9428 5
      vertex 54.624 -20.9763 2.01
      vertex 53.8782 -23.884 5
    endloop
  endfacet
  facet normal 0.630194 0.321099 0.70693
    outer loop
      vertex 52.2855 -19.2773 2.01
      vertex 49.5804 -20.551 5
      vertex 52.3711 -19.4453 2.01
    endloop
  endfacet
  facet normal 0.632547 0.316274 0.707004
    outer loop
      vertex 49.5804 -20.551 5
      vertex 52.2855 -19.2773 2.01
      vertex 49.5801 -20.5504 5
    endloop
  endfacet
  facet normal 0.608833 0.35997 0.706926
    outer loop
      vertex 49.9422 -21.2091 5
      vertex 52.467 -19.6075 2.01
      vertex 52.3711 -19.4453 2.01
    endloop
  endfacet
  facet normal 0.606439 0.363863 0.70699
    outer loop
      vertex 52.467 -19.6075 2.01
      vertex 49.9422 -21.2091 5
      vertex 49.9425 -21.2096 5
    endloop
  endfacet
  facet normal -0.223775 -0.671325 0.706575
    outer loop
      vertex 57.2045 -12.4304 5
      vertex 56.1044 -15.2107 2.01
      vertex 57.2051 -12.4306 5
    endloop
  endfacet
  facet normal -0.239806 -0.665377 0.706942
    outer loop
      vertex 56.1044 -15.2107 2.01
      vertex 57.2045 -12.4304 5
      vertex 55.9271 -15.1468 2.01
    endloop
  endfacet
  facet normal 0.649142 0.280832 0.706929
    outer loop
      vertex 52.2107 -19.1044 2.01
      vertex 49.5801 -20.5504 5
      vertex 52.2855 -19.2773 2.01
    endloop
  endfacet
  facet normal 0.649054 0.281012 0.706938
    outer loop
      vertex 49.5801 -20.5504 5
      vertex 52.2107 -19.1044 2.01
      vertex 49.4306 -20.2051 5
    endloop
  endfacet
  facet normal -0.116552 -0.699313 0.70525
    outer loop
      vertex 55.1884 -15.0059 2.01
      vertex 55.3767 -12.0219 5
      vertex 55.3761 -12.0218 5
    endloop
  endfacet
  facet normal -0.0668096 -0.704128 0.706923
    outer loop
      vertex 55.3767 -12.0219 5
      vertex 55.1884 -15.0059 2.01
      vertex 55.376 -15.0237 2.01
    endloop
  endfacet
  facet normal -0.558949 -0.433379 0.706936
    outer loop
      vertex 59.8456 -14.4787 5
      vertex 59.6154 -14.1818 5
      vertex 57.3115 -16.0877 2.01
    endloop
  endfacet
  facet normal 0.467788 -0.530485 0.706937
    outer loop
      vertex 50.9 -13.6331 5
      vertex 52.9464 -15.8131 2.01
      vertex 53.0877 -15.6885 2.01
    endloop
  endfacet
  facet normal 0.500124 -0.500124 0.706931
    outer loop
      vertex 52.9464 -15.8131 2.01
      vertex 50.9 -13.6331 5
      vertex 50.8996 -13.6335 5
    endloop
  endfacet
  facet normal 0.363863 -0.606439 0.70699
    outer loop
      vertex 51.7899 -12.9428 5
      vertex 53.3925 -15.467 2.01
      vertex 51.7904 -12.9425 5
    endloop
  endfacet
  facet normal 0.397423 -0.585064 0.706933
    outer loop
      vertex 53.3925 -15.467 2.01
      vertex 51.7899 -12.9428 5
      vertex 53.2366 -15.5729 2.01
    endloop
  endfacet
  facet normal -0.704145 -0.0664607 0.706939
    outer loop
      vertex 60.9781 -17.6233 5
      vertex 60.9428 -17.2493 5
      vertex 57.9763 -17.624 2.01
    endloop
  endfacet
  facet normal -0.699313 -0.116552 0.70525
    outer loop
      vertex 60.9781 -17.6233 5
      vertex 57.9941 -17.8116 2.01
      vertex 60.9782 -17.6239 5
    endloop
  endfacet
  facet normal -0.704128 -0.0668096 0.706923
    outer loop
      vertex 57.9941 -17.8116 2.01
      vertex 60.9781 -17.6233 5
      vertex 57.9763 -17.624 2.01
    endloop
  endfacet
  facet normal 0.280827 -0.649131 0.706941
    outer loop
      vertex 52.7949 -12.4306 5
      vertex 53.7227 -15.2855 2.01
      vertex 53.8956 -15.2107 2.01
    endloop
  endfacet
  facet normal 0.281015 -0.64906 0.706932
    outer loop
      vertex 53.7227 -15.2855 2.01
      vertex 52.7949 -12.4306 5
      vertex 52.4496 -12.5801 5
    endloop
  endfacet
  facet normal 0.665377 0.239806 0.706942
    outer loop
      vertex 49.4304 -20.2045 5
      vertex 52.2107 -19.1044 2.01
      vertex 52.1468 -18.9271 2.01
    endloop
  endfacet
  facet normal 0.671325 0.223775 0.706575
    outer loop
      vertex 52.2107 -19.1044 2.01
      vertex 49.4304 -20.2045 5
      vertex 49.4306 -20.2051 5
    endloop
  endfacet
  facet normal 0 -0.707805 0.706408
    outer loop
      vertex 55.3755 -12.0218 5
      vertex 55.1884 -15.0059 2.01
      vertex 55.3761 -12.0218 5
    endloop
  endfacet
  facet normal -0.0221387 -0.706938 0.706929
    outer loop
      vertex 55.1884 -15.0059 2.01
      vertex 55.3755 -12.0218 5
      vertex 55 -15 2.01
    endloop
  endfacet
  facet normal -0.995529 -0.0944585 0
    outer loop
      vertex 57.9941 18.1884 0
      vertex 57.9763 18.376 2.01
      vertex 57.9763 18.376 0
    endloop
  endfacet
  facet normal -0.995529 -0.0944585 0
    outer loop
      vertex 57.9763 18.376 2.01
      vertex 57.9941 18.1884 0
      vertex 57.9941 18.1884 2.01
    endloop
  endfacet
  facet normal -0.99951 -0.031301 0
    outer loop
      vertex 58 18 0
      vertex 57.9941 18.1884 2.01
      vertex 57.9941 18.1884 0
    endloop
  endfacet
  facet normal -0.99951 -0.031301 0
    outer loop
      vertex 57.9941 18.1884 2.01
      vertex 58 18 0
      vertex 58 18 2.01
    endloop
  endfacet
  facet normal -0.98775 -0.156044 0
    outer loop
      vertex 57.9763 18.376 0
      vertex 57.9469 18.5621 2.01
      vertex 57.9469 18.5621 0
    endloop
  endfacet
  facet normal -0.98775 -0.156044 0
    outer loop
      vertex 57.9469 18.5621 2.01
      vertex 57.9763 18.376 0
      vertex 57.9763 18.376 2.01
    endloop
  endfacet
  facet normal -0.453989 0.891007 0
    outer loop
      vertex 56.4453 15.3711 0
      vertex 56.2773 15.2855 2.01
      vertex 56.4453 15.3711 2.01
    endloop
  endfacet
  facet normal -0.453989 0.891007 0
    outer loop
      vertex 56.2773 15.2855 2.01
      vertex 56.4453 15.3711 0
      vertex 56.2773 15.2855 0
    endloop
  endfacet
  facet normal 0.661393 -0.750039 0
    outer loop
      vertex 52.9464 20.1869 0
      vertex 53.0877 20.3115 2.01
      vertex 52.9464 20.1869 2.01
    endloop
  endfacet
  facet normal 0.661393 -0.750039 0
    outer loop
      vertex 53.0877 20.3115 2.01
      vertex 52.9464 20.1869 0
      vertex 53.0877 20.3115 0
    endloop
  endfacet
  facet normal -0.339058 -0.940766 0
    outer loop
      vertex 55.9271 20.8532 0
      vertex 56.1044 20.7893 2.01
      vertex 55.9271 20.8532 2.01
    endloop
  endfacet
  facet normal -0.339058 -0.940766 -0
    outer loop
      vertex 56.1044 20.7893 2.01
      vertex 55.9271 20.8532 0
      vertex 56.1044 20.7893 0
    endloop
  endfacet
  facet normal -0.750039 0.661393 0
    outer loop
      vertex 57.1869 15.9464 0
      vertex 57.3115 16.0877 2.01
      vertex 57.3115 16.0877 0
    endloop
  endfacet
  facet normal -0.750039 0.661393 0
    outer loop
      vertex 57.3115 16.0877 2.01
      vertex 57.1869 15.9464 0
      vertex 57.1869 15.9464 2.01
    endloop
  endfacet
  facet normal 0.217997 -0.975949 0
    outer loop
      vertex 54.2539 20.9058 0
      vertex 54.4379 20.9469 2.01
      vertex 54.2539 20.9058 2.01
    endloop
  endfacet
  facet normal 0.217997 -0.975949 0
    outer loop
      vertex 54.4379 20.9469 2.01
      vertex 54.2539 20.9058 0
      vertex 54.4379 20.9469 0
    endloop
  endfacet
  facet normal -0.789895 -0.613243 0
    outer loop
      vertex 57.4271 19.7634 0
      vertex 57.3115 19.9123 2.01
      vertex 57.3115 19.9123 0
    endloop
  endfacet
  facet normal -0.789895 -0.613243 0
    outer loop
      vertex 57.3115 19.9123 2.01
      vertex 57.4271 19.7634 0
      vertex 57.4271 19.7634 2.01
    endloop
  endfacet
  facet normal -0.8608 -0.508944 0
    outer loop
      vertex 57.6289 19.4453 0
      vertex 57.533 19.6075 2.01
      vertex 57.533 19.6075 0
    endloop
  endfacet
  facet normal -0.8608 -0.508944 0
    outer loop
      vertex 57.533 19.6075 2.01
      vertex 57.6289 19.4453 0
      vertex 57.6289 19.4453 2.01
    endloop
  endfacet
  facet normal -0.031301 -0.99951 0
    outer loop
      vertex 55 21 0
      vertex 55.1884 20.9941 2.01
      vertex 55 21 2.01
    endloop
  endfacet
  facet normal -0.031301 -0.99951 -0
    outer loop
      vertex 55.1884 20.9941 2.01
      vertex 55 21 0
      vertex 55.1884 20.9941 0
    endloop
  endfacet
  facet normal 0.031301 0.99951 -0
    outer loop
      vertex 55 15 0
      vertex 54.8116 15.0059 2.01
      vertex 55 15 2.01
    endloop
  endfacet
  facet normal 0.031301 0.99951 0
    outer loop
      vertex 54.8116 15.0059 2.01
      vertex 55 15 0
      vertex 54.8116 15.0059 0
    endloop
  endfacet
  facet normal 0.940766 0.339058 0
    outer loop
      vertex 52.2107 16.8956 2.01
      vertex 52.1468 17.0729 0
      vertex 52.1468 17.0729 2.01
    endloop
  endfacet
  facet normal 0.940766 0.339058 0
    outer loop
      vertex 52.1468 17.0729 0
      vertex 52.2107 16.8956 2.01
      vertex 52.2107 16.8956 0
    endloop
  endfacet
  facet normal -0.827203 0.561904 0
    outer loop
      vertex 57.4271 16.2366 0
      vertex 57.533 16.3925 2.01
      vertex 57.533 16.3925 0
    endloop
  endfacet
  facet normal -0.827203 0.561904 0
    outer loop
      vertex 57.533 16.3925 2.01
      vertex 57.4271 16.2366 0
      vertex 57.4271 16.2366 2.01
    endloop
  endfacet
  facet normal 0.789895 -0.613243 0
    outer loop
      vertex 52.5729 19.7634 2.01
      vertex 52.6885 19.9123 0
      vertex 52.6885 19.9123 2.01
    endloop
  endfacet
  facet normal 0.789895 -0.613243 0
    outer loop
      vertex 52.6885 19.9123 0
      vertex 52.5729 19.7634 2.01
      vertex 52.5729 19.7634 0
    endloop
  endfacet
  facet normal -0.917794 0.397056 0
    outer loop
      vertex 57.7145 16.7227 0
      vertex 57.7893 16.8956 2.01
      vertex 57.7893 16.8956 0
    endloop
  endfacet
  facet normal -0.917794 0.397056 0
    outer loop
      vertex 57.7893 16.8956 2.01
      vertex 57.7145 16.7227 0
      vertex 57.7145 16.7227 2.01
    endloop
  endfacet
  facet normal 0.279063 -0.960273 0
    outer loop
      vertex 54.0729 20.8532 0
      vertex 54.2539 20.9058 2.01
      vertex 54.0729 20.8532 2.01
    endloop
  endfacet
  facet normal 0.279063 -0.960273 0
    outer loop
      vertex 54.2539 20.9058 2.01
      vertex 54.0729 20.8532 0
      vertex 54.2539 20.9058 0
    endloop
  endfacet
  facet normal 0.661393 0.750039 -0
    outer loop
      vertex 53.0877 15.6885 0
      vertex 52.9464 15.8131 2.01
      vertex 53.0877 15.6885 2.01
    endloop
  endfacet
  facet normal 0.661393 0.750039 0
    outer loop
      vertex 52.9464 15.8131 2.01
      vertex 53.0877 15.6885 0
      vertex 52.9464 15.8131 0
    endloop
  endfacet
  facet normal 0.453989 -0.891007 0
    outer loop
      vertex 53.5547 20.6289 0
      vertex 53.7227 20.7145 2.01
      vertex 53.5547 20.6289 2.01
    endloop
  endfacet
  facet normal 0.453989 -0.891007 0
    outer loop
      vertex 53.7227 20.7145 2.01
      vertex 53.5547 20.6289 0
      vertex 53.7227 20.7145 0
    endloop
  endfacet
  facet normal -0.960273 -0.279063 0
    outer loop
      vertex 57.9058 18.7461 0
      vertex 57.8532 18.9271 2.01
      vertex 57.8532 18.9271 0
    endloop
  endfacet
  facet normal -0.960273 -0.279063 0
    outer loop
      vertex 57.8532 18.9271 2.01
      vertex 57.9058 18.7461 0
      vertex 57.9058 18.7461 2.01
    endloop
  endfacet
  facet normal -0.453989 -0.891007 0
    outer loop
      vertex 56.2773 20.7145 0
      vertex 56.4453 20.6289 2.01
      vertex 56.2773 20.7145 2.01
    endloop
  endfacet
  facet normal -0.453989 -0.891007 -0
    outer loop
      vertex 56.4453 20.6289 2.01
      vertex 56.2773 20.7145 0
      vertex 56.4453 20.6289 0
    endloop
  endfacet
  facet normal -0.508944 -0.8608 0
    outer loop
      vertex 56.4453 20.6289 0
      vertex 56.6075 20.533 2.01
      vertex 56.4453 20.6289 2.01
    endloop
  endfacet
  facet normal -0.508944 -0.8608 -0
    outer loop
      vertex 56.6075 20.533 2.01
      vertex 56.4453 20.6289 0
      vertex 56.6075 20.533 0
    endloop
  endfacet
  facet normal 0.218502 0.975836 -0
    outer loop
      vertex 54.4379 15.0531 0
      vertex 54.2539 15.0943 2.01
      vertex 54.4379 15.0531 2.01
    endloop
  endfacet
  facet normal 0.218502 0.975836 0
    outer loop
      vertex 54.2539 15.0943 2.01
      vertex 54.4379 15.0531 0
      vertex 54.2539 15.0943 0
    endloop
  endfacet
  facet normal -0.960273 0.279063 0
    outer loop
      vertex 57.8532 17.0729 0
      vertex 57.9058 17.2539 2.01
      vertex 57.9058 17.2539 0
    endloop
  endfacet
  facet normal -0.960273 0.279063 0
    outer loop
      vertex 57.9058 17.2539 2.01
      vertex 57.8532 17.0729 0
      vertex 57.8532 17.0729 2.01
    endloop
  endfacet
  facet normal 0.397056 -0.917794 0
    outer loop
      vertex 53.7227 20.7145 0
      vertex 53.8956 20.7893 2.01
      vertex 53.7227 20.7145 2.01
    endloop
  endfacet
  facet normal 0.397056 -0.917794 0
    outer loop
      vertex 53.8956 20.7893 2.01
      vertex 53.7227 20.7145 0
      vertex 53.8956 20.7893 0
    endloop
  endfacet
  facet normal 0.917794 -0.397056 0
    outer loop
      vertex 52.2107 19.1044 2.01
      vertex 52.2855 19.2773 0
      vertex 52.2855 19.2773 2.01
    endloop
  endfacet
  facet normal 0.917794 -0.397056 0
    outer loop
      vertex 52.2855 19.2773 0
      vertex 52.2107 19.1044 2.01
      vertex 52.2107 19.1044 0
    endloop
  endfacet
  facet normal -0.279063 -0.960273 0
    outer loop
      vertex 55.7461 20.9058 0
      vertex 55.9271 20.8532 2.01
      vertex 55.7461 20.9058 2.01
    endloop
  endfacet
  facet normal -0.279063 -0.960273 -0
    outer loop
      vertex 55.9271 20.8532 2.01
      vertex 55.7461 20.9058 0
      vertex 55.9271 20.8532 0
    endloop
  endfacet
  facet normal -0.975949 -0.217997 0
    outer loop
      vertex 57.9469 18.5621 0
      vertex 57.9058 18.7461 2.01
      vertex 57.9058 18.7461 0
    endloop
  endfacet
  facet normal -0.975949 -0.217997 0
    outer loop
      vertex 57.9058 18.7461 2.01
      vertex 57.9469 18.5621 0
      vertex 57.9469 18.5621 2.01
    endloop
  endfacet
  facet normal -0.750039 -0.661393 0
    outer loop
      vertex 57.3115 19.9123 0
      vertex 57.1869 20.0536 2.01
      vertex 57.1869 20.0536 0
    endloop
  endfacet
  facet normal -0.750039 -0.661393 0
    outer loop
      vertex 57.1869 20.0536 2.01
      vertex 57.3115 19.9123 0
      vertex 57.3115 19.9123 2.01
    endloop
  endfacet
  facet normal -0.707107 -0.707107 0
    outer loop
      vertex 57.1869 20.0536 0
      vertex 57.0536 20.1869 2.01
      vertex 57.0536 20.1869 0
    endloop
  endfacet
  facet normal -0.707107 -0.707107 0
    outer loop
      vertex 57.0536 20.1869 2.01
      vertex 57.1869 20.0536 0
      vertex 57.1869 20.0536 2.01
    endloop
  endfacet
  facet normal 0.0944585 0.995529 -0
    outer loop
      vertex 54.8116 15.0059 0
      vertex 54.624 15.0237 2.01
      vertex 54.8116 15.0059 2.01
    endloop
  endfacet
  facet normal 0.0944585 0.995529 0
    outer loop
      vertex 54.624 15.0237 2.01
      vertex 54.8116 15.0059 0
      vertex 54.624 15.0237 0
    endloop
  endfacet
  facet normal -0.891007 -0.453989 0
    outer loop
      vertex 57.7145 19.2773 0
      vertex 57.6289 19.4453 2.01
      vertex 57.6289 19.4453 0
    endloop
  endfacet
  facet normal -0.891007 -0.453989 0
    outer loop
      vertex 57.6289 19.4453 2.01
      vertex 57.7145 19.2773 0
      vertex 57.7145 19.2773 2.01
    endloop
  endfacet
  facet normal -0.278573 0.960415 0
    outer loop
      vertex 55.9271 15.1468 0
      vertex 55.7461 15.0943 2.01
      vertex 55.9271 15.1468 2.01
    endloop
  endfacet
  facet normal -0.278573 0.960415 0
    outer loop
      vertex 55.7461 15.0943 2.01
      vertex 55.9271 15.1468 0
      vertex 55.7461 15.0943 0
    endloop
  endfacet
  facet normal -0.508944 0.8608 0
    outer loop
      vertex 56.6075 15.467 0
      vertex 56.4453 15.3711 2.01
      vertex 56.6075 15.467 2.01
    endloop
  endfacet
  facet normal -0.508944 0.8608 0
    outer loop
      vertex 56.4453 15.3711 2.01
      vertex 56.6075 15.467 0
      vertex 56.4453 15.3711 0
    endloop
  endfacet
  facet normal 0.031301 -0.99951 0
    outer loop
      vertex 54.8116 20.9941 0
      vertex 55 21 2.01
      vertex 54.8116 20.9941 2.01
    endloop
  endfacet
  facet normal 0.031301 -0.99951 0
    outer loop
      vertex 55 21 2.01
      vertex 54.8116 20.9941 0
      vertex 55 21 0
    endloop
  endfacet
  facet normal -0.156044 0.98775 0
    outer loop
      vertex 55.5621 15.0531 0
      vertex 55.376 15.0237 2.01
      vertex 55.5621 15.0531 2.01
    endloop
  endfacet
  facet normal -0.156044 0.98775 0
    outer loop
      vertex 55.376 15.0237 2.01
      vertex 55.5621 15.0531 0
      vertex 55.376 15.0237 0
    endloop
  endfacet
  facet normal -0.661393 0.750039 0
    outer loop
      vertex 57.0536 15.8131 0
      vertex 56.9123 15.6885 2.01
      vertex 57.0536 15.8131 2.01
    endloop
  endfacet
  facet normal -0.661393 0.750039 0
    outer loop
      vertex 56.9123 15.6885 2.01
      vertex 57.0536 15.8131 0
      vertex 56.9123 15.6885 0
    endloop
  endfacet
  facet normal -0.0944585 0.995529 0
    outer loop
      vertex 55.376 15.0237 0
      vertex 55.1884 15.0059 2.01
      vertex 55.376 15.0237 2.01
    endloop
  endfacet
  facet normal -0.0944585 0.995529 0
    outer loop
      vertex 55.1884 15.0059 2.01
      vertex 55.376 15.0237 0
      vertex 55.1884 15.0059 0
    endloop
  endfacet
  facet normal -0.661393 -0.750039 0
    outer loop
      vertex 56.9123 20.3115 0
      vertex 57.0536 20.1869 2.01
      vertex 56.9123 20.3115 2.01
    endloop
  endfacet
  facet normal -0.661393 -0.750039 -0
    outer loop
      vertex 57.0536 20.1869 2.01
      vertex 56.9123 20.3115 0
      vertex 57.0536 20.1869 0
    endloop
  endfacet
  facet normal -0.561904 -0.827203 0
    outer loop
      vertex 56.6075 20.533 0
      vertex 56.7634 20.4271 2.01
      vertex 56.6075 20.533 2.01
    endloop
  endfacet
  facet normal -0.561904 -0.827203 -0
    outer loop
      vertex 56.7634 20.4271 2.01
      vertex 56.6075 20.533 0
      vertex 56.7634 20.4271 0
    endloop
  endfacet
  facet normal -0.827203 -0.561904 0
    outer loop
      vertex 57.533 19.6075 0
      vertex 57.4271 19.7634 2.01
      vertex 57.4271 19.7634 0
    endloop
  endfacet
  facet normal -0.827203 -0.561904 0
    outer loop
      vertex 57.4271 19.7634 2.01
      vertex 57.533 19.6075 0
      vertex 57.533 19.6075 2.01
    endloop
  endfacet
  facet normal 0.339058 -0.940766 0
    outer loop
      vertex 53.8956 20.7893 0
      vertex 54.0729 20.8532 2.01
      vertex 53.8956 20.7893 2.01
    endloop
  endfacet
  facet normal 0.339058 -0.940766 0
    outer loop
      vertex 54.0729 20.8532 2.01
      vertex 53.8956 20.7893 0
      vertex 54.0729 20.8532 0
    endloop
  endfacet
  facet normal 0.960273 0.279063 0
    outer loop
      vertex 52.1468 17.0729 2.01
      vertex 52.0942 17.2539 0
      vertex 52.0942 17.2539 2.01
    endloop
  endfacet
  facet normal 0.960273 0.279063 0
    outer loop
      vertex 52.0942 17.2539 0
      vertex 52.1468 17.0729 2.01
      vertex 52.1468 17.0729 0
    endloop
  endfacet
  facet normal 0.8608 -0.508944 0
    outer loop
      vertex 52.3711 19.4453 2.01
      vertex 52.467 19.6075 0
      vertex 52.467 19.6075 2.01
    endloop
  endfacet
  facet normal 0.8608 -0.508944 0
    outer loop
      vertex 52.467 19.6075 0
      vertex 52.3711 19.4453 2.01
      vertex 52.3711 19.4453 0
    endloop
  endfacet
  facet normal 0.613243 0.789895 -0
    outer loop
      vertex 53.2366 15.5729 0
      vertex 53.0877 15.6885 2.01
      vertex 53.2366 15.5729 2.01
    endloop
  endfacet
  facet normal 0.613243 0.789895 0
    outer loop
      vertex 53.0877 15.6885 2.01
      vertex 53.2366 15.5729 0
      vertex 53.0877 15.6885 0
    endloop
  endfacet
  facet normal -0.789895 0.613243 0
    outer loop
      vertex 57.3115 16.0877 0
      vertex 57.4271 16.2366 2.01
      vertex 57.4271 16.2366 0
    endloop
  endfacet
  facet normal -0.789895 0.613243 0
    outer loop
      vertex 57.4271 16.2366 2.01
      vertex 57.3115 16.0877 0
      vertex 57.3115 16.0877 2.01
    endloop
  endfacet
  facet normal 0.453989 0.891007 -0
    outer loop
      vertex 53.7227 15.2855 0
      vertex 53.5547 15.3711 2.01
      vertex 53.7227 15.2855 2.01
    endloop
  endfacet
  facet normal 0.453989 0.891007 0
    outer loop
      vertex 53.5547 15.3711 2.01
      vertex 53.7227 15.2855 0
      vertex 53.5547 15.3711 0
    endloop
  endfacet
  facet normal 0.827203 0.561904 0
    outer loop
      vertex 52.5729 16.2366 2.01
      vertex 52.467 16.3925 0
      vertex 52.467 16.3925 2.01
    endloop
  endfacet
  facet normal 0.827203 0.561904 0
    outer loop
      vertex 52.467 16.3925 0
      vertex 52.5729 16.2366 2.01
      vertex 52.5729 16.2366 0
    endloop
  endfacet
  facet normal -0.940766 -0.339058 0
    outer loop
      vertex 57.8532 18.9271 0
      vertex 57.7893 19.1044 2.01
      vertex 57.7893 19.1044 0
    endloop
  endfacet
  facet normal -0.940766 -0.339058 0
    outer loop
      vertex 57.7893 19.1044 2.01
      vertex 57.8532 18.9271 0
      vertex 57.8532 18.9271 2.01
    endloop
  endfacet
  facet normal -0.218502 0.975836 0
    outer loop
      vertex 55.7461 15.0943 0
      vertex 55.5621 15.0531 2.01
      vertex 55.7461 15.0943 2.01
    endloop
  endfacet
  facet normal -0.218502 0.975836 0
    outer loop
      vertex 55.5621 15.0531 2.01
      vertex 55.7461 15.0943 0
      vertex 55.5621 15.0531 0
    endloop
  endfacet
  facet normal -0.917794 -0.397056 0
    outer loop
      vertex 57.7893 19.1044 0
      vertex 57.7145 19.2773 2.01
      vertex 57.7145 19.2773 0
    endloop
  endfacet
  facet normal -0.917794 -0.397056 0
    outer loop
      vertex 57.7145 19.2773 2.01
      vertex 57.7893 19.1044 0
      vertex 57.7893 19.1044 2.01
    endloop
  endfacet
  facet normal 0.750039 0.661393 0
    outer loop
      vertex 52.8131 15.9464 2.01
      vertex 52.6885 16.0877 0
      vertex 52.6885 16.0877 2.01
    endloop
  endfacet
  facet normal 0.750039 0.661393 0
    outer loop
      vertex 52.6885 16.0877 0
      vertex 52.8131 15.9464 2.01
      vertex 52.8131 15.9464 0
    endloop
  endfacet
  facet normal 0.98775 -0.156044 0
    outer loop
      vertex 52.0237 18.376 2.01
      vertex 52.0531 18.5621 0
      vertex 52.0531 18.5621 2.01
    endloop
  endfacet
  facet normal 0.98775 -0.156044 0
    outer loop
      vertex 52.0531 18.5621 0
      vertex 52.0237 18.376 2.01
      vertex 52.0237 18.376 0
    endloop
  endfacet
  facet normal 0.975949 0.217997 0
    outer loop
      vertex 52.0942 17.2539 2.01
      vertex 52.0531 17.4379 0
      vertex 52.0531 17.4379 2.01
    endloop
  endfacet
  facet normal 0.975949 0.217997 0
    outer loop
      vertex 52.0531 17.4379 0
      vertex 52.0942 17.2539 2.01
      vertex 52.0942 17.2539 0
    endloop
  endfacet
  facet normal -0.995529 0.0944585 0
    outer loop
      vertex 57.9763 17.624 0
      vertex 57.9941 17.8116 2.01
      vertex 57.9941 17.8116 0
    endloop
  endfacet
  facet normal -0.995529 0.0944585 0
    outer loop
      vertex 57.9941 17.8116 2.01
      vertex 57.9763 17.624 0
      vertex 57.9763 17.624 2.01
    endloop
  endfacet
  facet normal 0.960273 -0.279063 0
    outer loop
      vertex 52.0942 18.7461 2.01
      vertex 52.1468 18.9271 0
      vertex 52.1468 18.9271 2.01
    endloop
  endfacet
  facet normal 0.960273 -0.279063 0
    outer loop
      vertex 52.1468 18.9271 0
      vertex 52.0942 18.7461 2.01
      vertex 52.0942 18.7461 0
    endloop
  endfacet
  facet normal 0.508944 -0.8608 0
    outer loop
      vertex 53.3925 20.533 0
      vertex 53.5547 20.6289 2.01
      vertex 53.3925 20.533 2.01
    endloop
  endfacet
  facet normal 0.508944 -0.8608 0
    outer loop
      vertex 53.5547 20.6289 2.01
      vertex 53.3925 20.533 0
      vertex 53.5547 20.6289 0
    endloop
  endfacet
  facet normal 0.156044 -0.98775 0
    outer loop
      vertex 54.4379 20.9469 0
      vertex 54.624 20.9763 2.01
      vertex 54.4379 20.9469 2.01
    endloop
  endfacet
  facet normal 0.156044 -0.98775 0
    outer loop
      vertex 54.624 20.9763 2.01
      vertex 54.4379 20.9469 0
      vertex 54.624 20.9763 0
    endloop
  endfacet
  facet normal 0.99951 0.031301 0
    outer loop
      vertex 52.0059 17.8116 2.01
      vertex 52 18 0
      vertex 52 18 2.01
    endloop
  endfacet
  facet normal 0.99951 0.031301 0
    outer loop
      vertex 52 18 0
      vertex 52.0059 17.8116 2.01
      vertex 52.0059 17.8116 0
    endloop
  endfacet
  facet normal -0.031301 0.99951 0
    outer loop
      vertex 55.1884 15.0059 0
      vertex 55 15 2.01
      vertex 55.1884 15.0059 2.01
    endloop
  endfacet
  facet normal -0.031301 0.99951 0
    outer loop
      vertex 55 15 2.01
      vertex 55.1884 15.0059 0
      vertex 55 15 0
    endloop
  endfacet
  facet normal 0.561904 -0.827203 0
    outer loop
      vertex 53.2366 20.4271 0
      vertex 53.3925 20.533 2.01
      vertex 53.2366 20.4271 2.01
    endloop
  endfacet
  facet normal 0.561904 -0.827203 0
    outer loop
      vertex 53.3925 20.533 2.01
      vertex 53.2366 20.4271 0
      vertex 53.3925 20.533 0
    endloop
  endfacet
  facet normal 0.8608 0.508944 0
    outer loop
      vertex 52.467 16.3925 2.01
      vertex 52.3711 16.5547 0
      vertex 52.3711 16.5547 2.01
    endloop
  endfacet
  facet normal 0.8608 0.508944 0
    outer loop
      vertex 52.3711 16.5547 0
      vertex 52.467 16.3925 2.01
      vertex 52.467 16.3925 0
    endloop
  endfacet
  facet normal -0.397056 -0.917794 0
    outer loop
      vertex 56.1044 20.7893 0
      vertex 56.2773 20.7145 2.01
      vertex 56.1044 20.7893 2.01
    endloop
  endfacet
  facet normal -0.397056 -0.917794 -0
    outer loop
      vertex 56.2773 20.7145 2.01
      vertex 56.1044 20.7893 0
      vertex 56.2773 20.7145 0
    endloop
  endfacet
  facet normal 0.0944585 -0.995529 0
    outer loop
      vertex 54.624 20.9763 0
      vertex 54.8116 20.9941 2.01
      vertex 54.624 20.9763 2.01
    endloop
  endfacet
  facet normal 0.0944585 -0.995529 0
    outer loop
      vertex 54.8116 20.9941 2.01
      vertex 54.624 20.9763 0
      vertex 54.8116 20.9941 0
    endloop
  endfacet
  facet normal -0.975949 0.217997 0
    outer loop
      vertex 57.9058 17.2539 0
      vertex 57.9469 17.4379 2.01
      vertex 57.9469 17.4379 0
    endloop
  endfacet
  facet normal -0.975949 0.217997 0
    outer loop
      vertex 57.9469 17.4379 2.01
      vertex 57.9058 17.2539 0
      vertex 57.9058 17.2539 2.01
    endloop
  endfacet
  facet normal -0.891007 0.453989 0
    outer loop
      vertex 57.6289 16.5547 0
      vertex 57.7145 16.7227 2.01
      vertex 57.7145 16.7227 0
    endloop
  endfacet
  facet normal -0.891007 0.453989 0
    outer loop
      vertex 57.7145 16.7227 2.01
      vertex 57.6289 16.5547 0
      vertex 57.6289 16.5547 2.01
    endloop
  endfacet
  facet normal -0.613243 -0.789895 0
    outer loop
      vertex 56.7634 20.4271 0
      vertex 56.9123 20.3115 2.01
      vertex 56.7634 20.4271 2.01
    endloop
  endfacet
  facet normal -0.613243 -0.789895 -0
    outer loop
      vertex 56.9123 20.3115 2.01
      vertex 56.7634 20.4271 0
      vertex 56.9123 20.3115 0
    endloop
  endfacet
  facet normal -0.99951 0.031301 0
    outer loop
      vertex 57.9941 17.8116 0
      vertex 58 18 2.01
      vertex 58 18 0
    endloop
  endfacet
  facet normal -0.99951 0.031301 0
    outer loop
      vertex 58 18 2.01
      vertex 57.9941 17.8116 0
      vertex 57.9941 17.8116 2.01
    endloop
  endfacet
  facet normal 0.508944 0.8608 -0
    outer loop
      vertex 53.5547 15.3711 0
      vertex 53.3925 15.467 2.01
      vertex 53.5547 15.3711 2.01
    endloop
  endfacet
  facet normal 0.508944 0.8608 0
    outer loop
      vertex 53.3925 15.467 2.01
      vertex 53.5547 15.3711 0
      vertex 53.3925 15.467 0
    endloop
  endfacet
  facet normal 0.156044 0.98775 -0
    outer loop
      vertex 54.624 15.0237 0
      vertex 54.4379 15.0531 2.01
      vertex 54.624 15.0237 2.01
    endloop
  endfacet
  facet normal 0.156044 0.98775 0
    outer loop
      vertex 54.4379 15.0531 2.01
      vertex 54.624 15.0237 0
      vertex 54.4379 15.0531 0
    endloop
  endfacet
  facet normal 0.940766 -0.339058 0
    outer loop
      vertex 52.1468 18.9271 2.01
      vertex 52.2107 19.1044 0
      vertex 52.2107 19.1044 2.01
    endloop
  endfacet
  facet normal 0.940766 -0.339058 0
    outer loop
      vertex 52.2107 19.1044 0
      vertex 52.1468 18.9271 2.01
      vertex 52.1468 18.9271 0
    endloop
  endfacet
  facet normal 0.99951 -0.031301 0
    outer loop
      vertex 52 18 2.01
      vertex 52.0059 18.1884 0
      vertex 52.0059 18.1884 2.01
    endloop
  endfacet
  facet normal 0.99951 -0.031301 0
    outer loop
      vertex 52.0059 18.1884 0
      vertex 52 18 2.01
      vertex 52 18 0
    endloop
  endfacet
  facet normal 0.995529 0.0944585 0
    outer loop
      vertex 52.0237 17.624 2.01
      vertex 52.0059 17.8116 0
      vertex 52.0059 17.8116 2.01
    endloop
  endfacet
  facet normal 0.995529 0.0944585 0
    outer loop
      vertex 52.0059 17.8116 0
      vertex 52.0237 17.624 2.01
      vertex 52.0237 17.624 0
    endloop
  endfacet
  facet normal -0.339058 0.940766 0
    outer loop
      vertex 56.1044 15.2107 0
      vertex 55.9271 15.1468 2.01
      vertex 56.1044 15.2107 2.01
    endloop
  endfacet
  facet normal -0.339058 0.940766 0
    outer loop
      vertex 55.9271 15.1468 2.01
      vertex 56.1044 15.2107 0
      vertex 55.9271 15.1468 0
    endloop
  endfacet
  facet normal 0.975949 -0.217997 0
    outer loop
      vertex 52.0531 18.5621 2.01
      vertex 52.0942 18.7461 0
      vertex 52.0942 18.7461 2.01
    endloop
  endfacet
  facet normal 0.975949 -0.217997 0
    outer loop
      vertex 52.0942 18.7461 0
      vertex 52.0531 18.5621 2.01
      vertex 52.0531 18.5621 0
    endloop
  endfacet
  facet normal 0.98775 0.156044 0
    outer loop
      vertex 52.0531 17.4379 2.01
      vertex 52.0237 17.624 0
      vertex 52.0237 17.624 2.01
    endloop
  endfacet
  facet normal 0.98775 0.156044 0
    outer loop
      vertex 52.0237 17.624 0
      vertex 52.0531 17.4379 2.01
      vertex 52.0531 17.4379 0
    endloop
  endfacet
  facet normal 0.891007 -0.453989 0
    outer loop
      vertex 52.2855 19.2773 2.01
      vertex 52.3711 19.4453 0
      vertex 52.3711 19.4453 2.01
    endloop
  endfacet
  facet normal 0.891007 -0.453989 0
    outer loop
      vertex 52.3711 19.4453 0
      vertex 52.2855 19.2773 2.01
      vertex 52.2855 19.2773 0
    endloop
  endfacet
  facet normal -0.707107 0.707107 0
    outer loop
      vertex 57.0536 15.8131 0
      vertex 57.1869 15.9464 2.01
      vertex 57.1869 15.9464 0
    endloop
  endfacet
  facet normal -0.707107 0.707107 0
    outer loop
      vertex 57.1869 15.9464 2.01
      vertex 57.0536 15.8131 0
      vertex 57.0536 15.8131 2.01
    endloop
  endfacet
  facet normal -0.98775 0.156044 0
    outer loop
      vertex 57.9469 17.4379 0
      vertex 57.9763 17.624 2.01
      vertex 57.9763 17.624 0
    endloop
  endfacet
  facet normal -0.98775 0.156044 0
    outer loop
      vertex 57.9763 17.624 2.01
      vertex 57.9469 17.4379 0
      vertex 57.9469 17.4379 2.01
    endloop
  endfacet
  facet normal 0.750039 -0.661393 0
    outer loop
      vertex 52.6885 19.9123 2.01
      vertex 52.8131 20.0536 0
      vertex 52.8131 20.0536 2.01
    endloop
  endfacet
  facet normal 0.750039 -0.661393 0
    outer loop
      vertex 52.8131 20.0536 0
      vertex 52.6885 19.9123 2.01
      vertex 52.6885 19.9123 0
    endloop
  endfacet
  facet normal 0.278573 0.960415 -0
    outer loop
      vertex 54.2539 15.0943 0
      vertex 54.0729 15.1468 2.01
      vertex 54.2539 15.0943 2.01
    endloop
  endfacet
  facet normal 0.278573 0.960415 0
    outer loop
      vertex 54.0729 15.1468 2.01
      vertex 54.2539 15.0943 0
      vertex 54.0729 15.1468 0
    endloop
  endfacet
  facet normal -0.613243 0.789895 0
    outer loop
      vertex 56.9123 15.6885 0
      vertex 56.7634 15.5729 2.01
      vertex 56.9123 15.6885 2.01
    endloop
  endfacet
  facet normal -0.613243 0.789895 0
    outer loop
      vertex 56.7634 15.5729 2.01
      vertex 56.9123 15.6885 0
      vertex 56.7634 15.5729 0
    endloop
  endfacet
  facet normal -0.156044 -0.98775 0
    outer loop
      vertex 55.376 20.9763 0
      vertex 55.5621 20.9469 2.01
      vertex 55.376 20.9763 2.01
    endloop
  endfacet
  facet normal -0.156044 -0.98775 -0
    outer loop
      vertex 55.5621 20.9469 2.01
      vertex 55.376 20.9763 0
      vertex 55.5621 20.9469 0
    endloop
  endfacet
  facet normal -0.8608 0.508944 0
    outer loop
      vertex 57.533 16.3925 0
      vertex 57.6289 16.5547 2.01
      vertex 57.6289 16.5547 0
    endloop
  endfacet
  facet normal -0.8608 0.508944 0
    outer loop
      vertex 57.6289 16.5547 2.01
      vertex 57.533 16.3925 0
      vertex 57.533 16.3925 2.01
    endloop
  endfacet
  facet normal -0.561904 0.827203 0
    outer loop
      vertex 56.7634 15.5729 0
      vertex 56.6075 15.467 2.01
      vertex 56.7634 15.5729 2.01
    endloop
  endfacet
  facet normal -0.561904 0.827203 0
    outer loop
      vertex 56.6075 15.467 2.01
      vertex 56.7634 15.5729 0
      vertex 56.6075 15.467 0
    endloop
  endfacet
  facet normal -0.0944585 -0.995529 0
    outer loop
      vertex 55.1884 20.9941 0
      vertex 55.376 20.9763 2.01
      vertex 55.1884 20.9941 2.01
    endloop
  endfacet
  facet normal -0.0944585 -0.995529 -0
    outer loop
      vertex 55.376 20.9763 2.01
      vertex 55.1884 20.9941 0
      vertex 55.376 20.9763 0
    endloop
  endfacet
  facet normal 0.789895 0.613243 0
    outer loop
      vertex 52.6885 16.0877 2.01
      vertex 52.5729 16.2366 0
      vertex 52.5729 16.2366 2.01
    endloop
  endfacet
  facet normal 0.789895 0.613243 0
    outer loop
      vertex 52.5729 16.2366 0
      vertex 52.6885 16.0877 2.01
      vertex 52.6885 16.0877 0
    endloop
  endfacet
  facet normal 0.827203 -0.561904 0
    outer loop
      vertex 52.467 19.6075 2.01
      vertex 52.5729 19.7634 0
      vertex 52.5729 19.7634 2.01
    endloop
  endfacet
  facet normal 0.827203 -0.561904 0
    outer loop
      vertex 52.5729 19.7634 0
      vertex 52.467 19.6075 2.01
      vertex 52.467 19.6075 0
    endloop
  endfacet
  facet normal 0.891007 0.453989 0
    outer loop
      vertex 52.3711 16.5547 2.01
      vertex 52.2855 16.7227 0
      vertex 52.2855 16.7227 2.01
    endloop
  endfacet
  facet normal 0.891007 0.453989 0
    outer loop
      vertex 52.2855 16.7227 0
      vertex 52.3711 16.5547 2.01
      vertex 52.3711 16.5547 0
    endloop
  endfacet
  facet normal 0.613243 -0.789895 0
    outer loop
      vertex 53.0877 20.3115 0
      vertex 53.2366 20.4271 2.01
      vertex 53.0877 20.3115 2.01
    endloop
  endfacet
  facet normal 0.613243 -0.789895 0
    outer loop
      vertex 53.2366 20.4271 2.01
      vertex 53.0877 20.3115 0
      vertex 53.2366 20.4271 0
    endloop
  endfacet
  facet normal 0.917794 0.397056 0
    outer loop
      vertex 52.2855 16.7227 2.01
      vertex 52.2107 16.8956 0
      vertex 52.2107 16.8956 2.01
    endloop
  endfacet
  facet normal 0.917794 0.397056 0
    outer loop
      vertex 52.2107 16.8956 0
      vertex 52.2855 16.7227 2.01
      vertex 52.2855 16.7227 0
    endloop
  endfacet
  facet normal -0.397056 0.917794 0
    outer loop
      vertex 56.2773 15.2855 0
      vertex 56.1044 15.2107 2.01
      vertex 56.2773 15.2855 2.01
    endloop
  endfacet
  facet normal -0.397056 0.917794 0
    outer loop
      vertex 56.1044 15.2107 2.01
      vertex 56.2773 15.2855 0
      vertex 56.1044 15.2107 0
    endloop
  endfacet
  facet normal 0.707107 -0.707107 0
    outer loop
      vertex 52.8131 20.0536 2.01
      vertex 52.9464 20.1869 0
      vertex 52.9464 20.1869 2.01
    endloop
  endfacet
  facet normal 0.707107 -0.707107 0
    outer loop
      vertex 52.9464 20.1869 0
      vertex 52.8131 20.0536 2.01
      vertex 52.8131 20.0536 0
    endloop
  endfacet
  facet normal 0.995529 -0.0944585 0
    outer loop
      vertex 52.0059 18.1884 2.01
      vertex 52.0237 18.376 0
      vertex 52.0237 18.376 2.01
    endloop
  endfacet
  facet normal 0.995529 -0.0944585 0
    outer loop
      vertex 52.0237 18.376 0
      vertex 52.0059 18.1884 2.01
      vertex 52.0059 18.1884 0
    endloop
  endfacet
  facet normal 0.397056 0.917794 -0
    outer loop
      vertex 53.8956 15.2107 0
      vertex 53.7227 15.2855 2.01
      vertex 53.8956 15.2107 2.01
    endloop
  endfacet
  facet normal 0.397056 0.917794 0
    outer loop
      vertex 53.7227 15.2855 2.01
      vertex 53.8956 15.2107 0
      vertex 53.7227 15.2855 0
    endloop
  endfacet
  facet normal 0.339058 0.940766 -0
    outer loop
      vertex 54.0729 15.1468 0
      vertex 53.8956 15.2107 2.01
      vertex 54.0729 15.1468 2.01
    endloop
  endfacet
  facet normal 0.339058 0.940766 0
    outer loop
      vertex 53.8956 15.2107 2.01
      vertex 54.0729 15.1468 0
      vertex 53.8956 15.2107 0
    endloop
  endfacet
  facet normal -0.940766 0.339058 0
    outer loop
      vertex 57.7893 16.8956 0
      vertex 57.8532 17.0729 2.01
      vertex 57.8532 17.0729 0
    endloop
  endfacet
  facet normal -0.940766 0.339058 0
    outer loop
      vertex 57.8532 17.0729 2.01
      vertex 57.7893 16.8956 0
      vertex 57.7893 16.8956 2.01
    endloop
  endfacet
  facet normal 0.561904 0.827203 -0
    outer loop
      vertex 53.3925 15.467 0
      vertex 53.2366 15.5729 2.01
      vertex 53.3925 15.467 2.01
    endloop
  endfacet
  facet normal 0.561904 0.827203 0
    outer loop
      vertex 53.2366 15.5729 2.01
      vertex 53.3925 15.467 0
      vertex 53.2366 15.5729 0
    endloop
  endfacet
  facet normal -0.217997 -0.975949 0
    outer loop
      vertex 55.5621 20.9469 0
      vertex 55.7461 20.9058 2.01
      vertex 55.5621 20.9469 2.01
    endloop
  endfacet
  facet normal -0.217997 -0.975949 -0
    outer loop
      vertex 55.7461 20.9058 2.01
      vertex 55.5621 20.9469 0
      vertex 55.7461 20.9058 0
    endloop
  endfacet
  facet normal 0.707107 0.707107 0
    outer loop
      vertex 52.9464 15.8131 2.01
      vertex 52.8131 15.9464 0
      vertex 52.8131 15.9464 2.01
    endloop
  endfacet
  facet normal 0.707107 0.707107 0
    outer loop
      vertex 52.8131 15.9464 0
      vertex 52.9464 15.8131 2.01
      vertex 52.9464 15.8131 0
    endloop
  endfacet
  facet normal -0.649054 0.281012 0.706938
    outer loop
      vertex 57.7893 16.8956 2.01
      vertex 60.4199 15.4496 5
      vertex 60.5694 15.7949 5
    endloop
  endfacet
  facet normal -0.649142 0.280832 0.706929
    outer loop
      vertex 60.4199 15.4496 5
      vertex 57.7893 16.8956 2.01
      vertex 57.7145 16.7227 2.01
    endloop
  endfacet
  facet normal 0.500124 0.500124 0.706931
    outer loop
      vertex 52.8131 15.9464 2.01
      vertex 50.8996 13.6335 5
      vertex 52.9464 15.8131 2.01
    endloop
  endfacet
  facet normal 0.500124 0.500124 0.706931
    outer loop
      vertex 50.8996 13.6335 5
      vertex 52.8131 15.9464 2.01
      vertex 50.6335 13.8996 5
    endloop
  endfacet
  facet normal 0.433746 0.558691 0.706915
    outer loop
      vertex 51.4787 13.1544 5
      vertex 53.2366 15.5729 2.01
      vertex 53.0877 15.6885 2.01
    endloop
  endfacet
  facet normal 0.441971 0.552464 0.706714
    outer loop
      vertex 53.2366 15.5729 2.01
      vertex 51.4787 13.1544 5
      vertex 51.4792 13.154 5
    endloop
  endfacet
  facet normal 0.585064 -0.397423 0.706933
    outer loop
      vertex 49.9428 21.2101 5
      vertex 52.467 19.6075 2.01
      vertex 52.5729 19.7634 2.01
    endloop
  endfacet
  facet normal 0.606439 -0.363863 0.70699
    outer loop
      vertex 52.467 19.6075 2.01
      vertex 49.9428 21.2101 5
      vertex 49.9425 21.2096 5
    endloop
  endfacet
  facet normal -0.706932 -0.0222152 0.706932
    outer loop
      vertex 60.99 18 5
      vertex 60.9782 18.3755 5
      vertex 58 18 2.01
    endloop
  endfacet
  facet normal -0.707805 0 0.706408
    outer loop
      vertex 57.9941 18.1884 2.01
      vertex 60.9782 18.3755 5
      vertex 60.9782 18.3761 5
    endloop
  endfacet
  facet normal -0.706938 -0.0221387 0.706929
    outer loop
      vertex 60.9782 18.3755 5
      vertex 57.9941 18.1884 2.01
      vertex 58 18 2.01
    endloop
  endfacet
  facet normal 0.63022 0.321041 0.706933
    outer loop
      vertex 49.7509 15.1143 5
      vertex 52.3711 16.5547 2.01
      vertex 49.5804 15.449 5
    endloop
  endfacet
  facet normal -0.397619 0.584944 0.706922
    outer loop
      vertex 58.2101 12.9428 5
      vertex 58.5208 13.154 5
      vertex 56.7634 15.5729 2.01
    endloop
  endfacet
  facet normal -0.530485 0.467788 0.706937
    outer loop
      vertex 57.1869 15.9464 2.01
      vertex 59.3669 13.9 5
      vertex 57.3115 16.0877 2.01
    endloop
  endfacet
  facet normal -0.500124 0.500124 0.706931
    outer loop
      vertex 59.3669 13.9 5
      vertex 57.1869 15.9464 2.01
      vertex 59.3665 13.8996 5
    endloop
  endfacet
  facet normal -0.110685 0.698559 0.70694
    outer loop
      vertex 55.7507 12.0572 5
      vertex 56.1218 12.116 5
      vertex 55.376 15.0237 2.01
    endloop
  endfacet
  facet normal -0.697585 0.116264 0.707006
    outer loop
      vertex 57.9469 17.4379 2.01
      vertex 60.8838 16.877 5
      vertex 60.8839 16.8776 5
    endloop
  endfacet
  facet normal -0.690269 0.154185 0.706934
    outer loop
      vertex 60.8838 16.877 5
      vertex 57.9469 17.4379 2.01
      vertex 57.9058 17.2539 2.01
    endloop
  endfacet
  facet normal -0.19734 -0.679202 0.706924
    outer loop
      vertex 56.851 23.6968 5
      vertex 56.4903 23.8016 5
      vertex 55.9271 20.8532 2.01
    endloop
  endfacet
  facet normal -0.679202 -0.19734 0.706924
    outer loop
      vertex 60.8016 19.4903 5
      vertex 60.6968 19.851 5
      vertex 57.8532 18.9271 2.01
    endloop
  endfacet
  facet normal -0.699313 0.116552 0.70525
    outer loop
      vertex 57.9941 17.8116 2.01
      vertex 60.9781 17.6233 5
      vertex 60.9782 17.6239 5
    endloop
  endfacet
  facet normal -0.704128 0.0668096 0.706923
    outer loop
      vertex 60.9781 17.6233 5
      vertex 57.9941 17.8116 2.01
      vertex 57.9763 17.624 2.01
    endloop
  endfacet
  facet normal -0.558949 0.433379 0.706936
    outer loop
      vertex 59.6154 14.1818 5
      vertex 59.8456 14.4787 5
      vertex 57.3115 16.0877 2.01
    endloop
  endfacet
  facet normal -0.608833 0.35997 0.706926
    outer loop
      vertex 57.533 16.3925 2.01
      vertex 60.0578 14.7909 5
      vertex 57.6289 16.5547 2.01
    endloop
  endfacet
  facet normal -0.606439 0.363863 0.70699
    outer loop
      vertex 60.0578 14.7909 5
      vertex 57.533 16.3925 2.01
      vertex 60.0575 14.7904 5
    endloop
  endfacet
  facet normal -0.584944 0.397619 0.706922
    outer loop
      vertex 59.846 14.4792 5
      vertex 60.0572 14.7899 5
      vertex 57.4271 16.2366 2.01
    endloop
  endfacet
  facet normal -0.698559 0.110685 0.70694
    outer loop
      vertex 60.884 16.8782 5
      vertex 60.9428 17.2493 5
      vertex 57.9763 17.624 2.01
    endloop
  endfacet
  facet normal -0.19734 0.679202 0.706924
    outer loop
      vertex 56.4903 12.1984 5
      vertex 56.851 12.3032 5
      vertex 55.9271 15.1468 2.01
    endloop
  endfacet
  facet normal 0.239806 0.665377 0.706942
    outer loop
      vertex 53.8956 15.2107 2.01
      vertex 52.7955 12.4304 5
      vertex 54.0729 15.1468 2.01
    endloop
  endfacet
  facet normal 0.223775 0.671325 0.706575
    outer loop
      vertex 52.7955 12.4304 5
      vertex 53.8956 15.2107 2.01
      vertex 52.7949 12.4306 5
    endloop
  endfacet
  facet normal 0.558949 -0.433379 0.706936
    outer loop
      vertex 52.6885 19.9123 2.01
      vertex 50.3846 21.8182 5
      vertex 50.1544 21.5213 5
    endloop
  endfacet
  facet normal -0.500124 0.500124 0.706931
    outer loop
      vertex 57.1869 15.9464 2.01
      vertex 59.1004 13.6335 5
      vertex 59.3665 13.8996 5
    endloop
  endfacet
  facet normal -0.500124 0.500124 0.706931
    outer loop
      vertex 59.1004 13.6335 5
      vertex 57.1869 15.9464 2.01
      vertex 57.0536 15.8131 2.01
    endloop
  endfacet
  facet normal 0 0.707805 0.706408
    outer loop
      vertex 55.1884 15.0059 2.01
      vertex 55.3755 12.0218 5
      vertex 55.3761 12.0218 5
    endloop
  endfacet
  facet normal -0.0221387 0.706938 0.706929
    outer loop
      vertex 55.3755 12.0218 5
      vertex 55.1884 15.0059 2.01
      vertex 55 15 2.01
    endloop
  endfacet
  facet normal -0.706932 0.0222152 0.706932
    outer loop
      vertex 60.9782 17.6245 5
      vertex 60.99 18 5
      vertex 58 18 2.01
    endloop
  endfacet
  facet normal -0.665515 0.239472 0.706925
    outer loop
      vertex 60.5696 15.7955 5
      vertex 60.6968 16.149 5
      vertex 57.8532 17.0729 2.01
    endloop
  endfacet
  facet normal 0.558949 0.433379 0.706936
    outer loop
      vertex 50.3846 14.1818 5
      vertex 52.6885 16.0877 2.01
      vertex 50.1544 14.4787 5
    endloop
  endfacet
  facet normal -0.0222152 0.706932 0.706932
    outer loop
      vertex 55.3755 12.0218 5
      vertex 55 15 2.01
      vertex 55 12.01 5
    endloop
  endfacet
  facet normal 0.0221387 -0.706938 0.706929
    outer loop
      vertex 54.6245 23.9782 5
      vertex 54.8116 20.9941 2.01
      vertex 55 21 2.01
    endloop
  endfacet
  facet normal 0 -0.707805 0.706408
    outer loop
      vertex 54.8116 20.9941 2.01
      vertex 54.6245 23.9782 5
      vertex 54.6239 23.9782 5
    endloop
  endfacet
  facet normal -0.223775 0.671325 0.706575
    outer loop
      vertex 56.1044 15.2107 2.01
      vertex 57.2045 12.4304 5
      vertex 57.2051 12.4306 5
    endloop
  endfacet
  facet normal -0.239806 0.665377 0.706942
    outer loop
      vertex 57.2045 12.4304 5
      vertex 56.1044 15.2107 2.01
      vertex 55.9271 15.1468 2.01
    endloop
  endfacet
  facet normal -0.116264 -0.697585 0.707006
    outer loop
      vertex 55.5621 20.9469 2.01
      vertex 56.123 23.8838 5
      vertex 56.1224 23.8839 5
    endloop
  endfacet
  facet normal -0.154185 -0.690269 0.706934
    outer loop
      vertex 56.123 23.8838 5
      vertex 55.5621 20.9469 2.01
      vertex 55.7461 20.9058 2.01
    endloop
  endfacet
  facet normal 0.316274 -0.632547 0.707004
    outer loop
      vertex 52.449 23.4196 5
      vertex 53.7227 20.7145 2.01
      vertex 52.4496 23.4199 5
    endloop
  endfacet
  facet normal 0.321099 -0.630194 0.70693
    outer loop
      vertex 53.7227 20.7145 2.01
      vertex 52.449 23.4196 5
      vertex 53.5547 20.6289 2.01
    endloop
  endfacet
  facet normal -0.63022 0.321041 0.706933
    outer loop
      vertex 60.2491 15.1143 5
      vertex 60.4196 15.449 5
      vertex 57.6289 16.5547 2.01
    endloop
  endfacet
  facet normal -0.363863 0.606439 0.70699
    outer loop
      vertex 56.6075 15.467 2.01
      vertex 58.2091 12.9422 5
      vertex 58.2096 12.9425 5
    endloop
  endfacet
  facet normal -0.35997 0.608833 0.706926
    outer loop
      vertex 58.2091 12.9422 5
      vertex 56.6075 15.467 2.01
      vertex 56.4453 15.3711 2.01
    endloop
  endfacet
  facet normal -0.608752 0.360093 0.706933
    outer loop
      vertex 60.0578 14.7909 5
      vertex 60.2491 15.1143 5
      vertex 57.6289 16.5547 2.01
    endloop
  endfacet
  facet normal -0.606439 0.363863 0.70699
    outer loop
      vertex 57.533 16.3925 2.01
      vertex 60.0572 14.7899 5
      vertex 60.0575 14.7904 5
    endloop
  endfacet
  facet normal -0.585064 0.397423 0.706933
    outer loop
      vertex 60.0572 14.7899 5
      vertex 57.533 16.3925 2.01
      vertex 57.4271 16.2366 2.01
    endloop
  endfacet
  facet normal 0.110685 -0.698559 0.70694
    outer loop
      vertex 54.624 20.9763 2.01
      vertex 54.2493 23.9428 5
      vertex 53.8782 23.884 5
    endloop
  endfacet
  facet normal -0.223886 -0.671658 0.706222
    outer loop
      vertex 55.7461 20.9058 2.01
      vertex 56.4903 23.8016 5
      vertex 56.4897 23.8018 5
    endloop
  endfacet
  facet normal -0.197379 -0.679193 0.706922
    outer loop
      vertex 56.4903 23.8016 5
      vertex 55.7461 20.9058 2.01
      vertex 55.9271 20.8532 2.01
    endloop
  endfacet
  facet normal 0.665515 0.239472 0.706925
    outer loop
      vertex 49.4304 15.7955 5
      vertex 52.1468 17.0729 2.01
      vertex 49.3032 16.149 5
    endloop
  endfacet
  facet normal 0.397423 0.585064 0.706933
    outer loop
      vertex 51.7899 12.9428 5
      vertex 53.3925 15.467 2.01
      vertex 53.2366 15.5729 2.01
    endloop
  endfacet
  facet normal 0.363863 0.606439 0.70699
    outer loop
      vertex 53.3925 15.467 2.01
      vertex 51.7899 12.9428 5
      vertex 51.7904 12.9425 5
    endloop
  endfacet
  facet normal 0.53048 -0.467794 0.706937
    outer loop
      vertex 52.6885 19.9123 2.01
      vertex 50.6331 22.1 5
      vertex 50.3846 21.8182 5
    endloop
  endfacet
  facet normal -0.606439 -0.363863 0.70699
    outer loop
      vertex 57.533 19.6075 2.01
      vertex 60.0578 21.2091 5
      vertex 60.0575 21.2096 5
    endloop
  endfacet
  facet normal -0.608833 -0.35997 0.706926
    outer loop
      vertex 60.0578 21.2091 5
      vertex 57.533 19.6075 2.01
      vertex 57.6289 19.4453 2.01
    endloop
  endfacet
  facet normal -0.441971 -0.552464 0.706714
    outer loop
      vertex 56.7634 20.4271 2.01
      vertex 58.5213 22.8456 5
      vertex 58.5208 22.846 5
    endloop
  endfacet
  facet normal -0.433746 -0.558691 0.706915
    outer loop
      vertex 58.5213 22.8456 5
      vertex 56.7634 20.4271 2.01
      vertex 56.9123 20.3115 2.01
    endloop
  endfacet
  facet normal -0.239472 0.665515 0.706925
    outer loop
      vertex 56.851 12.3032 5
      vertex 57.2045 12.4304 5
      vertex 55.9271 15.1468 2.01
    endloop
  endfacet
  facet normal -0.360093 -0.608752 0.706933
    outer loop
      vertex 58.2091 23.0578 5
      vertex 57.8857 23.2491 5
      vertex 56.4453 20.6289 2.01
    endloop
  endfacet
  facet normal 0.704145 0.0664607 0.706939
    outer loop
      vertex 49.0572 17.2493 5
      vertex 52.0237 17.624 2.01
      vertex 49.0219 17.6233 5
    endloop
  endfacet
  facet normal 0.397619 0.584944 0.706922
    outer loop
      vertex 51.7899 12.9428 5
      vertex 53.2366 15.5729 2.01
      vertex 51.4792 13.154 5
    endloop
  endfacet
  facet normal 0.154544 0.690195 0.706928
    outer loop
      vertex 53.877 12.1162 5
      vertex 54.4379 15.0531 2.01
      vertex 54.2539 15.0943 2.01
    endloop
  endfacet
  facet normal 0.116264 0.697585 0.707006
    outer loop
      vertex 54.4379 15.0531 2.01
      vertex 53.877 12.1162 5
      vertex 53.8776 12.1161 5
    endloop
  endfacet
  facet normal -0.281015 -0.64906 0.706932
    outer loop
      vertex 57.2051 23.5694 5
      vertex 56.2773 20.7145 2.01
      vertex 57.5504 23.4199 5
    endloop
  endfacet
  facet normal -0.280827 -0.649131 0.706941
    outer loop
      vertex 56.2773 20.7145 2.01
      vertex 57.2051 23.5694 5
      vertex 56.1044 20.7893 2.01
    endloop
  endfacet
  facet normal 0.110368 0.698625 0.706924
    outer loop
      vertex 54.4379 15.0531 2.01
      vertex 53.8782 12.116 5
      vertex 54.624 15.0237 2.01
    endloop
  endfacet
  facet normal 0.116264 0.697585 0.707006
    outer loop
      vertex 53.8782 12.116 5
      vertex 54.4379 15.0531 2.01
      vertex 53.8776 12.1161 5
    endloop
  endfacet
  facet normal 0.19734 0.679202 0.706924
    outer loop
      vertex 53.5097 12.1984 5
      vertex 54.0729 15.1468 2.01
      vertex 53.149 12.3032 5
    endloop
  endfacet
  facet normal 0.239472 -0.665515 0.706925
    outer loop
      vertex 54.0729 20.8532 2.01
      vertex 53.149 23.6968 5
      vertex 52.7955 23.5696 5
    endloop
  endfacet
  facet normal 0.441971 -0.552464 0.706714
    outer loop
      vertex 51.4787 22.8456 5
      vertex 53.2366 20.4271 2.01
      vertex 51.4792 22.846 5
    endloop
  endfacet
  facet normal 0.433746 -0.558691 0.706915
    outer loop
      vertex 53.2366 20.4271 2.01
      vertex 51.4787 22.8456 5
      vertex 53.0877 20.3115 2.01
    endloop
  endfacet
  facet normal -0.467794 0.53048 0.706937
    outer loop
      vertex 58.8182 13.3846 5
      vertex 59.1 13.6331 5
      vertex 56.9123 15.6885 2.01
    endloop
  endfacet
  facet normal -0.321041 0.63022 0.706933
    outer loop
      vertex 57.551 12.5804 5
      vertex 57.8857 12.7509 5
      vertex 56.4453 15.3711 2.01
    endloop
  endfacet
  facet normal 0.630194 -0.321099 0.70693
    outer loop
      vertex 49.5804 20.551 5
      vertex 52.2855 19.2773 2.01
      vertex 52.3711 19.4453 2.01
    endloop
  endfacet
  facet normal 0.632547 -0.316274 0.707004
    outer loop
      vertex 52.2855 19.2773 2.01
      vertex 49.5804 20.551 5
      vertex 49.5801 20.5504 5
    endloop
  endfacet
  facet normal -0.433379 0.558949 0.706936
    outer loop
      vertex 58.5213 13.1544 5
      vertex 58.8182 13.3846 5
      vertex 56.9123 15.6885 2.01
    endloop
  endfacet
  facet normal -0.397423 0.585064 0.706933
    outer loop
      vertex 56.6075 15.467 2.01
      vertex 58.2101 12.9428 5
      vertex 56.7634 15.5729 2.01
    endloop
  endfacet
  facet normal -0.363863 0.606439 0.70699
    outer loop
      vertex 58.2101 12.9428 5
      vertex 56.6075 15.467 2.01
      vertex 58.2096 12.9425 5
    endloop
  endfacet
  facet normal 0.53048 0.467794 0.706937
    outer loop
      vertex 50.6331 13.9 5
      vertex 52.6885 16.0877 2.01
      vertex 50.3846 14.1818 5
    endloop
  endfacet
  facet normal -0.433746 0.558691 0.706915
    outer loop
      vertex 56.7634 15.5729 2.01
      vertex 58.5213 13.1544 5
      vertex 56.9123 15.6885 2.01
    endloop
  endfacet
  facet normal -0.441971 0.552464 0.706714
    outer loop
      vertex 58.5213 13.1544 5
      vertex 56.7634 15.5729 2.01
      vertex 58.5208 13.154 5
    endloop
  endfacet
  facet normal 0.690269 -0.154185 0.706934
    outer loop
      vertex 49.1162 19.123 5
      vertex 52.0531 18.5621 2.01
      vertex 52.0942 18.7461 2.01
    endloop
  endfacet
  facet normal 0.697585 -0.116264 0.707006
    outer loop
      vertex 52.0531 18.5621 2.01
      vertex 49.1162 19.123 5
      vertex 49.1161 19.1224 5
    endloop
  endfacet
  facet normal -0.706938 0.0221387 0.706929
    outer loop
      vertex 57.9941 17.8116 2.01
      vertex 60.9782 17.6245 5
      vertex 58 18 2.01
    endloop
  endfacet
  facet normal -0.707805 0 0.706408
    outer loop
      vertex 60.9782 17.6245 5
      vertex 57.9941 17.8116 2.01
      vertex 60.9782 17.6239 5
    endloop
  endfacet
  facet normal -0.53048 -0.467794 0.706937
    outer loop
      vertex 59.6154 21.8182 5
      vertex 59.3669 22.1 5
      vertex 57.3115 19.9123 2.01
    endloop
  endfacet
  facet normal 0.500124 -0.500124 0.706931
    outer loop
      vertex 50.8996 22.3665 5
      vertex 52.8131 20.0536 2.01
      vertex 52.9464 20.1869 2.01
    endloop
  endfacet
  facet normal 0.500124 -0.500124 0.706931
    outer loop
      vertex 52.8131 20.0536 2.01
      vertex 50.8996 22.3665 5
      vertex 50.6335 22.1004 5
    endloop
  endfacet
  facet normal 0.698559 0.110685 0.70694
    outer loop
      vertex 49.116 16.8782 5
      vertex 52.0237 17.624 2.01
      vertex 49.0572 17.2493 5
    endloop
  endfacet
  facet normal -0.698625 0.110368 0.706924
    outer loop
      vertex 57.9469 17.4379 2.01
      vertex 60.884 16.8782 5
      vertex 57.9763 17.624 2.01
    endloop
  endfacet
  facet normal -0.697585 0.116264 0.707006
    outer loop
      vertex 60.884 16.8782 5
      vertex 57.9469 17.4379 2.01
      vertex 60.8839 16.8776 5
    endloop
  endfacet
  facet normal 0.116552 -0.699313 0.70525
    outer loop
      vertex 54.6233 23.9781 5
      vertex 54.8116 20.9941 2.01
      vertex 54.6239 23.9782 5
    endloop
  endfacet
  facet normal 0.0668096 -0.704128 0.706923
    outer loop
      vertex 54.8116 20.9941 2.01
      vertex 54.6233 23.9781 5
      vertex 54.624 20.9763 2.01
    endloop
  endfacet
  facet normal -0.0664607 -0.704145 0.706939
    outer loop
      vertex 55.7507 23.9428 5
      vertex 55.3767 23.9781 5
      vertex 55.376 20.9763 2.01
    endloop
  endfacet
  facet normal 0.467788 0.530485 0.706937
    outer loop
      vertex 52.9464 15.8131 2.01
      vertex 50.9 13.6331 5
      vertex 53.0877 15.6885 2.01
    endloop
  endfacet
  facet normal 0.500124 0.500124 0.706931
    outer loop
      vertex 50.9 13.6331 5
      vertex 52.9464 15.8131 2.01
      vertex 50.8996 13.6335 5
    endloop
  endfacet
  facet normal -0.500124 0.500124 0.706931
    outer loop
      vertex 57.0536 15.8131 2.01
      vertex 59.1 13.6331 5
      vertex 59.1004 13.6335 5
    endloop
  endfacet
  facet normal -0.467788 0.530485 0.706937
    outer loop
      vertex 59.1 13.6331 5
      vertex 57.0536 15.8131 2.01
      vertex 56.9123 15.6885 2.01
    endloop
  endfacet
  facet normal 0.19734 -0.679202 0.706924
    outer loop
      vertex 54.0729 20.8532 2.01
      vertex 53.5097 23.8016 5
      vertex 53.149 23.6968 5
    endloop
  endfacet
  facet normal 0.0668096 0.704128 0.706923
    outer loop
      vertex 54.6233 12.0219 5
      vertex 54.8116 15.0059 2.01
      vertex 54.624 15.0237 2.01
    endloop
  endfacet
  facet normal 0.116552 0.699313 0.70525
    outer loop
      vertex 54.8116 15.0059 2.01
      vertex 54.6233 12.0219 5
      vertex 54.6239 12.0218 5
    endloop
  endfacet
  facet normal 0.0222152 0.706932 0.706932
    outer loop
      vertex 55 12.01 5
      vertex 55 15 2.01
      vertex 54.6245 12.0218 5
    endloop
  endfacet
  facet normal -0.321099 0.630194 0.70693
    outer loop
      vertex 56.2773 15.2855 2.01
      vertex 57.551 12.5804 5
      vertex 56.4453 15.3711 2.01
    endloop
  endfacet
  facet normal -0.316274 0.632547 0.707004
    outer loop
      vertex 57.551 12.5804 5
      vertex 56.2773 15.2855 2.01
      vertex 57.5504 12.5801 5
    endloop
  endfacet
  facet normal -0.606439 -0.363863 0.70699
    outer loop
      vertex 60.0572 21.2101 5
      vertex 57.533 19.6075 2.01
      vertex 60.0575 21.2096 5
    endloop
  endfacet
  facet normal -0.585064 -0.397423 0.706933
    outer loop
      vertex 57.533 19.6075 2.01
      vertex 60.0572 21.2101 5
      vertex 57.4271 19.7634 2.01
    endloop
  endfacet
  facet normal 0.360093 0.608752 0.706933
    outer loop
      vertex 52.1143 12.7509 5
      vertex 53.5547 15.3711 2.01
      vertex 51.7909 12.9422 5
    endloop
  endfacet
  facet normal 0.321041 -0.63022 0.706933
    outer loop
      vertex 53.5547 20.6289 2.01
      vertex 52.449 23.4196 5
      vertex 52.1143 23.2491 5
    endloop
  endfacet
  facet normal -0.649054 -0.281012 0.706938
    outer loop
      vertex 60.4199 20.5504 5
      vertex 57.7893 19.1044 2.01
      vertex 60.5694 20.2051 5
    endloop
  endfacet
  facet normal -0.649142 -0.280832 0.706929
    outer loop
      vertex 57.7893 19.1044 2.01
      vertex 60.4199 20.5504 5
      vertex 57.7145 19.2773 2.01
    endloop
  endfacet
  facet normal -0.116264 0.697585 0.707006
    outer loop
      vertex 55.5621 15.0531 2.01
      vertex 56.1218 12.116 5
      vertex 56.1224 12.1161 5
    endloop
  endfacet
  facet normal -0.110368 0.698625 0.706924
    outer loop
      vertex 56.1218 12.116 5
      vertex 55.5621 15.0531 2.01
      vertex 55.376 15.0237 2.01
    endloop
  endfacet
  facet normal 0.0664607 -0.704145 0.706939
    outer loop
      vertex 54.624 20.9763 2.01
      vertex 54.6233 23.9781 5
      vertex 54.2493 23.9428 5
    endloop
  endfacet
  facet normal -0.281015 0.64906 0.706932
    outer loop
      vertex 56.2773 15.2855 2.01
      vertex 57.2051 12.4306 5
      vertex 57.5504 12.5801 5
    endloop
  endfacet
  facet normal -0.280827 0.649131 0.706941
    outer loop
      vertex 57.2051 12.4306 5
      vertex 56.2773 15.2855 2.01
      vertex 56.1044 15.2107 2.01
    endloop
  endfacet
  facet normal 0.239472 0.665515 0.706925
    outer loop
      vertex 53.149 12.3032 5
      vertex 54.0729 15.1468 2.01
      vertex 52.7955 12.4304 5
    endloop
  endfacet
  facet normal 0.321041 0.63022 0.706933
    outer loop
      vertex 52.449 12.5804 5
      vertex 53.5547 15.3711 2.01
      vertex 52.1143 12.7509 5
    endloop
  endfacet
  facet normal -0.0668096 0.704128 0.706923
    outer loop
      vertex 55.1884 15.0059 2.01
      vertex 55.3767 12.0219 5
      vertex 55.376 15.0237 2.01
    endloop
  endfacet
  facet normal -0.116552 0.699313 0.70525
    outer loop
      vertex 55.3767 12.0219 5
      vertex 55.1884 15.0059 2.01
      vertex 55.3761 12.0218 5
    endloop
  endfacet
  facet normal -0.632547 0.316274 0.707004
    outer loop
      vertex 57.7145 16.7227 2.01
      vertex 60.4196 15.449 5
      vertex 60.4199 15.4496 5
    endloop
  endfacet
  facet normal -0.630194 0.321099 0.70693
    outer loop
      vertex 60.4196 15.449 5
      vertex 57.7145 16.7227 2.01
      vertex 57.6289 16.5547 2.01
    endloop
  endfacet
  facet normal 0.558691 -0.433746 0.706915
    outer loop
      vertex 50.1544 21.5213 5
      vertex 52.5729 19.7634 2.01
      vertex 52.6885 19.9123 2.01
    endloop
  endfacet
  facet normal 0.552464 -0.441971 0.706714
    outer loop
      vertex 52.5729 19.7634 2.01
      vertex 50.1544 21.5213 5
      vertex 50.154 21.5208 5
    endloop
  endfacet
  facet normal -0.53048 0.467794 0.706937
    outer loop
      vertex 59.3669 13.9 5
      vertex 59.6154 14.1818 5
      vertex 57.3115 16.0877 2.01
    endloop
  endfacet
  facet normal -0.154544 0.690195 0.706928
    outer loop
      vertex 55.5621 15.0531 2.01
      vertex 56.123 12.1162 5
      vertex 55.7461 15.0943 2.01
    endloop
  endfacet
  facet normal -0.116264 0.697585 0.707006
    outer loop
      vertex 56.123 12.1162 5
      vertex 55.5621 15.0531 2.01
      vertex 56.1224 12.1161 5
    endloop
  endfacet
  facet normal -0.704145 0.0664607 0.706939
    outer loop
      vertex 60.9428 17.2493 5
      vertex 60.9781 17.6233 5
      vertex 57.9763 17.624 2.01
    endloop
  endfacet
  facet normal -0.63022 -0.321041 0.706933
    outer loop
      vertex 60.4196 20.551 5
      vertex 60.2491 20.8857 5
      vertex 57.6289 19.4453 2.01
    endloop
  endfacet
  facet normal -0.69024 0.154349 0.706926
    outer loop
      vertex 60.8018 16.5103 5
      vertex 60.8838 16.877 5
      vertex 57.9058 17.2539 2.01
    endloop
  endfacet
  facet normal 0.584944 0.397619 0.706922
    outer loop
      vertex 50.154 14.4792 5
      vertex 52.5729 16.2366 2.01
      vertex 49.9428 14.7899 5
    endloop
  endfacet
  facet normal -0.552464 0.441971 0.706714
    outer loop
      vertex 57.4271 16.2366 2.01
      vertex 59.8456 14.4787 5
      vertex 59.846 14.4792 5
    endloop
  endfacet
  facet normal -0.558691 0.433746 0.706915
    outer loop
      vertex 59.8456 14.4787 5
      vertex 57.4271 16.2366 2.01
      vertex 57.3115 16.0877 2.01
    endloop
  endfacet
  facet normal 0.116264 -0.697585 0.707006
    outer loop
      vertex 53.877 23.8838 5
      vertex 54.4379 20.9469 2.01
      vertex 53.8776 23.8839 5
    endloop
  endfacet
  facet normal 0.154185 -0.690269 0.706934
    outer loop
      vertex 54.4379 20.9469 2.01
      vertex 53.877 23.8838 5
      vertex 54.2539 20.9058 2.01
    endloop
  endfacet
  facet normal -0.0664607 0.704145 0.706939
    outer loop
      vertex 55.3767 12.0219 5
      vertex 55.7507 12.0572 5
      vertex 55.376 15.0237 2.01
    endloop
  endfacet
  facet normal 0.679193 0.197379 0.706922
    outer loop
      vertex 52.0942 17.2539 2.01
      vertex 49.1984 16.5097 5
      vertex 52.1468 17.0729 2.01
    endloop
  endfacet
  facet normal 0.671658 0.223886 0.706222
    outer loop
      vertex 49.1984 16.5097 5
      vertex 52.0942 17.2539 2.01
      vertex 49.1982 16.5103 5
    endloop
  endfacet
  facet normal -0.363863 -0.606439 0.70699
    outer loop
      vertex 56.6075 20.533 2.01
      vertex 58.2101 23.0572 5
      vertex 58.2096 23.0575 5
    endloop
  endfacet
  facet normal -0.397423 -0.585064 0.706933
    outer loop
      vertex 58.2101 23.0572 5
      vertex 56.6075 20.533 2.01
      vertex 56.7634 20.4271 2.01
    endloop
  endfacet
  facet normal -0.197028 0.679277 0.706939
    outer loop
      vertex 55.7461 15.0943 2.01
      vertex 56.4903 12.1984 5
      vertex 55.9271 15.1468 2.01
    endloop
  endfacet
  facet normal -0.223883 0.671648 0.706234
    outer loop
      vertex 56.4903 12.1984 5
      vertex 55.7461 15.0943 2.01
      vertex 56.4897 12.1982 5
    endloop
  endfacet
  facet normal 0.433379 0.558949 0.706936
    outer loop
      vertex 51.4787 13.1544 5
      vertex 53.0877 15.6885 2.01
      vertex 51.1818 13.3846 5
    endloop
  endfacet
  facet normal 0.706938 0.0221387 0.706929
    outer loop
      vertex 49.0218 17.6245 5
      vertex 52.0059 17.8116 2.01
      vertex 52 18 2.01
    endloop
  endfacet
  facet normal 0.707805 0 0.706408
    outer loop
      vertex 52.0059 17.8116 2.01
      vertex 49.0218 17.6245 5
      vertex 49.0218 17.6239 5
    endloop
  endfacet
  facet normal -0.360093 0.608752 0.706933
    outer loop
      vertex 57.8857 12.7509 5
      vertex 58.2091 12.9422 5
      vertex 56.4453 15.3711 2.01
    endloop
  endfacet
  facet normal 0.679202 0.19734 0.706924
    outer loop
      vertex 49.3032 16.149 5
      vertex 52.1468 17.0729 2.01
      vertex 49.1984 16.5097 5
    endloop
  endfacet
  facet normal -0.316274 -0.632547 0.707004
    outer loop
      vertex 56.2773 20.7145 2.01
      vertex 57.551 23.4196 5
      vertex 57.5504 23.4199 5
    endloop
  endfacet
  facet normal -0.321099 -0.630194 0.70693
    outer loop
      vertex 57.551 23.4196 5
      vertex 56.2773 20.7145 2.01
      vertex 56.4453 20.6289 2.01
    endloop
  endfacet
  facet normal 0.63022 -0.321041 0.706933
    outer loop
      vertex 52.3711 19.4453 2.01
      vertex 49.7509 20.8857 5
      vertex 49.5804 20.551 5
    endloop
  endfacet
  facet normal 0.397619 -0.584944 0.706922
    outer loop
      vertex 53.2366 20.4271 2.01
      vertex 51.7899 23.0572 5
      vertex 51.4792 22.846 5
    endloop
  endfacet
  facet normal -0.363863 -0.606439 0.70699
    outer loop
      vertex 58.2091 23.0578 5
      vertex 56.6075 20.533 2.01
      vertex 58.2096 23.0575 5
    endloop
  endfacet
  facet normal -0.35997 -0.608833 0.706926
    outer loop
      vertex 56.6075 20.533 2.01
      vertex 58.2091 23.0578 5
      vertex 56.4453 20.6289 2.01
    endloop
  endfacet
  facet normal 0.69024 0.154349 0.706926
    outer loop
      vertex 49.1982 16.5103 5
      vertex 52.0942 17.2539 2.01
      vertex 49.1162 16.877 5
    endloop
  endfacet
  facet normal 0.704128 -0.0668096 0.706923
    outer loop
      vertex 49.0219 18.3767 5
      vertex 52.0059 18.1884 2.01
      vertex 52.0237 18.376 2.01
    endloop
  endfacet
  facet normal 0.699313 -0.116552 0.70525
    outer loop
      vertex 52.0059 18.1884 2.01
      vertex 49.0219 18.3767 5
      vertex 49.0218 18.3761 5
    endloop
  endfacet
  facet normal -0.239472 -0.665515 0.706925
    outer loop
      vertex 57.2045 23.5696 5
      vertex 56.851 23.6968 5
      vertex 55.9271 20.8532 2.01
    endloop
  endfacet
  facet normal 0.467794 0.53048 0.706937
    outer loop
      vertex 51.1818 13.3846 5
      vertex 53.0877 15.6885 2.01
      vertex 50.9 13.6331 5
    endloop
  endfacet
  facet normal 0.280827 0.649131 0.706941
    outer loop
      vertex 53.7227 15.2855 2.01
      vertex 52.7949 12.4306 5
      vertex 53.8956 15.2107 2.01
    endloop
  endfacet
  facet normal 0.281015 0.64906 0.706932
    outer loop
      vertex 52.7949 12.4306 5
      vertex 53.7227 15.2855 2.01
      vertex 52.4496 12.5801 5
    endloop
  endfacet
  facet normal -0.671658 -0.223886 0.706222
    outer loop
      vertex 60.8016 19.4903 5
      vertex 57.9058 18.7461 2.01
      vertex 60.8018 19.4897 5
    endloop
  endfacet
  facet normal -0.679193 -0.197379 0.706922
    outer loop
      vertex 57.9058 18.7461 2.01
      vertex 60.8016 19.4903 5
      vertex 57.8532 18.9271 2.01
    endloop
  endfacet
  facet normal 0.0221387 0.706938 0.706929
    outer loop
      vertex 54.8116 15.0059 2.01
      vertex 54.6245 12.0218 5
      vertex 55 15 2.01
    endloop
  endfacet
  facet normal 0 0.707805 0.706408
    outer loop
      vertex 54.6245 12.0218 5
      vertex 54.8116 15.0059 2.01
      vertex 54.6239 12.0218 5
    endloop
  endfacet
  facet normal 0.697585 -0.116264 0.707006
    outer loop
      vertex 49.116 19.1218 5
      vertex 52.0531 18.5621 2.01
      vertex 49.1161 19.1224 5
    endloop
  endfacet
  facet normal 0.698625 -0.110368 0.706924
    outer loop
      vertex 52.0531 18.5621 2.01
      vertex 49.116 19.1218 5
      vertex 52.0237 18.376 2.01
    endloop
  endfacet
  facet normal 0.608752 -0.360093 0.706933
    outer loop
      vertex 52.3711 19.4453 2.01
      vertex 49.9422 21.2091 5
      vertex 49.7509 20.8857 5
    endloop
  endfacet
  facet normal 0.321099 0.630194 0.70693
    outer loop
      vertex 52.449 12.5804 5
      vertex 53.7227 15.2855 2.01
      vertex 53.5547 15.3711 2.01
    endloop
  endfacet
  facet normal 0.316274 0.632547 0.707004
    outer loop
      vertex 53.7227 15.2855 2.01
      vertex 52.449 12.5804 5
      vertex 52.4496 12.5801 5
    endloop
  endfacet
  facet normal 0.608752 0.360093 0.706933
    outer loop
      vertex 49.9422 14.7909 5
      vertex 52.3711 16.5547 2.01
      vertex 49.7509 15.1143 5
    endloop
  endfacet
  facet normal -0.699313 -0.116552 0.70525
    outer loop
      vertex 60.9781 18.3767 5
      vertex 57.9941 18.1884 2.01
      vertex 60.9782 18.3761 5
    endloop
  endfacet
  facet normal -0.704128 -0.0668096 0.706923
    outer loop
      vertex 57.9941 18.1884 2.01
      vertex 60.9781 18.3767 5
      vertex 57.9763 18.376 2.01
    endloop
  endfacet
  facet normal 0.0664607 0.704145 0.706939
    outer loop
      vertex 54.6233 12.0219 5
      vertex 54.624 15.0237 2.01
      vertex 54.2493 12.0572 5
    endloop
  endfacet
  facet normal 0.35997 -0.608833 0.706926
    outer loop
      vertex 51.7909 23.0578 5
      vertex 53.3925 20.533 2.01
      vertex 53.5547 20.6289 2.01
    endloop
  endfacet
  facet normal 0.363863 -0.606439 0.70699
    outer loop
      vertex 53.3925 20.533 2.01
      vertex 51.7909 23.0578 5
      vertex 51.7904 23.0575 5
    endloop
  endfacet
  facet normal 0.467788 -0.530485 0.706937
    outer loop
      vertex 50.9 22.3669 5
      vertex 52.9464 20.1869 2.01
      vertex 53.0877 20.3115 2.01
    endloop
  endfacet
  facet normal 0.500124 -0.500124 0.706931
    outer loop
      vertex 52.9464 20.1869 2.01
      vertex 50.9 22.3669 5
      vertex 50.8996 22.3665 5
    endloop
  endfacet
  facet normal 0.154349 -0.69024 0.706926
    outer loop
      vertex 54.2539 20.9058 2.01
      vertex 53.877 23.8838 5
      vertex 53.5103 23.8018 5
    endloop
  endfacet
  facet normal 0.363863 -0.606439 0.70699
    outer loop
      vertex 51.7899 23.0572 5
      vertex 53.3925 20.533 2.01
      vertex 51.7904 23.0575 5
    endloop
  endfacet
  facet normal 0.397423 -0.585064 0.706933
    outer loop
      vertex 53.3925 20.533 2.01
      vertex 51.7899 23.0572 5
      vertex 53.2366 20.4271 2.01
    endloop
  endfacet
  facet normal -0.154346 0.690229 0.706938
    outer loop
      vertex 56.123 12.1162 5
      vertex 56.4897 12.1982 5
      vertex 55.7461 15.0943 2.01
    endloop
  endfacet
  facet normal 0.0222152 -0.706932 0.706932
    outer loop
      vertex 55 21 2.01
      vertex 55 23.99 5
      vertex 54.6245 23.9782 5
    endloop
  endfacet
  facet normal -0.0222152 -0.706932 0.706932
    outer loop
      vertex 55.3755 23.9782 5
      vertex 55 23.99 5
      vertex 55 21 2.01
    endloop
  endfacet
  facet normal 0.698625 0.110368 0.706924
    outer loop
      vertex 49.116 16.8782 5
      vertex 52.0531 17.4379 2.01
      vertex 52.0237 17.624 2.01
    endloop
  endfacet
  facet normal 0.697585 0.116264 0.707006
    outer loop
      vertex 52.0531 17.4379 2.01
      vertex 49.116 16.8782 5
      vertex 49.1161 16.8776 5
    endloop
  endfacet
  facet normal 0.223886 -0.671658 0.706222
    outer loop
      vertex 53.5097 23.8016 5
      vertex 54.2539 20.9058 2.01
      vertex 53.5103 23.8018 5
    endloop
  endfacet
  facet normal 0.197379 -0.679193 0.706922
    outer loop
      vertex 54.2539 20.9058 2.01
      vertex 53.5097 23.8016 5
      vertex 54.0729 20.8532 2.01
    endloop
  endfacet
  facet normal 0.585064 0.397423 0.706933
    outer loop
      vertex 52.467 16.3925 2.01
      vertex 49.9428 14.7899 5
      vertex 52.5729 16.2366 2.01
    endloop
  endfacet
  facet normal 0.606439 0.363863 0.70699
    outer loop
      vertex 49.9428 14.7899 5
      vertex 52.467 16.3925 2.01
      vertex 49.9425 14.7904 5
    endloop
  endfacet
  facet normal 0.500124 -0.500124 0.706931
    outer loop
      vertex 50.6331 22.1 5
      vertex 52.8131 20.0536 2.01
      vertex 50.6335 22.1004 5
    endloop
  endfacet
  facet normal 0.530485 -0.467788 0.706937
    outer loop
      vertex 52.8131 20.0536 2.01
      vertex 50.6331 22.1 5
      vertex 52.6885 19.9123 2.01
    endloop
  endfacet
  facet normal -0.671658 0.223886 0.706222
    outer loop
      vertex 57.9058 17.2539 2.01
      vertex 60.8016 16.5097 5
      vertex 60.8018 16.5103 5
    endloop
  endfacet
  facet normal -0.679193 0.197379 0.706922
    outer loop
      vertex 60.8016 16.5097 5
      vertex 57.9058 17.2539 2.01
      vertex 57.8532 17.0729 2.01
    endloop
  endfacet
  facet normal -0.679202 0.19734 0.706924
    outer loop
      vertex 60.6968 16.149 5
      vertex 60.8016 16.5097 5
      vertex 57.8532 17.0729 2.01
    endloop
  endfacet
  facet normal 0.704128 0.0668096 0.706923
    outer loop
      vertex 52.0059 17.8116 2.01
      vertex 49.0219 17.6233 5
      vertex 52.0237 17.624 2.01
    endloop
  endfacet
  facet normal 0.699313 0.116552 0.70525
    outer loop
      vertex 49.0219 17.6233 5
      vertex 52.0059 17.8116 2.01
      vertex 49.0218 17.6239 5
    endloop
  endfacet
  facet normal -0.500124 -0.500124 0.706931
    outer loop
      vertex 59.1004 22.3665 5
      vertex 57.1869 20.0536 2.01
      vertex 59.3665 22.1004 5
    endloop
  endfacet
  facet normal -0.500124 -0.500124 0.706931
    outer loop
      vertex 57.1869 20.0536 2.01
      vertex 59.1004 22.3665 5
      vertex 57.0536 20.1869 2.01
    endloop
  endfacet
  facet normal -0.433379 -0.558949 0.706936
    outer loop
      vertex 58.8182 22.6154 5
      vertex 58.5213 22.8456 5
      vertex 56.9123 20.3115 2.01
    endloop
  endfacet
  facet normal -0.665377 0.239806 0.706942
    outer loop
      vertex 57.7893 16.8956 2.01
      vertex 60.5696 15.7955 5
      vertex 57.8532 17.0729 2.01
    endloop
  endfacet
  facet normal -0.671325 0.223775 0.706575
    outer loop
      vertex 60.5696 15.7955 5
      vertex 57.7893 16.8956 2.01
      vertex 60.5694 15.7949 5
    endloop
  endfacet
  facet normal 0.698559 -0.110685 0.70694
    outer loop
      vertex 52.0237 18.376 2.01
      vertex 49.116 19.1218 5
      vertex 49.0572 18.7507 5
    endloop
  endfacet
  facet normal 0.280827 -0.649131 0.706941
    outer loop
      vertex 52.7949 23.5694 5
      vertex 53.7227 20.7145 2.01
      vertex 53.8956 20.7893 2.01
    endloop
  endfacet
  facet normal 0.281015 -0.64906 0.706932
    outer loop
      vertex 53.7227 20.7145 2.01
      vertex 52.7949 23.5694 5
      vertex 52.4496 23.4199 5
    endloop
  endfacet
  facet normal 0.584944 -0.397619 0.706922
    outer loop
      vertex 52.5729 19.7634 2.01
      vertex 50.154 21.5208 5
      vertex 49.9428 21.2101 5
    endloop
  endfacet
  facet normal 0.239806 -0.665377 0.706942
    outer loop
      vertex 52.7955 23.5696 5
      vertex 53.8956 20.7893 2.01
      vertex 54.0729 20.8532 2.01
    endloop
  endfacet
  facet normal 0.223775 -0.671325 0.706575
    outer loop
      vertex 53.8956 20.7893 2.01
      vertex 52.7955 23.5696 5
      vertex 52.7949 23.5694 5
    endloop
  endfacet
  facet normal 0.679202 -0.19734 0.706924
    outer loop
      vertex 52.1468 18.9271 2.01
      vertex 49.3032 19.851 5
      vertex 49.1984 19.4903 5
    endloop
  endfacet
  facet normal 0.704145 -0.0664607 0.706939
    outer loop
      vertex 52.0237 18.376 2.01
      vertex 49.0572 18.7507 5
      vertex 49.0219 18.3767 5
    endloop
  endfacet
  facet normal 0.433379 -0.558949 0.706936
    outer loop
      vertex 53.0877 20.3115 2.01
      vertex 51.4787 22.8456 5
      vertex 51.1818 22.6154 5
    endloop
  endfacet
  facet normal -0.558949 -0.433379 0.706936
    outer loop
      vertex 59.8456 21.5213 5
      vertex 59.6154 21.8182 5
      vertex 57.3115 19.9123 2.01
    endloop
  endfacet
  facet normal 0.35997 0.608833 0.706926
    outer loop
      vertex 53.3925 15.467 2.01
      vertex 51.7909 12.9422 5
      vertex 53.5547 15.3711 2.01
    endloop
  endfacet
  facet normal 0.363863 0.606439 0.70699
    outer loop
      vertex 51.7909 12.9422 5
      vertex 53.3925 15.467 2.01
      vertex 51.7904 12.9425 5
    endloop
  endfacet
  facet normal -0.632547 -0.316274 0.707004
    outer loop
      vertex 60.4196 20.551 5
      vertex 57.7145 19.2773 2.01
      vertex 60.4199 20.5504 5
    endloop
  endfacet
  facet normal -0.630194 -0.321099 0.70693
    outer loop
      vertex 57.7145 19.2773 2.01
      vertex 60.4196 20.551 5
      vertex 57.6289 19.4453 2.01
    endloop
  endfacet
  facet normal 0.665377 0.239806 0.706942
    outer loop
      vertex 49.4304 15.7955 5
      vertex 52.2107 16.8956 2.01
      vertex 52.1468 17.0729 2.01
    endloop
  endfacet
  facet normal 0.671325 0.223775 0.706575
    outer loop
      vertex 52.2107 16.8956 2.01
      vertex 49.4304 15.7955 5
      vertex 49.4306 15.7949 5
    endloop
  endfacet
  facet normal -0.500124 -0.500124 0.706931
    outer loop
      vertex 59.1 22.3669 5
      vertex 57.0536 20.1869 2.01
      vertex 59.1004 22.3665 5
    endloop
  endfacet
  facet normal -0.467788 -0.530485 0.706937
    outer loop
      vertex 57.0536 20.1869 2.01
      vertex 59.1 22.3669 5
      vertex 56.9123 20.3115 2.01
    endloop
  endfacet
  facet normal 0.630194 0.321099 0.70693
    outer loop
      vertex 52.2855 16.7227 2.01
      vertex 49.5804 15.449 5
      vertex 52.3711 16.5547 2.01
    endloop
  endfacet
  facet normal 0.632547 0.316274 0.707004
    outer loop
      vertex 49.5804 15.449 5
      vertex 52.2855 16.7227 2.01
      vertex 49.5801 15.4496 5
    endloop
  endfacet
  facet normal -0.467794 -0.53048 0.706937
    outer loop
      vertex 59.1 22.3669 5
      vertex 58.8182 22.6154 5
      vertex 56.9123 20.3115 2.01
    endloop
  endfacet
  facet normal 0.665515 -0.239472 0.706925
    outer loop
      vertex 52.1468 18.9271 2.01
      vertex 49.4304 20.2045 5
      vertex 49.3032 19.851 5
    endloop
  endfacet
  facet normal 0.606439 -0.363863 0.70699
    outer loop
      vertex 49.9422 21.2091 5
      vertex 52.467 19.6075 2.01
      vertex 49.9425 21.2096 5
    endloop
  endfacet
  facet normal 0.608833 -0.35997 0.706926
    outer loop
      vertex 52.467 19.6075 2.01
      vertex 49.9422 21.2091 5
      vertex 52.3711 19.4453 2.01
    endloop
  endfacet
  facet normal 0.690269 0.154185 0.706934
    outer loop
      vertex 52.0531 17.4379 2.01
      vertex 49.1162 16.877 5
      vertex 52.0942 17.2539 2.01
    endloop
  endfacet
  facet normal 0.697585 0.116264 0.707006
    outer loop
      vertex 49.1162 16.877 5
      vertex 52.0531 17.4379 2.01
      vertex 49.1161 16.8776 5
    endloop
  endfacet
  facet normal -0.0221387 -0.706938 0.706929
    outer loop
      vertex 55.1884 20.9941 2.01
      vertex 55.3755 23.9782 5
      vertex 55 21 2.01
    endloop
  endfacet
  facet normal 0 -0.707805 0.706408
    outer loop
      vertex 55.3755 23.9782 5
      vertex 55.1884 20.9941 2.01
      vertex 55.3761 23.9782 5
    endloop
  endfacet
  facet normal 0.360093 -0.608752 0.706933
    outer loop
      vertex 53.5547 20.6289 2.01
      vertex 52.1143 23.2491 5
      vertex 51.7909 23.0578 5
    endloop
  endfacet
  facet normal -0.665515 -0.239472 0.706925
    outer loop
      vertex 60.6968 19.851 5
      vertex 60.5696 20.2045 5
      vertex 57.8532 18.9271 2.01
    endloop
  endfacet
  facet normal -0.321041 -0.63022 0.706933
    outer loop
      vertex 57.8857 23.2491 5
      vertex 57.551 23.4196 5
      vertex 56.4453 20.6289 2.01
    endloop
  endfacet
  facet normal 0.154346 0.690229 0.706938
    outer loop
      vertex 53.877 12.1162 5
      vertex 54.2539 15.0943 2.01
      vertex 53.5103 12.1982 5
    endloop
  endfacet
  facet normal 0.110368 -0.698625 0.706924
    outer loop
      vertex 53.8782 23.884 5
      vertex 54.4379 20.9469 2.01
      vertex 54.624 20.9763 2.01
    endloop
  endfacet
  facet normal 0.116264 -0.697585 0.707006
    outer loop
      vertex 54.4379 20.9469 2.01
      vertex 53.8782 23.884 5
      vertex 53.8776 23.8839 5
    endloop
  endfacet
  facet normal 0.706932 -0.0222152 0.706932
    outer loop
      vertex 52 18 2.01
      vertex 49.0218 18.3755 5
      vertex 49.01 18 5
    endloop
  endfacet
  facet normal 0.530485 0.467788 0.706937
    outer loop
      vertex 50.6331 13.9 5
      vertex 52.8131 15.9464 2.01
      vertex 52.6885 16.0877 2.01
    endloop
  endfacet
  facet normal 0.500124 0.500124 0.706931
    outer loop
      vertex 52.8131 15.9464 2.01
      vertex 50.6331 13.9 5
      vertex 50.6335 13.8996 5
    endloop
  endfacet
  facet normal 0.707805 -0 0.706408
    outer loop
      vertex 49.0218 18.3755 5
      vertex 52.0059 18.1884 2.01
      vertex 49.0218 18.3761 5
    endloop
  endfacet
  facet normal 0.706938 -0.0221387 0.706929
    outer loop
      vertex 52.0059 18.1884 2.01
      vertex 49.0218 18.3755 5
      vertex 52 18 2.01
    endloop
  endfacet
  facet normal -0.154349 -0.69024 0.706926
    outer loop
      vertex 56.4897 23.8018 5
      vertex 56.123 23.8838 5
      vertex 55.7461 20.9058 2.01
    endloop
  endfacet
  facet normal 0.197028 0.679277 0.706939
    outer loop
      vertex 53.5097 12.1984 5
      vertex 54.2539 15.0943 2.01
      vertex 54.0729 15.1468 2.01
    endloop
  endfacet
  facet normal 0.223883 0.671648 0.706234
    outer loop
      vertex 54.2539 15.0943 2.01
      vertex 53.5097 12.1984 5
      vertex 53.5103 12.1982 5
    endloop
  endfacet
  facet normal 0.671325 -0.223775 0.706575
    outer loop
      vertex 49.4304 20.2045 5
      vertex 52.2107 19.1044 2.01
      vertex 49.4306 20.2051 5
    endloop
  endfacet
  facet normal 0.665377 -0.239806 0.706942
    outer loop
      vertex 52.2107 19.1044 2.01
      vertex 49.4304 20.2045 5
      vertex 52.1468 18.9271 2.01
    endloop
  endfacet
  facet normal -0.69024 -0.154349 0.706926
    outer loop
      vertex 60.8838 19.123 5
      vertex 60.8018 19.4897 5
      vertex 57.9058 18.7461 2.01
    endloop
  endfacet
  facet normal 0.649142 0.280832 0.706929
    outer loop
      vertex 52.2107 16.8956 2.01
      vertex 49.5801 15.4496 5
      vertex 52.2855 16.7227 2.01
    endloop
  endfacet
  facet normal 0.649054 0.281012 0.706938
    outer loop
      vertex 49.5801 15.4496 5
      vertex 52.2107 16.8956 2.01
      vertex 49.4306 15.7949 5
    endloop
  endfacet
  facet normal 0.467794 -0.53048 0.706937
    outer loop
      vertex 53.0877 20.3115 2.01
      vertex 51.1818 22.6154 5
      vertex 50.9 22.3669 5
    endloop
  endfacet
  facet normal 0.558691 0.433746 0.706915
    outer loop
      vertex 52.5729 16.2366 2.01
      vertex 50.1544 14.4787 5
      vertex 52.6885 16.0877 2.01
    endloop
  endfacet
  facet normal 0.552464 0.441971 0.706714
    outer loop
      vertex 50.1544 14.4787 5
      vertex 52.5729 16.2366 2.01
      vertex 50.154 14.4792 5
    endloop
  endfacet
  facet normal 0.649142 -0.280832 0.706929
    outer loop
      vertex 49.5801 20.5504 5
      vertex 52.2107 19.1044 2.01
      vertex 52.2855 19.2773 2.01
    endloop
  endfacet
  facet normal 0.649054 -0.281012 0.706938
    outer loop
      vertex 52.2107 19.1044 2.01
      vertex 49.5801 20.5504 5
      vertex 49.4306 20.2051 5
    endloop
  endfacet
  facet normal -0.500124 -0.500124 0.706931
    outer loop
      vertex 57.1869 20.0536 2.01
      vertex 59.3669 22.1 5
      vertex 59.3665 22.1004 5
    endloop
  endfacet
  facet normal -0.530485 -0.467788 0.706937
    outer loop
      vertex 59.3669 22.1 5
      vertex 57.1869 20.0536 2.01
      vertex 57.3115 19.9123 2.01
    endloop
  endfacet
  facet normal -0.397619 -0.584944 0.706922
    outer loop
      vertex 58.5208 22.846 5
      vertex 58.2101 23.0572 5
      vertex 56.7634 20.4271 2.01
    endloop
  endfacet
  facet normal -0.671325 -0.223775 0.706575
    outer loop
      vertex 57.7893 19.1044 2.01
      vertex 60.5696 20.2045 5
      vertex 60.5694 20.2051 5
    endloop
  endfacet
  facet normal -0.665377 -0.239806 0.706942
    outer loop
      vertex 60.5696 20.2045 5
      vertex 57.7893 19.1044 2.01
      vertex 57.8532 18.9271 2.01
    endloop
  endfacet
  facet normal 0.608833 0.35997 0.706926
    outer loop
      vertex 49.9422 14.7909 5
      vertex 52.467 16.3925 2.01
      vertex 52.3711 16.5547 2.01
    endloop
  endfacet
  facet normal 0.606439 0.363863 0.70699
    outer loop
      vertex 52.467 16.3925 2.01
      vertex 49.9422 14.7909 5
      vertex 49.9425 14.7904 5
    endloop
  endfacet
  facet normal -0.698559 -0.110685 0.70694
    outer loop
      vertex 60.9428 18.7507 5
      vertex 60.884 19.1218 5
      vertex 57.9763 18.376 2.01
    endloop
  endfacet
  facet normal -0.704145 -0.0664607 0.706939
    outer loop
      vertex 60.9781 18.3767 5
      vertex 60.9428 18.7507 5
      vertex 57.9763 18.376 2.01
    endloop
  endfacet
  facet normal -0.584944 -0.397619 0.706922
    outer loop
      vertex 60.0572 21.2101 5
      vertex 59.846 21.5208 5
      vertex 57.4271 19.7634 2.01
    endloop
  endfacet
  facet normal 0.69024 -0.154349 0.706926
    outer loop
      vertex 52.0942 18.7461 2.01
      vertex 49.1982 19.4897 5
      vertex 49.1162 19.123 5
    endloop
  endfacet
  facet normal -0.223775 -0.671325 0.706575
    outer loop
      vertex 57.2045 23.5696 5
      vertex 56.1044 20.7893 2.01
      vertex 57.2051 23.5694 5
    endloop
  endfacet
  facet normal -0.239806 -0.665377 0.706942
    outer loop
      vertex 56.1044 20.7893 2.01
      vertex 57.2045 23.5696 5
      vertex 55.9271 20.8532 2.01
    endloop
  endfacet
  facet normal 0.706932 0.0222152 0.706932
    outer loop
      vertex 49.0218 17.6245 5
      vertex 52 18 2.01
      vertex 49.01 18 5
    endloop
  endfacet
  facet normal 0.110685 0.698559 0.70694
    outer loop
      vertex 54.2493 12.0572 5
      vertex 54.624 15.0237 2.01
      vertex 53.8782 12.116 5
    endloop
  endfacet
  facet normal 0.679193 -0.197379 0.706922
    outer loop
      vertex 49.1984 19.4903 5
      vertex 52.0942 18.7461 2.01
      vertex 52.1468 18.9271 2.01
    endloop
  endfacet
  facet normal 0.671658 -0.223886 0.706222
    outer loop
      vertex 52.0942 18.7461 2.01
      vertex 49.1984 19.4903 5
      vertex 49.1982 19.4897 5
    endloop
  endfacet
  facet normal -0.116264 -0.697585 0.707006
    outer loop
      vertex 56.1218 23.884 5
      vertex 55.5621 20.9469 2.01
      vertex 56.1224 23.8839 5
    endloop
  endfacet
  facet normal -0.110368 -0.698625 0.706924
    outer loop
      vertex 55.5621 20.9469 2.01
      vertex 56.1218 23.884 5
      vertex 55.376 20.9763 2.01
    endloop
  endfacet
  facet normal -0.116552 -0.699313 0.70525
    outer loop
      vertex 55.1884 20.9941 2.01
      vertex 55.3767 23.9781 5
      vertex 55.3761 23.9782 5
    endloop
  endfacet
  facet normal -0.0668096 -0.704128 0.706923
    outer loop
      vertex 55.3767 23.9781 5
      vertex 55.1884 20.9941 2.01
      vertex 55.376 20.9763 2.01
    endloop
  endfacet
  facet normal -0.110685 -0.698559 0.70694
    outer loop
      vertex 56.1218 23.884 5
      vertex 55.7507 23.9428 5
      vertex 55.376 20.9763 2.01
    endloop
  endfacet
  facet normal -0.697585 -0.116264 0.707006
    outer loop
      vertex 60.8838 19.123 5
      vertex 57.9469 18.5621 2.01
      vertex 60.8839 19.1224 5
    endloop
  endfacet
  facet normal -0.690269 -0.154185 0.706934
    outer loop
      vertex 57.9469 18.5621 2.01
      vertex 60.8838 19.123 5
      vertex 57.9058 18.7461 2.01
    endloop
  endfacet
  facet normal -0.697585 -0.116264 0.707006
    outer loop
      vertex 57.9469 18.5621 2.01
      vertex 60.884 19.1218 5
      vertex 60.8839 19.1224 5
    endloop
  endfacet
  facet normal -0.698625 -0.110368 0.706924
    outer loop
      vertex 60.884 19.1218 5
      vertex 57.9469 18.5621 2.01
      vertex 57.9763 18.376 2.01
    endloop
  endfacet
  facet normal -0.608752 -0.360093 0.706933
    outer loop
      vertex 60.2491 20.8857 5
      vertex 60.0578 21.2091 5
      vertex 57.6289 19.4453 2.01
    endloop
  endfacet
  facet normal -0.552464 -0.441971 0.706714
    outer loop
      vertex 59.8456 21.5213 5
      vertex 57.4271 19.7634 2.01
      vertex 59.846 21.5208 5
    endloop
  endfacet
  facet normal -0.558691 -0.433746 0.706915
    outer loop
      vertex 57.4271 19.7634 2.01
      vertex 59.8456 21.5213 5
      vertex 57.3115 19.9123 2.01
    endloop
  endfacet
  facet normal -0.612872 -0.790182 0
    outer loop
      vertex 45.1412 10.5172 -15
      vertex 45.7865 10.0167 1
      vertex 45.1412 10.5172 1
    endloop
  endfacet
  facet normal -0.612872 -0.790182 -0
    outer loop
      vertex 45.7865 10.0167 1
      vertex 45.1412 10.5172 -15
      vertex 45.7865 10.0167 -15
    endloop
  endfacet
  facet normal -0.0314679 0.999505 0
    outer loop
      vertex 38.3163 -12.9743 -15
      vertex 37.5 -13 1
      vertex 38.3163 -12.9743 1
    endloop
  endfacet
  facet normal -0.0314679 0.999505 0
    outer loop
      vertex 37.5 -13 1
      vertex 38.3163 -12.9743 -15
      vertex 37.5 -13 -15
    endloop
  endfacet
  facet normal -0.661333 0.750093 0
    outer loop
      vertex 46.3991 -9.47659 -15
      vertex 45.7865 -10.0167 1
      vertex 46.3991 -9.47659 1
    endloop
  endfacet
  facet normal -0.661333 0.750093 0
    outer loop
      vertex 45.7865 -10.0167 1
      vertex 46.3991 -9.47659 -15
      vertex 45.7865 -10.0167 -15
    endloop
  endfacet
  facet normal 0.279069 -0.960271 0
    outer loop
      vertex -41.5172 12.3637 -15
      vertex -40.733 12.5916 1
      vertex -41.5172 12.3637 1
    endloop
  endfacet
  facet normal 0.279069 -0.960271 0
    outer loop
      vertex -40.733 12.5916 1
      vertex -41.5172 12.3637 -15
      vertex -40.733 12.5916 -15
    endloop
  endfacet
  facet normal -0.917773 0.397105 0
    outer loop
      vertex 49.2628 -5.53513 -15
      vertex 49.5871 -4.78562 1
      vertex 49.5871 -4.78562 -15
    endloop
  endfacet
  facet normal -0.917773 0.397105 0
    outer loop
      vertex 49.5871 -4.78562 1
      vertex 49.2628 -5.53513 -15
      vertex 49.2628 -5.53513 1
    endloop
  endfacet
  facet normal 0.999505 0.0314688 0
    outer loop
      vertex -50.4743 -0.816277 1
      vertex -50.5 0 -15
      vertex -50.5 0 1
    endloop
  endfacet
  facet normal 0.999505 0.0314688 0
    outer loop
      vertex -50.5 0 -15
      vertex -50.4743 -0.816277 1
      vertex -50.4743 -0.816277 -15
    endloop
  endfacet
  facet normal 0 1 -0
    outer loop
      vertex 37.5 -13 -15
      vertex -37.5 -13 1
      vertex 37.5 -13 1
    endloop
  endfacet
  facet normal 0 1 0
    outer loop
      vertex -37.5 -13 1
      vertex 37.5 -13 -15
      vertex -37.5 -13 -15
    endloop
  endfacet
  facet normal 0.860755 -0.50902 0
    outer loop
      vertex -48.892 6.2628 1
      vertex -48.4763 6.96575 -15
      vertex -48.4763 6.96575 1
    endloop
  endfacet
  facet normal 0.860755 -0.50902 0
    outer loop
      vertex -48.4763 6.96575 -15
      vertex -48.892 6.2628 1
      vertex -48.892 6.2628 -15
    endloop
  endfacet
  facet normal 0.750099 -0.661326 0
    outer loop
      vertex -47.5167 8.28651 1
      vertex -46.9766 8.89911 -15
      vertex -46.9766 8.89911 1
    endloop
  endfacet
  facet normal 0.750099 -0.661326 0
    outer loop
      vertex -46.9766 8.89911 -15
      vertex -47.5167 8.28651 1
      vertex -47.5167 8.28651 -15
    endloop
  endfacet
  facet normal -0.790182 0.612872 0
    outer loop
      vertex 47.5167 -8.28651 -15
      vertex 48.0172 -7.64121 1
      vertex 48.0172 -7.64121 -15
    endloop
  endfacet
  facet normal -0.790182 0.612872 0
    outer loop
      vertex 48.0172 -7.64121 1
      vertex 47.5167 -8.28651 -15
      vertex 47.5167 -8.28651 1
    endloop
  endfacet
  facet normal -0.98768 0.156485 0
    outer loop
      vertex 50.2697 -2.43596 -15
      vertex 50.3975 -1.62933 1
      vertex 50.3975 -1.62933 -15
    endloop
  endfacet
  facet normal -0.98768 0.156485 0
    outer loop
      vertex 50.3975 -1.62933 1
      vertex 50.2697 -2.43596 -15
      vertex 50.2697 -2.43596 1
    endloop
  endfacet
  facet normal -0.397109 -0.917771 0
    outer loop
      vertex 42.2856 12.0871 -15
      vertex 43.0351 11.7628 1
      vertex 42.2856 12.0871 1
    endloop
  endfacet
  facet normal -0.397109 -0.917771 -0
    outer loop
      vertex 43.0351 11.7628 1
      vertex 42.2856 12.0871 -15
      vertex 43.0351 11.7628 -15
    endloop
  endfacet
  facet normal 0.0940463 0.995568 -0
    outer loop
      vertex -38.3163 -12.9743 -15
      vertex -39.1293 -12.8975 1
      vertex -38.3163 -12.9743 1
    endloop
  endfacet
  facet normal 0.0940463 0.995568 0
    outer loop
      vertex -39.1293 -12.8975 1
      vertex -38.3163 -12.9743 -15
      vertex -39.1293 -12.8975 -15
    endloop
  endfacet
  facet normal 0.661333 -0.750093 0
    outer loop
      vertex -46.3991 9.47659 -15
      vertex -45.7865 10.0167 1
      vertex -46.3991 9.47659 1
    endloop
  endfacet
  facet normal 0.661333 -0.750093 0
    outer loop
      vertex -45.7865 10.0167 1
      vertex -46.3991 9.47659 -15
      vertex -45.7865 10.0167 -15
    endloop
  endfacet
  facet normal 0 -1 0
    outer loop
      vertex -37.5 13 -15
      vertex 37.5 13 1
      vertex -37.5 13 1
    endloop
  endfacet
  facet normal 0 -1 -0
    outer loop
      vertex 37.5 13 1
      vertex -37.5 13 -15
      vertex 37.5 13 -15
    endloop
  endfacet
  facet normal -0.612872 0.790182 0
    outer loop
      vertex 45.7865 -10.0167 -15
      vertex 45.1412 -10.5172 1
      vertex 45.7865 -10.0167 1
    endloop
  endfacet
  facet normal -0.612872 0.790182 0
    outer loop
      vertex 45.1412 -10.5172 1
      vertex 45.7865 -10.0167 -15
      vertex 45.1412 -10.5172 -15
    endloop
  endfacet
  facet normal 0.279069 0.960271 -0
    outer loop
      vertex -40.733 -12.5916 -15
      vertex -41.5172 -12.3637 1
      vertex -40.733 -12.5916 1
    endloop
  endfacet
  facet normal 0.279069 0.960271 0
    outer loop
      vertex -41.5172 -12.3637 1
      vertex -40.733 -12.5916 -15
      vertex -41.5172 -12.3637 -15
    endloop
  endfacet
  facet normal -0.218084 0.97593 0
    outer loop
      vertex 40.733 -12.5916 -15
      vertex 39.936 -12.7697 1
      vertex 40.733 -12.5916 1
    endloop
  endfacet
  facet normal -0.218084 0.97593 0
    outer loop
      vertex 39.936 -12.7697 1
      vertex 40.733 -12.5916 -15
      vertex 39.936 -12.7697 -15
    endloop
  endfacet
  facet normal 0.98768 -0.156485 0
    outer loop
      vertex -50.3975 1.62933 1
      vertex -50.2697 2.43596 -15
      vertex -50.2697 2.43596 1
    endloop
  endfacet
  facet normal 0.98768 -0.156485 0
    outer loop
      vertex -50.2697 2.43596 -15
      vertex -50.3975 1.62933 1
      vertex -50.3975 1.62933 -15
    endloop
  endfacet
  facet normal 0.509047 -0.860739 0
    outer loop
      vertex -44.4657 10.9763 -15
      vertex -43.7628 11.392 1
      vertex -44.4657 10.9763 1
    endloop
  endfacet
  facet normal 0.509047 -0.860739 0
    outer loop
      vertex -43.7628 11.392 1
      vertex -44.4657 10.9763 -15
      vertex -43.7628 11.392 -15
    endloop
  endfacet
  facet normal 0.827048 0.562132 0
    outer loop
      vertex -48.0172 -7.64121 1
      vertex -48.4763 -6.96575 -15
      vertex -48.4763 -6.96575 1
    endloop
  endfacet
  facet normal 0.827048 0.562132 0
    outer loop
      vertex -48.4763 -6.96575 -15
      vertex -48.0172 -7.64121 1
      vertex -48.0172 -7.64121 -15
    endloop
  endfacet
  facet normal -0.89099 -0.454023 0
    outer loop
      vertex 49.2628 5.53513 -15
      vertex 48.892 6.2628 1
      vertex 48.892 6.2628 -15
    endloop
  endfacet
  facet normal -0.89099 -0.454023 0
    outer loop
      vertex 48.892 6.2628 1
      vertex 49.2628 5.53513 -15
      vertex 49.2628 5.53513 1
    endloop
  endfacet
  facet normal -0.960276 -0.279052 0
    outer loop
      vertex 50.0916 3.23297 -15
      vertex 49.8637 4.01722 1
      vertex 49.8637 4.01722 -15
    endloop
  endfacet
  facet normal -0.960276 -0.279052 0
    outer loop
      vertex 49.8637 4.01722 1
      vertex 50.0916 3.23297 -15
      vertex 50.0916 3.23297 1
    endloop
  endfacet
  facet normal 0.218084 0.97593 -0
    outer loop
      vertex -39.936 -12.7697 -15
      vertex -40.733 -12.5916 1
      vertex -39.936 -12.7697 1
    endloop
  endfacet
  facet normal 0.218084 0.97593 0
    outer loop
      vertex -40.733 -12.5916 1
      vertex -39.936 -12.7697 -15
      vertex -40.733 -12.5916 -15
    endloop
  endfacet
  facet normal -0.397109 0.917771 0
    outer loop
      vertex 43.0351 -11.7628 -15
      vertex 42.2856 -12.0871 1
      vertex 43.0351 -11.7628 1
    endloop
  endfacet
  facet normal -0.397109 0.917771 0
    outer loop
      vertex 42.2856 -12.0871 1
      vertex 43.0351 -11.7628 -15
      vertex 42.2856 -12.0871 -15
    endloop
  endfacet
  facet normal -0.790182 -0.612872 0
    outer loop
      vertex 48.0172 7.64121 -15
      vertex 47.5167 8.28651 1
      vertex 47.5167 8.28651 -15
    endloop
  endfacet
  facet normal -0.790182 -0.612872 0
    outer loop
      vertex 47.5167 8.28651 1
      vertex 48.0172 7.64121 -15
      vertex 48.0172 7.64121 1
    endloop
  endfacet
  facet normal -0.0940463 0.995568 0
    outer loop
      vertex 39.1293 -12.8975 -15
      vertex 38.3163 -12.9743 1
      vertex 39.1293 -12.8975 1
    endloop
  endfacet
  facet normal -0.0940463 0.995568 0
    outer loop
      vertex 38.3163 -12.9743 1
      vertex 39.1293 -12.8975 -15
      vertex 38.3163 -12.9743 -15
    endloop
  endfacet
  facet normal -0.279069 0.960271 0
    outer loop
      vertex 41.5172 -12.3637 -15
      vertex 40.733 -12.5916 1
      vertex 41.5172 -12.3637 1
    endloop
  endfacet
  facet normal -0.279069 0.960271 0
    outer loop
      vertex 40.733 -12.5916 1
      vertex 41.5172 -12.3637 -15
      vertex 40.733 -12.5916 -15
    endloop
  endfacet
  facet normal -0.0940463 -0.995568 0
    outer loop
      vertex 38.3163 12.9743 -15
      vertex 39.1293 12.8975 1
      vertex 38.3163 12.9743 1
    endloop
  endfacet
  facet normal -0.0940463 -0.995568 -0
    outer loop
      vertex 39.1293 12.8975 1
      vertex 38.3163 12.9743 -15
      vertex 39.1293 12.8975 -15
    endloop
  endfacet
  facet normal 0.89099 -0.454023 0
    outer loop
      vertex -49.2628 5.53513 1
      vertex -48.892 6.2628 -15
      vertex -48.892 6.2628 1
    endloop
  endfacet
  facet normal 0.89099 -0.454023 0
    outer loop
      vertex -48.892 6.2628 -15
      vertex -49.2628 5.53513 1
      vertex -49.2628 5.53513 -15
    endloop
  endfacet
  facet normal 0.0940463 -0.995568 0
    outer loop
      vertex -39.1293 12.8975 -15
      vertex -38.3163 12.9743 1
      vertex -39.1293 12.8975 1
    endloop
  endfacet
  facet normal 0.0940463 -0.995568 0
    outer loop
      vertex -38.3163 12.9743 1
      vertex -39.1293 12.8975 -15
      vertex -38.3163 12.9743 -15
    endloop
  endfacet
  facet normal 0.975931 -0.218082 0
    outer loop
      vertex -50.2697 2.43596 1
      vertex -50.0916 3.23297 -15
      vertex -50.0916 3.23297 1
    endloop
  endfacet
  facet normal 0.975931 -0.218082 0
    outer loop
      vertex -50.0916 3.23297 -15
      vertex -50.2697 2.43596 1
      vertex -50.2697 2.43596 -15
    endloop
  endfacet
  facet normal 0.562109 -0.827063 0
    outer loop
      vertex -45.1412 10.5172 -15
      vertex -44.4657 10.9763 1
      vertex -45.1412 10.5172 1
    endloop
  endfacet
  facet normal 0.562109 -0.827063 0
    outer loop
      vertex -44.4657 10.9763 1
      vertex -45.1412 10.5172 -15
      vertex -44.4657 10.9763 -15
    endloop
  endfacet
  facet normal -0.0314679 -0.999505 0
    outer loop
      vertex 37.5 13 -15
      vertex 38.3163 12.9743 1
      vertex 37.5 13 1
    endloop
  endfacet
  facet normal -0.0314679 -0.999505 -0
    outer loop
      vertex 38.3163 12.9743 1
      vertex 37.5 13 -15
      vertex 38.3163 12.9743 -15
    endloop
  endfacet
  facet normal -0.999505 -0.0314688 0
    outer loop
      vertex 50.5 0 -15
      vertex 50.4743 0.816277 1
      vertex 50.4743 0.816277 -15
    endloop
  endfacet
  facet normal -0.999505 -0.0314688 0
    outer loop
      vertex 50.4743 0.816277 1
      vertex 50.5 0 -15
      vertex 50.5 0 1
    endloop
  endfacet
  facet normal 0.940897 0.338693 0
    outer loop
      vertex -49.5871 -4.78562 1
      vertex -49.8637 -4.01722 -15
      vertex -49.8637 -4.01722 1
    endloop
  endfacet
  facet normal 0.940897 0.338693 0
    outer loop
      vertex -49.8637 -4.01722 -15
      vertex -49.5871 -4.78562 1
      vertex -49.5871 -4.78562 -15
    endloop
  endfacet
  facet normal 0.397109 -0.917771 0
    outer loop
      vertex -43.0351 11.7628 -15
      vertex -42.2856 12.0871 1
      vertex -43.0351 11.7628 1
    endloop
  endfacet
  facet normal 0.397109 -0.917771 0
    outer loop
      vertex -42.2856 12.0871 1
      vertex -43.0351 11.7628 -15
      vertex -42.2856 12.0871 -15
    endloop
  endfacet
  facet normal 0.940897 -0.338693 0
    outer loop
      vertex -49.8637 4.01722 1
      vertex -49.5871 4.78562 -15
      vertex -49.5871 4.78562 1
    endloop
  endfacet
  facet normal 0.940897 -0.338693 0
    outer loop
      vertex -49.5871 4.78562 -15
      vertex -49.8637 4.01722 1
      vertex -49.8637 4.01722 -15
    endloop
  endfacet
  facet normal 0.917773 -0.397105 0
    outer loop
      vertex -49.5871 4.78562 1
      vertex -49.2628 5.53513 -15
      vertex -49.2628 5.53513 1
    endloop
  endfacet
  facet normal 0.917773 -0.397105 0
    outer loop
      vertex -49.2628 5.53513 -15
      vertex -49.5871 4.78562 1
      vertex -49.5871 4.78562 -15
    endloop
  endfacet
  facet normal -0.827048 0.562132 0
    outer loop
      vertex 48.0172 -7.64121 -15
      vertex 48.4763 -6.96575 1
      vertex 48.4763 -6.96575 -15
    endloop
  endfacet
  facet normal -0.827048 0.562132 0
    outer loop
      vertex 48.4763 -6.96575 1
      vertex 48.0172 -7.64121 -15
      vertex 48.0172 -7.64121 1
    endloop
  endfacet
  facet normal 0.995568 0.0940402 0
    outer loop
      vertex -50.3975 -1.62933 1
      vertex -50.4743 -0.816277 -15
      vertex -50.4743 -0.816277 1
    endloop
  endfacet
  facet normal 0.995568 0.0940402 0
    outer loop
      vertex -50.4743 -0.816277 -15
      vertex -50.3975 -1.62933 1
      vertex -50.3975 -1.62933 -15
    endloop
  endfacet
  facet normal -0.338693 -0.940897 0
    outer loop
      vertex 41.5172 12.3637 -15
      vertex 42.2856 12.0871 1
      vertex 41.5172 12.3637 1
    endloop
  endfacet
  facet normal -0.338693 -0.940897 -0
    outer loop
      vertex 42.2856 12.0871 1
      vertex 41.5172 12.3637 -15
      vertex 42.2856 12.0871 -15
    endloop
  endfacet
  facet normal 0.338693 -0.940897 0
    outer loop
      vertex -42.2856 12.0871 -15
      vertex -41.5172 12.3637 1
      vertex -42.2856 12.0871 1
    endloop
  endfacet
  facet normal 0.338693 -0.940897 0
    outer loop
      vertex -41.5172 12.3637 1
      vertex -42.2856 12.0871 -15
      vertex -41.5172 12.3637 -15
    endloop
  endfacet
  facet normal 0.156472 0.987682 -0
    outer loop
      vertex -39.1293 -12.8975 -15
      vertex -39.936 -12.7697 1
      vertex -39.1293 -12.8975 1
    endloop
  endfacet
  facet normal 0.156472 0.987682 0
    outer loop
      vertex -39.936 -12.7697 1
      vertex -39.1293 -12.8975 -15
      vertex -39.936 -12.7697 -15
    endloop
  endfacet
  facet normal -0.156472 0.987682 0
    outer loop
      vertex 39.936 -12.7697 -15
      vertex 39.1293 -12.8975 1
      vertex 39.936 -12.7697 1
    endloop
  endfacet
  facet normal -0.156472 0.987682 0
    outer loop
      vertex 39.1293 -12.8975 1
      vertex 39.936 -12.7697 -15
      vertex 39.1293 -12.8975 -15
    endloop
  endfacet
  facet normal 0.995568 -0.0940402 0
    outer loop
      vertex -50.4743 0.816277 1
      vertex -50.3975 1.62933 -15
      vertex -50.3975 1.62933 1
    endloop
  endfacet
  facet normal 0.995568 -0.0940402 0
    outer loop
      vertex -50.3975 1.62933 -15
      vertex -50.4743 0.816277 1
      vertex -50.4743 0.816277 -15
    endloop
  endfacet
  facet normal 0.999505 -0.0314688 0
    outer loop
      vertex -50.5 0 1
      vertex -50.4743 0.816277 -15
      vertex -50.4743 0.816277 1
    endloop
  endfacet
  facet normal 0.999505 -0.0314688 0
    outer loop
      vertex -50.4743 0.816277 -15
      vertex -50.5 0 1
      vertex -50.5 0 -15
    endloop
  endfacet
  facet normal -0.89099 0.454023 0
    outer loop
      vertex 48.892 -6.2628 -15
      vertex 49.2628 -5.53513 1
      vertex 49.2628 -5.53513 -15
    endloop
  endfacet
  facet normal -0.89099 0.454023 0
    outer loop
      vertex 49.2628 -5.53513 1
      vertex 48.892 -6.2628 -15
      vertex 48.892 -6.2628 1
    endloop
  endfacet
  facet normal -0.454008 0.890997 0
    outer loop
      vertex 43.7628 -11.392 -15
      vertex 43.0351 -11.7628 1
      vertex 43.7628 -11.392 1
    endloop
  endfacet
  facet normal -0.454008 0.890997 0
    outer loop
      vertex 43.0351 -11.7628 1
      vertex 43.7628 -11.392 -15
      vertex 43.0351 -11.7628 -15
    endloop
  endfacet
  facet normal 0.960276 0.279052 0
    outer loop
      vertex -49.8637 -4.01722 1
      vertex -50.0916 -3.23297 -15
      vertex -50.0916 -3.23297 1
    endloop
  endfacet
  facet normal 0.960276 0.279052 0
    outer loop
      vertex -50.0916 -3.23297 -15
      vertex -49.8637 -4.01722 1
      vertex -49.8637 -4.01722 -15
    endloop
  endfacet
  facet normal 0.0314679 0.999505 -0
    outer loop
      vertex -37.5 -13 -15
      vertex -38.3163 -12.9743 1
      vertex -37.5 -13 1
    endloop
  endfacet
  facet normal 0.0314679 0.999505 0
    outer loop
      vertex -38.3163 -12.9743 1
      vertex -37.5 -13 -15
      vertex -38.3163 -12.9743 -15
    endloop
  endfacet
  facet normal 0.917773 0.397105 0
    outer loop
      vertex -49.2628 -5.53513 1
      vertex -49.5871 -4.78562 -15
      vertex -49.5871 -4.78562 1
    endloop
  endfacet
  facet normal 0.917773 0.397105 0
    outer loop
      vertex -49.5871 -4.78562 -15
      vertex -49.2628 -5.53513 1
      vertex -49.2628 -5.53513 -15
    endloop
  endfacet
  facet normal 0.790182 -0.612872 0
    outer loop
      vertex -48.0172 7.64121 1
      vertex -47.5167 8.28651 -15
      vertex -47.5167 8.28651 1
    endloop
  endfacet
  facet normal 0.790182 -0.612872 0
    outer loop
      vertex -47.5167 8.28651 -15
      vertex -48.0172 7.64121 1
      vertex -48.0172 7.64121 -15
    endloop
  endfacet
  facet normal 0.612872 -0.790182 0
    outer loop
      vertex -45.7865 10.0167 -15
      vertex -45.1412 10.5172 1
      vertex -45.7865 10.0167 1
    endloop
  endfacet
  facet normal 0.612872 -0.790182 0
    outer loop
      vertex -45.1412 10.5172 1
      vertex -45.7865 10.0167 -15
      vertex -45.1412 10.5172 -15
    endloop
  endfacet
  facet normal 0.750099 0.661326 0
    outer loop
      vertex -46.9766 -8.89911 1
      vertex -47.5167 -8.28651 -15
      vertex -47.5167 -8.28651 1
    endloop
  endfacet
  facet normal 0.750099 0.661326 0
    outer loop
      vertex -47.5167 -8.28651 -15
      vertex -46.9766 -8.89911 1
      vertex -46.9766 -8.89911 -15
    endloop
  endfacet
  facet normal -0.338693 0.940897 0
    outer loop
      vertex 42.2856 -12.0871 -15
      vertex 41.5172 -12.3637 1
      vertex 42.2856 -12.0871 1
    endloop
  endfacet
  facet normal -0.338693 0.940897 0
    outer loop
      vertex 41.5172 -12.3637 1
      vertex 42.2856 -12.0871 -15
      vertex 41.5172 -12.3637 -15
    endloop
  endfacet
  facet normal -0.509047 0.860739 0
    outer loop
      vertex 44.4657 -10.9763 -15
      vertex 43.7628 -11.392 1
      vertex 44.4657 -10.9763 1
    endloop
  endfacet
  facet normal -0.509047 0.860739 0
    outer loop
      vertex 43.7628 -11.392 1
      vertex 44.4657 -10.9763 -15
      vertex 43.7628 -11.392 -15
    endloop
  endfacet
  facet normal 0.454008 -0.890997 0
    outer loop
      vertex -43.7628 11.392 -15
      vertex -43.0351 11.7628 1
      vertex -43.7628 11.392 1
    endloop
  endfacet
  facet normal 0.454008 -0.890997 0
    outer loop
      vertex -43.0351 11.7628 1
      vertex -43.7628 11.392 -15
      vertex -43.0351 11.7628 -15
    endloop
  endfacet
  facet normal -0.827048 -0.562132 0
    outer loop
      vertex 48.4763 6.96575 -15
      vertex 48.0172 7.64121 1
      vertex 48.0172 7.64121 -15
    endloop
  endfacet
  facet normal -0.827048 -0.562132 0
    outer loop
      vertex 48.0172 7.64121 1
      vertex 48.4763 6.96575 -15
      vertex 48.4763 6.96575 1
    endloop
  endfacet
  facet normal -0.995568 -0.0940402 0
    outer loop
      vertex 50.4743 0.816277 -15
      vertex 50.3975 1.62933 1
      vertex 50.3975 1.62933 -15
    endloop
  endfacet
  facet normal -0.995568 -0.0940402 0
    outer loop
      vertex 50.3975 1.62933 1
      vertex 50.4743 0.816277 -15
      vertex 50.4743 0.816277 1
    endloop
  endfacet
  facet normal -0.98768 -0.156485 0
    outer loop
      vertex 50.3975 1.62933 -15
      vertex 50.2697 2.43596 1
      vertex 50.2697 2.43596 -15
    endloop
  endfacet
  facet normal -0.98768 -0.156485 0
    outer loop
      vertex 50.2697 2.43596 1
      vertex 50.3975 1.62933 -15
      vertex 50.3975 1.62933 1
    endloop
  endfacet
  facet normal -0.940897 -0.338693 0
    outer loop
      vertex 49.8637 4.01722 -15
      vertex 49.5871 4.78562 1
      vertex 49.5871 4.78562 -15
    endloop
  endfacet
  facet normal -0.940897 -0.338693 0
    outer loop
      vertex 49.5871 4.78562 1
      vertex 49.8637 4.01722 -15
      vertex 49.8637 4.01722 1
    endloop
  endfacet
  facet normal -0.995568 0.0940402 0
    outer loop
      vertex 50.3975 -1.62933 -15
      vertex 50.4743 -0.816277 1
      vertex 50.4743 -0.816277 -15
    endloop
  endfacet
  facet normal -0.995568 0.0940402 0
    outer loop
      vertex 50.4743 -0.816277 1
      vertex 50.3975 -1.62933 -15
      vertex 50.3975 -1.62933 1
    endloop
  endfacet
  facet normal 0.338693 0.940897 -0
    outer loop
      vertex -41.5172 -12.3637 -15
      vertex -42.2856 -12.0871 1
      vertex -41.5172 -12.3637 1
    endloop
  endfacet
  facet normal 0.338693 0.940897 0
    outer loop
      vertex -42.2856 -12.0871 1
      vertex -41.5172 -12.3637 -15
      vertex -42.2856 -12.0871 -15
    endloop
  endfacet
  facet normal 0.397109 0.917771 -0
    outer loop
      vertex -42.2856 -12.0871 -15
      vertex -43.0351 -11.7628 1
      vertex -42.2856 -12.0871 1
    endloop
  endfacet
  facet normal 0.397109 0.917771 0
    outer loop
      vertex -43.0351 -11.7628 1
      vertex -42.2856 -12.0871 -15
      vertex -43.0351 -11.7628 -15
    endloop
  endfacet
  facet normal -0.750099 0.661326 0
    outer loop
      vertex 46.9766 -8.89911 -15
      vertex 47.5167 -8.28651 1
      vertex 47.5167 -8.28651 -15
    endloop
  endfacet
  facet normal -0.750099 0.661326 0
    outer loop
      vertex 47.5167 -8.28651 1
      vertex 46.9766 -8.89911 -15
      vertex 46.9766 -8.89911 1
    endloop
  endfacet
  facet normal 0.960276 -0.279052 0
    outer loop
      vertex -50.0916 3.23297 1
      vertex -49.8637 4.01722 -15
      vertex -49.8637 4.01722 1
    endloop
  endfacet
  facet normal 0.960276 -0.279052 0
    outer loop
      vertex -49.8637 4.01722 -15
      vertex -50.0916 3.23297 1
      vertex -50.0916 3.23297 -15
    endloop
  endfacet
  facet normal 0.707095 0.707119 0
    outer loop
      vertex -46.3991 -9.47659 1
      vertex -46.9766 -8.89911 -15
      vertex -46.9766 -8.89911 1
    endloop
  endfacet
  facet normal 0.707095 0.707119 0
    outer loop
      vertex -46.9766 -8.89911 -15
      vertex -46.3991 -9.47659 1
      vertex -46.3991 -9.47659 -15
    endloop
  endfacet
  facet normal -0.454008 -0.890997 0
    outer loop
      vertex 43.0351 11.7628 -15
      vertex 43.7628 11.392 1
      vertex 43.0351 11.7628 1
    endloop
  endfacet
  facet normal -0.454008 -0.890997 -0
    outer loop
      vertex 43.7628 11.392 1
      vertex 43.0351 11.7628 -15
      vertex 43.7628 11.392 -15
    endloop
  endfacet
  facet normal 0.827048 -0.562132 0
    outer loop
      vertex -48.4763 6.96575 1
      vertex -48.0172 7.64121 -15
      vertex -48.0172 7.64121 1
    endloop
  endfacet
  facet normal 0.827048 -0.562132 0
    outer loop
      vertex -48.0172 7.64121 -15
      vertex -48.4763 6.96575 1
      vertex -48.4763 6.96575 -15
    endloop
  endfacet
  facet normal -0.999505 0.0314688 0
    outer loop
      vertex 50.4743 -0.816277 -15
      vertex 50.5 0 1
      vertex 50.5 0 -15
    endloop
  endfacet
  facet normal -0.999505 0.0314688 0
    outer loop
      vertex 50.5 0 1
      vertex 50.4743 -0.816277 -15
      vertex 50.4743 -0.816277 1
    endloop
  endfacet
  facet normal 0.707095 -0.707119 0
    outer loop
      vertex -46.9766 8.89911 1
      vertex -46.3991 9.47659 -15
      vertex -46.3991 9.47659 1
    endloop
  endfacet
  facet normal 0.707095 -0.707119 0
    outer loop
      vertex -46.3991 9.47659 -15
      vertex -46.9766 8.89911 1
      vertex -46.9766 8.89911 -15
    endloop
  endfacet
  facet normal 0.509047 0.860739 -0
    outer loop
      vertex -43.7628 -11.392 -15
      vertex -44.4657 -10.9763 1
      vertex -43.7628 -11.392 1
    endloop
  endfacet
  facet normal 0.509047 0.860739 0
    outer loop
      vertex -44.4657 -10.9763 1
      vertex -43.7628 -11.392 -15
      vertex -44.4657 -10.9763 -15
    endloop
  endfacet
  facet normal -0.156472 -0.987682 0
    outer loop
      vertex 39.1293 12.8975 -15
      vertex 39.936 12.7697 1
      vertex 39.1293 12.8975 1
    endloop
  endfacet
  facet normal -0.156472 -0.987682 -0
    outer loop
      vertex 39.936 12.7697 1
      vertex 39.1293 12.8975 -15
      vertex 39.936 12.7697 -15
    endloop
  endfacet
  facet normal 0.0314679 -0.999505 0
    outer loop
      vertex -38.3163 12.9743 -15
      vertex -37.5 13 1
      vertex -38.3163 12.9743 1
    endloop
  endfacet
  facet normal 0.0314679 -0.999505 0
    outer loop
      vertex -37.5 13 1
      vertex -38.3163 12.9743 -15
      vertex -37.5 13 -15
    endloop
  endfacet
  facet normal -0.940897 0.338693 0
    outer loop
      vertex 49.5871 -4.78562 -15
      vertex 49.8637 -4.01722 1
      vertex 49.8637 -4.01722 -15
    endloop
  endfacet
  facet normal -0.940897 0.338693 0
    outer loop
      vertex 49.8637 -4.01722 1
      vertex 49.5871 -4.78562 -15
      vertex 49.5871 -4.78562 1
    endloop
  endfacet
  facet normal 0.661333 0.750093 -0
    outer loop
      vertex -45.7865 -10.0167 -15
      vertex -46.3991 -9.47659 1
      vertex -45.7865 -10.0167 1
    endloop
  endfacet
  facet normal 0.661333 0.750093 0
    outer loop
      vertex -46.3991 -9.47659 1
      vertex -45.7865 -10.0167 -15
      vertex -46.3991 -9.47659 -15
    endloop
  endfacet
  facet normal -0.562109 -0.827063 0
    outer loop
      vertex 44.4657 10.9763 -15
      vertex 45.1412 10.5172 1
      vertex 44.4657 10.9763 1
    endloop
  endfacet
  facet normal -0.562109 -0.827063 -0
    outer loop
      vertex 45.1412 10.5172 1
      vertex 44.4657 10.9763 -15
      vertex 45.1412 10.5172 -15
    endloop
  endfacet
  facet normal -0.562109 0.827063 0
    outer loop
      vertex 45.1412 -10.5172 -15
      vertex 44.4657 -10.9763 1
      vertex 45.1412 -10.5172 1
    endloop
  endfacet
  facet normal -0.562109 0.827063 0
    outer loop
      vertex 44.4657 -10.9763 1
      vertex 45.1412 -10.5172 -15
      vertex 44.4657 -10.9763 -15
    endloop
  endfacet
  facet normal 0.98768 0.156485 0
    outer loop
      vertex -50.2697 -2.43596 1
      vertex -50.3975 -1.62933 -15
      vertex -50.3975 -1.62933 1
    endloop
  endfacet
  facet normal 0.98768 0.156485 0
    outer loop
      vertex -50.3975 -1.62933 -15
      vertex -50.2697 -2.43596 1
      vertex -50.2697 -2.43596 -15
    endloop
  endfacet
  facet normal 0.860755 0.50902 0
    outer loop
      vertex -48.4763 -6.96575 1
      vertex -48.892 -6.2628 -15
      vertex -48.892 -6.2628 1
    endloop
  endfacet
  facet normal 0.860755 0.50902 0
    outer loop
      vertex -48.892 -6.2628 -15
      vertex -48.4763 -6.96575 1
      vertex -48.4763 -6.96575 -15
    endloop
  endfacet
  facet normal -0.960276 0.279052 0
    outer loop
      vertex 49.8637 -4.01722 -15
      vertex 50.0916 -3.23297 1
      vertex 50.0916 -3.23297 -15
    endloop
  endfacet
  facet normal -0.960276 0.279052 0
    outer loop
      vertex 50.0916 -3.23297 1
      vertex 49.8637 -4.01722 -15
      vertex 49.8637 -4.01722 1
    endloop
  endfacet
  facet normal -0.509047 -0.860739 0
    outer loop
      vertex 43.7628 11.392 -15
      vertex 44.4657 10.9763 1
      vertex 43.7628 11.392 1
    endloop
  endfacet
  facet normal -0.509047 -0.860739 -0
    outer loop
      vertex 44.4657 10.9763 1
      vertex 43.7628 11.392 -15
      vertex 44.4657 10.9763 -15
    endloop
  endfacet
  facet normal -0.707095 0.707119 0
    outer loop
      vertex 46.3991 -9.47659 -15
      vertex 46.9766 -8.89911 1
      vertex 46.9766 -8.89911 -15
    endloop
  endfacet
  facet normal -0.707095 0.707119 0
    outer loop
      vertex 46.9766 -8.89911 1
      vertex 46.3991 -9.47659 -15
      vertex 46.3991 -9.47659 1
    endloop
  endfacet
  facet normal 0.975931 0.218082 0
    outer loop
      vertex -50.0916 -3.23297 1
      vertex -50.2697 -2.43596 -15
      vertex -50.2697 -2.43596 1
    endloop
  endfacet
  facet normal 0.975931 0.218082 0
    outer loop
      vertex -50.2697 -2.43596 -15
      vertex -50.0916 -3.23297 1
      vertex -50.0916 -3.23297 -15
    endloop
  endfacet
  facet normal 0.790182 0.612872 0
    outer loop
      vertex -47.5167 -8.28651 1
      vertex -48.0172 -7.64121 -15
      vertex -48.0172 -7.64121 1
    endloop
  endfacet
  facet normal 0.790182 0.612872 0
    outer loop
      vertex -48.0172 -7.64121 -15
      vertex -47.5167 -8.28651 1
      vertex -47.5167 -8.28651 -15
    endloop
  endfacet
  facet normal 0.218084 -0.97593 0
    outer loop
      vertex -40.733 12.5916 -15
      vertex -39.936 12.7697 1
      vertex -40.733 12.5916 1
    endloop
  endfacet
  facet normal 0.218084 -0.97593 0
    outer loop
      vertex -39.936 12.7697 1
      vertex -40.733 12.5916 -15
      vertex -39.936 12.7697 -15
    endloop
  endfacet
  facet normal 0.612872 0.790182 -0
    outer loop
      vertex -45.1412 -10.5172 -15
      vertex -45.7865 -10.0167 1
      vertex -45.1412 -10.5172 1
    endloop
  endfacet
  facet normal 0.612872 0.790182 0
    outer loop
      vertex -45.7865 -10.0167 1
      vertex -45.1412 -10.5172 -15
      vertex -45.7865 -10.0167 -15
    endloop
  endfacet
  facet normal 0.156472 -0.987682 0
    outer loop
      vertex -39.936 12.7697 -15
      vertex -39.1293 12.8975 1
      vertex -39.936 12.7697 1
    endloop
  endfacet
  facet normal 0.156472 -0.987682 0
    outer loop
      vertex -39.1293 12.8975 1
      vertex -39.936 12.7697 -15
      vertex -39.1293 12.8975 -15
    endloop
  endfacet
  facet normal -0.860755 -0.50902 0
    outer loop
      vertex 48.892 6.2628 -15
      vertex 48.4763 6.96575 1
      vertex 48.4763 6.96575 -15
    endloop
  endfacet
  facet normal -0.860755 -0.50902 0
    outer loop
      vertex 48.4763 6.96575 1
      vertex 48.892 6.2628 -15
      vertex 48.892 6.2628 1
    endloop
  endfacet
  facet normal -0.707095 -0.707119 0
    outer loop
      vertex 46.9766 8.89911 -15
      vertex 46.3991 9.47659 1
      vertex 46.3991 9.47659 -15
    endloop
  endfacet
  facet normal -0.707095 -0.707119 0
    outer loop
      vertex 46.3991 9.47659 1
      vertex 46.9766 8.89911 -15
      vertex 46.9766 8.89911 1
    endloop
  endfacet
  facet normal 0.89099 0.454023 0
    outer loop
      vertex -48.892 -6.2628 1
      vertex -49.2628 -5.53513 -15
      vertex -49.2628 -5.53513 1
    endloop
  endfacet
  facet normal 0.89099 0.454023 0
    outer loop
      vertex -49.2628 -5.53513 -15
      vertex -48.892 -6.2628 1
      vertex -48.892 -6.2628 -15
    endloop
  endfacet
  facet normal -0.975931 0.218082 0
    outer loop
      vertex 50.0916 -3.23297 -15
      vertex 50.2697 -2.43596 1
      vertex 50.2697 -2.43596 -15
    endloop
  endfacet
  facet normal -0.975931 0.218082 0
    outer loop
      vertex 50.2697 -2.43596 1
      vertex 50.0916 -3.23297 -15
      vertex 50.0916 -3.23297 1
    endloop
  endfacet
  facet normal -0.860755 0.50902 0
    outer loop
      vertex 48.4763 -6.96575 -15
      vertex 48.892 -6.2628 1
      vertex 48.892 -6.2628 -15
    endloop
  endfacet
  facet normal -0.860755 0.50902 0
    outer loop
      vertex 48.892 -6.2628 1
      vertex 48.4763 -6.96575 -15
      vertex 48.4763 -6.96575 1
    endloop
  endfacet
  facet normal 0.562109 0.827063 -0
    outer loop
      vertex -44.4657 -10.9763 -15
      vertex -45.1412 -10.5172 1
      vertex -44.4657 -10.9763 1
    endloop
  endfacet
  facet normal 0.562109 0.827063 0
    outer loop
      vertex -45.1412 -10.5172 1
      vertex -44.4657 -10.9763 -15
      vertex -45.1412 -10.5172 -15
    endloop
  endfacet
  facet normal 0.454008 0.890997 -0
    outer loop
      vertex -43.0351 -11.7628 -15
      vertex -43.7628 -11.392 1
      vertex -43.0351 -11.7628 1
    endloop
  endfacet
  facet normal 0.454008 0.890997 0
    outer loop
      vertex -43.7628 -11.392 1
      vertex -43.0351 -11.7628 -15
      vertex -43.7628 -11.392 -15
    endloop
  endfacet
  facet normal -0.218084 -0.97593 0
    outer loop
      vertex 39.936 12.7697 -15
      vertex 40.733 12.5916 1
      vertex 39.936 12.7697 1
    endloop
  endfacet
  facet normal -0.218084 -0.97593 -0
    outer loop
      vertex 40.733 12.5916 1
      vertex 39.936 12.7697 -15
      vertex 40.733 12.5916 -15
    endloop
  endfacet
  facet normal -0.750099 -0.661326 0
    outer loop
      vertex 47.5167 8.28651 -15
      vertex 46.9766 8.89911 1
      vertex 46.9766 8.89911 -15
    endloop
  endfacet
  facet normal -0.750099 -0.661326 0
    outer loop
      vertex 46.9766 8.89911 1
      vertex 47.5167 8.28651 -15
      vertex 47.5167 8.28651 1
    endloop
  endfacet
  facet normal -0.661333 -0.750093 0
    outer loop
      vertex 45.7865 10.0167 -15
      vertex 46.3991 9.47659 1
      vertex 45.7865 10.0167 1
    endloop
  endfacet
  facet normal -0.661333 -0.750093 -0
    outer loop
      vertex 46.3991 9.47659 1
      vertex 45.7865 10.0167 -15
      vertex 46.3991 9.47659 -15
    endloop
  endfacet
  facet normal -0.917773 -0.397105 0
    outer loop
      vertex 49.5871 4.78562 -15
      vertex 49.2628 5.53513 1
      vertex 49.2628 5.53513 -15
    endloop
  endfacet
  facet normal -0.917773 -0.397105 0
    outer loop
      vertex 49.2628 5.53513 1
      vertex 49.5871 4.78562 -15
      vertex 49.5871 4.78562 1
    endloop
  endfacet
  facet normal -0.279069 -0.960271 0
    outer loop
      vertex 40.733 12.5916 -15
      vertex 41.5172 12.3637 1
      vertex 40.733 12.5916 1
    endloop
  endfacet
  facet normal -0.279069 -0.960271 -0
    outer loop
      vertex 41.5172 12.3637 1
      vertex 40.733 12.5916 -15
      vertex 41.5172 12.3637 -15
    endloop
  endfacet
  facet normal -0.975931 -0.218082 0
    outer loop
      vertex 50.2697 2.43596 -15
      vertex 50.0916 3.23297 1
      vertex 50.0916 3.23297 -15
    endloop
  endfacet
  facet normal -0.975931 -0.218082 0
    outer loop
      vertex 50.0916 3.23297 1
      vertex 50.2697 2.43596 -15
      vertex 50.2697 2.43596 1
    endloop
  endfacet
  facet normal -0.698714 0.156135 0.698155
    outer loop
      vertex 50.0916 -3.23297 1
      vertex 54.1031 -3.1672 5
      vertex 50.2697 -2.43596 1
    endloop
  endfacet
  facet normal -0.698509 0.158099 0.697918
    outer loop
      vertex 54.1031 -3.1672 5
      vertex 50.0916 -3.23297 1
      vertex 54.0987 -3.18664 5
    endloop
  endfacet
  facet normal -0.474746 -0.535887 0.69817
    outer loop
      vertex 49.0556 12.3345 5
      vertex 46.3991 9.47659 1
      vertex 49.0705 12.3213 5
    endloop
  endfacet
  facet normal -0.473483 -0.537031 0.698149
    outer loop
      vertex 46.3991 9.47659 1
      vertex 49.0556 12.3345 5
      vertex 45.7865 10.0167 1
    endloop
  endfacet
  facet normal 0.673638 -0.242489 0.698148
    outer loop
      vertex -53.5684 5.24188 5
      vertex -49.8637 4.01722 1
      vertex -49.5871 4.78562 1
    endloop
  endfacet
  facet normal 0.673039 -0.244219 0.698123
    outer loop
      vertex -49.8637 4.01722 1
      vertex -53.5684 5.24188 5
      vertex -53.5752 5.22314 5
    endloop
  endfacet
  facet normal -0.156137 -0.698714 0.698155
    outer loop
      vertex 40.733 12.5916 1
      vertex 40.6672 16.6031 5
      vertex 39.936 12.7697 1
    endloop
  endfacet
  facet normal -0.158417 -0.698476 0.697879
    outer loop
      vertex 40.6672 16.6031 5
      vertex 40.733 12.5916 1
      vertex 40.6866 16.5987 5
    endloop
  endfacet
  facet normal 0.637927 0.325028 0.698145
    outer loop
      vertex -52.3208 -8.12506 5
      vertex -49.2628 -5.53513 1
      vertex -52.7938 -7.19671 5
    endloop
  endfacet
  facet normal 0.637906 0.325059 0.698149
    outer loop
      vertex -52.3208 -8.12506 5
      vertex -48.892 -6.2628 1
      vertex -49.2628 -5.53513 1
    endloop
  endfacet
  facet normal 0.637085 0.326618 0.698171
    outer loop
      vertex -48.892 -6.2628 1
      vertex -52.3208 -8.12506 5
      vertex -52.3117 -8.14281 5
    endloop
  endfacet
  facet normal 0.657072 0.284342 0.698145
    outer loop
      vertex -52.7938 -7.19671 5
      vertex -49.2628 -5.53513 1
      vertex -53.2076 -6.24048 5
    endloop
  endfacet
  facet normal -0.673636 0.242498 0.698147
    outer loop
      vertex 53.2155 -6.2222 5
      vertex 53.5684 -5.24188 5
      vertex 49.5871 -4.78562 1
    endloop
  endfacet
  facet normal 0.712769 0.0674083 0.698152
    outer loop
      vertex -54.271 -2.09861 5
      vertex -50.4743 -0.816277 1
      vertex -54.3691 -1.06131 5
    endloop
  endfacet
  facet normal 0.61626 -0.364435 0.698148
    outer loop
      vertex -52.3016 8.15996 5
      vertex -48.892 6.2628 1
      vertex -48.4763 6.96575 1
    endloop
  endfacet
  facet normal 0.616906 -0.363309 0.698164
    outer loop
      vertex -48.892 6.2628 1
      vertex -52.3016 8.15996 5
      vertex -52.3117 8.14281 5
    endloop
  endfacet
  facet normal -0.473479 -0.537036 0.698148
    outer loop
      vertex 49.0556 12.3345 5
      vertex 48.274 13.0236 5
      vertex 45.7865 10.0167 1
    endloop
  endfacet
  facet normal 0.0215764 0.715619 0.698158
    outer loop
      vertex -37.5 -13 1
      vertex -37.5199 -16.9018 5
      vertex -37.5 -16.9024 5
    endloop
  endfacet
  facet normal 0.0225297 0.715601 0.698145
    outer loop
      vertex -37.5199 -16.9018 5
      vertex -37.5 -13 1
      vertex -38.3163 -12.9743 1
    endloop
  endfacet
  facet normal 0.473483 -0.537031 0.698149
    outer loop
      vertex -49.0556 12.3345 5
      vertex -46.3991 9.47659 1
      vertex -45.7865 10.0167 1
    endloop
  endfacet
  facet normal 0.474746 -0.535887 0.69817
    outer loop
      vertex -46.3991 9.47659 1
      vertex -49.0556 12.3345 5
      vertex -49.0705 12.3213 5
    endloop
  endfacet
  facet normal -0.673039 -0.244219 0.698123
    outer loop
      vertex 53.5684 5.24188 5
      vertex 49.8637 4.01722 1
      vertex 53.5752 5.22314 5
    endloop
  endfacet
  facet normal -0.673638 -0.242489 0.698148
    outer loop
      vertex 49.8637 4.01722 1
      vertex 53.5684 5.24188 5
      vertex 49.5871 4.78562 1
    endloop
  endfacet
  facet normal -0.0215764 -0.715619 0.698158
    outer loop
      vertex 37.5 13 1
      vertex 37.5199 16.9018 5
      vertex 37.5 16.9024 5
    endloop
  endfacet
  facet normal -0.0225297 -0.715601 0.698145
    outer loop
      vertex 37.5199 16.9018 5
      vertex 37.5 13 1
      vertex 38.3163 12.9743 1
    endloop
  endfacet
  facet normal 0.402418 -0.592151 0.698152
    outer loop
      vertex -45.1412 10.5172 1
      vertex -46.5733 14.26 5
      vertex -47.435 13.6744 5
    endloop
  endfacet
  facet normal 0.616248 0.364463 0.698144
    outer loop
      vertex -51.7712 -9.05678 5
      vertex -48.4763 -6.96575 1
      vertex -52.3016 -8.15996 5
    endloop
  endfacet
  facet normal 0.537036 -0.473479 0.698147
    outer loop
      vertex -47.5167 8.28651 1
      vertex -49.8345 11.5556 5
      vertex -50.5236 10.774 5
    endloop
  endfacet
  facet normal -0.673039 0.244219 0.698123
    outer loop
      vertex 49.8637 -4.01722 1
      vertex 53.5684 -5.24188 5
      vertex 53.5752 -5.22314 5
    endloop
  endfacet
  facet normal -0.673638 0.242489 0.698148
    outer loop
      vertex 53.5684 -5.24188 5
      vertex 49.8637 -4.01722 1
      vertex 49.5871 -4.78562 1
    endloop
  endfacet
  facet normal -0.284349 -0.657068 0.698145
    outer loop
      vertex 44.6967 15.2938 5
      vertex 43.7405 15.7076 5
      vertex 43.0351 11.7628 1
    endloop
  endfacet
  facet normal 0.657082 0.284308 0.698149
    outer loop
      vertex -49.5871 -4.78562 1
      vertex -53.2076 -6.24048 5
      vertex -49.2628 -5.53513 1
    endloop
  endfacet
  facet normal 0.657202 0.284021 0.698153
    outer loop
      vertex -53.2076 -6.24048 5
      vertex -49.5871 -4.78562 1
      vertex -53.2155 -6.2222 5
    endloop
  endfacet
  facet normal -0.402418 -0.592151 0.698152
    outer loop
      vertex 47.435 13.6744 5
      vertex 46.5733 14.26 5
      vertex 45.1412 10.5172 1
    endloop
  endfacet
  facet normal 0.0674083 0.712769 0.698152
    outer loop
      vertex -38.5613 -16.8691 5
      vertex -38.3163 -12.9743 1
      vertex -39.5986 -16.771 5
    endloop
  endfacet
  facet normal 0 -0.715785 0.69832
    outer loop
      vertex -37.5 13 1
      vertex 37.5 16.9024 5
      vertex -37.5 16.9024 5
    endloop
  endfacet
  facet normal 0 -0.715785 0.69832
    outer loop
      vertex 37.5 16.9024 5
      vertex -37.5 13 1
      vertex 37.5 13 1
    endloop
  endfacet
  facet normal 0.698713 0.156189 0.698144
    outer loop
      vertex -53.8714 -4.20347 5
      vertex -50.0916 -3.23297 1
      vertex -54.0987 -3.18664 5
    endloop
  endfacet
  facet normal -0.438806 -0.56572 0.698148
    outer loop
      vertex 48.274 13.0236 5
      vertex 47.4507 13.6622 5
      vertex 45.7865 10.0167 1
    endloop
  endfacet
  facet normal -0.0225297 0.715601 0.698145
    outer loop
      vertex 37.5 -13 1
      vertex 37.5199 -16.9018 5
      vertex 38.3163 -12.9743 1
    endloop
  endfacet
  facet normal -0.0215764 0.715619 0.698158
    outer loop
      vertex 37.5199 -16.9018 5
      vertex 37.5 -13 1
      vertex 37.5 -16.9024 5
    endloop
  endfacet
  facet normal 0 0.715785 0.69832
    outer loop
      vertex 37.5 -13 1
      vertex -37.5 -16.9024 5
      vertex 37.5 -16.9024 5
    endloop
  endfacet
  facet normal 0 0.715785 0.69832
    outer loop
      vertex -37.5 -16.9024 5
      vertex 37.5 -13 1
      vertex -37.5 -13 1
    endloop
  endfacet
  facet normal -0.1998 0.68751 0.698148
    outer loop
      vertex 40.733 -12.5916 1
      vertex 41.7226 -16.3659 5
      vertex 41.5172 -12.3637 1
    endloop
  endfacet
  facet normal -0.198108 0.687977 0.69817
    outer loop
      vertex 41.7226 -16.3659 5
      vertex 40.733 -12.5916 1
      vertex 41.7035 -16.3714 5
    endloop
  endfacet
  facet normal 0.61626 0.364435 0.698148
    outer loop
      vertex -48.892 -6.2628 1
      vertex -52.3016 -8.15996 5
      vertex -48.4763 -6.96575 1
    endloop
  endfacet
  facet normal 0.616906 0.363309 0.698164
    outer loop
      vertex -52.3016 -8.15996 5
      vertex -48.892 -6.2628 1
      vertex -52.3117 -8.14281 5
    endloop
  endfacet
  facet normal 0.56571 0.438819 0.698148
    outer loop
      vertex -50.5236 -10.774 5
      vertex -47.5167 -8.28651 1
      vertex -51.1622 -9.95074 5
    endloop
  endfacet
  facet normal 0.242503 0.673634 0.698148
    outer loop
      vertex -42.7419 -16.0684 5
      vertex -42.2856 -12.0871 1
      vertex -43.7222 -15.7155 5
    endloop
  endfacet
  facet normal 0.56573 -0.438785 0.698152
    outer loop
      vertex -51.1622 9.95074 5
      vertex -48.0172 7.64121 1
      vertex -47.5167 8.28651 1
    endloop
  endfacet
  facet normal 0.565869 -0.438602 0.698155
    outer loop
      vertex -48.0172 7.64121 1
      vertex -51.1622 9.95074 5
      vertex -51.1744 9.935 5
    endloop
  endfacet
  facet normal -0.712786 0.0673289 0.698143
    outer loop
      vertex 50.3975 -1.62933 1
      vertex 54.271 -2.09861 5
      vertex 50.4743 -0.816277 1
    endloop
  endfacet
  facet normal -0.713063 0.0647258 0.698106
    outer loop
      vertex 54.271 -2.09861 5
      vertex 50.3975 -1.62933 1
      vertex 54.2692 -2.11844 5
    endloop
  endfacet
  facet normal 0.707127 0.112035 0.698154
    outer loop
      vertex -54.1062 -3.14753 5
      vertex -50.2697 -2.43596 1
      vertex -50.3975 -1.62933 1
    endloop
  endfacet
  facet normal 0.707226 0.111459 0.698146
    outer loop
      vertex -50.2697 -2.43596 1
      vertex -54.1062 -3.14753 5
      vertex -54.1031 -3.1672 5
    endloop
  endfacet
  facet normal 0.242488 0.673637 0.69815
    outer loop
      vertex -42.7419 -16.0684 5
      vertex -41.5172 -12.3637 1
      vertex -42.2856 -12.0871 1
    endloop
  endfacet
  facet normal 0.243526 0.673278 0.698135
    outer loop
      vertex -41.5172 -12.3637 1
      vertex -42.7419 -16.0684 5
      vertex -42.7231 -16.0752 5
    endloop
  endfacet
  facet normal 0.438806 0.56572 0.698148
    outer loop
      vertex -47.4507 -13.6622 5
      vertex -45.7865 -10.0167 1
      vertex -48.274 -13.0236 5
    endloop
  endfacet
  facet normal 0.242503 -0.673634 0.698148
    outer loop
      vertex -42.2856 12.0871 1
      vertex -42.7419 16.0684 5
      vertex -43.7222 15.7155 5
    endloop
  endfacet
  facet normal 0.673636 0.242498 0.698147
    outer loop
      vertex -53.2155 -6.2222 5
      vertex -49.5871 -4.78562 1
      vertex -53.5684 -5.24188 5
    endloop
  endfacet
  facet normal 0.325048 -0.63791 0.698151
    outer loop
      vertex -45.6251 14.8208 5
      vertex -43.7628 11.392 1
      vertex -43.0351 11.7628 1
    endloop
  endfacet
  facet normal 0.327343 -0.636701 0.698183
    outer loop
      vertex -43.7628 11.392 1
      vertex -45.6251 14.8208 5
      vertex -45.6428 14.8117 5
    endloop
  endfacet
  facet normal 0.283757 -0.657311 0.698158
    outer loop
      vertex -43.7405 15.7076 5
      vertex -42.2856 12.0871 1
      vertex -43.7222 15.7155 5
    endloop
  endfacet
  facet normal 0.284311 -0.65708 0.69815
    outer loop
      vertex -42.2856 12.0871 1
      vertex -43.7405 15.7076 5
      vertex -43.0351 11.7628 1
    endloop
  endfacet
  facet normal 0.402444 0.592138 0.698149
    outer loop
      vertex -46.5733 -14.26 5
      vertex -44.4657 -10.9763 1
      vertex -45.1412 -10.5172 1
    endloop
  endfacet
  facet normal 0.402093 0.59237 0.698154
    outer loop
      vertex -44.4657 -10.9763 1
      vertex -46.5733 -14.26 5
      vertex -46.5568 -14.2712 5
    endloop
  endfacet
  facet normal 0.537036 0.473479 0.698147
    outer loop
      vertex -49.8345 -11.5556 5
      vertex -46.9766 -8.89911 1
      vertex -47.5167 -8.28651 1
    endloop
  endfacet
  facet normal 0.535888 0.474747 0.698169
    outer loop
      vertex -46.9766 -8.89911 1
      vertex -49.8345 -11.5556 5
      vertex -49.8213 -11.5705 5
    endloop
  endfacet
  facet normal -0.592163 -0.402403 0.698151
    outer loop
      vertex 51.76 9.07325 5
      vertex 51.1744 9.935 5
      vertex 48.0172 7.64121 1
    endloop
  endfacet
  facet normal 0.364467 0.616241 0.698148
    outer loop
      vertex -45.66 -14.8016 5
      vertex -44.4657 -10.9763 1
      vertex -46.5568 -14.2712 5
    endloop
  endfacet
  facet normal 0.064823 -0.713052 0.698108
    outer loop
      vertex -39.1293 12.8975 1
      vertex -39.5986 16.771 5
      vertex -39.6184 16.7692 5
    endloop
  endfacet
  facet normal 0.0673332 -0.712785 0.698143
    outer loop
      vertex -39.5986 16.771 5
      vertex -39.1293 12.8975 1
      vertex -38.3163 12.9743 1
    endloop
  endfacet
  facet normal -0.687519 -0.199752 0.698153
    outer loop
      vertex 53.8659 4.22259 5
      vertex 53.5752 5.22314 5
      vertex 49.8637 4.01722 1
    endloop
  endfacet
  facet normal -0.327343 -0.636701 0.698183
    outer loop
      vertex 45.6251 14.8208 5
      vertex 43.7628 11.392 1
      vertex 45.6428 14.8117 5
    endloop
  endfacet
  facet normal -0.325048 -0.63791 0.698151
    outer loop
      vertex 43.7628 11.392 1
      vertex 45.6251 14.8208 5
      vertex 43.0351 11.7628 1
    endloop
  endfacet
  facet normal 0.438806 -0.56572 0.698148
    outer loop
      vertex -45.7865 10.0167 1
      vertex -47.4507 13.6622 5
      vertex -48.274 13.0236 5
    endloop
  endfacet
  facet normal 0.0224698 0.715596 0.698152
    outer loop
      vertex -37.5199 -16.9018 5
      vertex -38.3163 -12.9743 1
      vertex -38.5613 -16.8691 5
    endloop
  endfacet
  facet normal -0.283757 -0.657311 0.698158
    outer loop
      vertex 42.2856 12.0871 1
      vertex 43.7405 15.7076 5
      vertex 43.7222 15.7155 5
    endloop
  endfacet
  facet normal -0.284311 -0.65708 0.69815
    outer loop
      vertex 43.7405 15.7076 5
      vertex 42.2856 12.0871 1
      vertex 43.0351 11.7628 1
    endloop
  endfacet
  facet normal 0.56573 0.438785 0.698152
    outer loop
      vertex -48.0172 -7.64121 1
      vertex -51.1622 -9.95074 5
      vertex -47.5167 -8.28651 1
    endloop
  endfacet
  facet normal 0.565869 0.438602 0.698155
    outer loop
      vertex -51.1622 -9.95074 5
      vertex -48.0172 -7.64121 1
      vertex -51.1744 -9.935 5
    endloop
  endfacet
  facet normal 0.592163 0.402403 0.698151
    outer loop
      vertex -51.1744 -9.935 5
      vertex -48.0172 -7.64121 1
      vertex -51.76 -9.07325 5
    endloop
  endfacet
  facet normal 0.715596 -0.0224697 0.698153
    outer loop
      vertex -50.4743 0.816277 1
      vertex -54.3691 1.06131 5
      vertex -54.4018 0.0199091 5
    endloop
  endfacet
  facet normal -0.657072 0.284342 0.698145
    outer loop
      vertex 52.7938 -7.19671 5
      vertex 53.2076 -6.24048 5
      vertex 49.2628 -5.53513 1
    endloop
  endfacet
  facet normal 0.156179 0.698715 0.698144
    outer loop
      vertex -40.6866 -16.5987 5
      vertex -40.733 -12.5916 1
      vertex -41.7035 -16.3714 5
    endloop
  endfacet
  facet normal 0.537036 0.473479 0.698147
    outer loop
      vertex -49.8345 -11.5556 5
      vertex -47.5167 -8.28651 1
      vertex -50.5236 -10.774 5
    endloop
  endfacet
  facet normal 0.698509 0.158099 0.697918
    outer loop
      vertex -50.0916 -3.23297 1
      vertex -54.1031 -3.1672 5
      vertex -54.0987 -3.18664 5
    endloop
  endfacet
  facet normal 0.698714 0.156135 0.698155
    outer loop
      vertex -54.1031 -3.1672 5
      vertex -50.0916 -3.23297 1
      vertex -50.2697 -2.43596 1
    endloop
  endfacet
  facet normal 0.0224698 -0.715596 0.698152
    outer loop
      vertex -38.3163 12.9743 1
      vertex -37.5199 16.9018 5
      vertex -38.5613 16.8691 5
    endloop
  endfacet
  facet normal -0.535888 -0.474747 0.698169
    outer loop
      vertex 46.9766 8.89911 1
      vertex 49.8345 11.5556 5
      vertex 49.8213 11.5705 5
    endloop
  endfacet
  facet normal -0.537036 -0.473479 0.698147
    outer loop
      vertex 49.8345 11.5556 5
      vertex 46.9766 8.89911 1
      vertex 47.5167 8.28651 1
    endloop
  endfacet
  facet normal 0.473479 -0.537036 0.698148
    outer loop
      vertex -45.7865 10.0167 1
      vertex -48.274 13.0236 5
      vertex -49.0556 12.3345 5
    endloop
  endfacet
  facet normal -0.506259 -0.506259 0.698143
    outer loop
      vertex 49.0705 12.3213 5
      vertex 46.9766 8.89911 1
      vertex 49.8213 11.5705 5
    endloop
  endfacet
  facet normal -0.506249 -0.506267 0.698144
    outer loop
      vertex 46.9766 8.89911 1
      vertex 49.0705 12.3213 5
      vertex 46.3991 9.47659 1
    endloop
  endfacet
  facet normal -0.657202 0.284021 0.698153
    outer loop
      vertex 49.5871 -4.78562 1
      vertex 53.2076 -6.24048 5
      vertex 53.2155 -6.2222 5
    endloop
  endfacet
  facet normal -0.657082 0.284308 0.698149
    outer loop
      vertex 53.2076 -6.24048 5
      vertex 49.5871 -4.78562 1
      vertex 49.2628 -5.53513 1
    endloop
  endfacet
  facet normal -0.364467 -0.616241 0.698148
    outer loop
      vertex 46.5568 14.2712 5
      vertex 45.66 14.8016 5
      vertex 44.4657 10.9763 1
    endloop
  endfacet
  facet normal 0.0225297 -0.715601 0.698145
    outer loop
      vertex -37.5 13 1
      vertex -37.5199 16.9018 5
      vertex -38.3163 12.9743 1
    endloop
  endfacet
  facet normal 0.0215764 -0.715619 0.698158
    outer loop
      vertex -37.5199 16.9018 5
      vertex -37.5 13 1
      vertex -37.5 16.9024 5
    endloop
  endfacet
  facet normal -0.158417 0.698476 0.697879
    outer loop
      vertex 40.733 -12.5916 1
      vertex 40.6672 -16.6031 5
      vertex 40.6866 -16.5987 5
    endloop
  endfacet
  facet normal -0.156137 0.698714 0.698155
    outer loop
      vertex 40.6672 -16.6031 5
      vertex 40.733 -12.5916 1
      vertex 39.936 -12.7697 1
    endloop
  endfacet
  facet normal 0.637085 -0.326618 0.698171
    outer loop
      vertex -52.3208 8.12506 5
      vertex -48.892 6.2628 1
      vertex -52.3117 8.14281 5
    endloop
  endfacet
  facet normal 0.637906 -0.325059 0.698149
    outer loop
      vertex -48.892 6.2628 1
      vertex -52.3208 8.12506 5
      vertex -49.2628 5.53513 1
    endloop
  endfacet
  facet normal -0.616248 0.364463 0.698144
    outer loop
      vertex 51.7712 -9.05678 5
      vertex 52.3016 -8.15996 5
      vertex 48.4763 -6.96575 1
    endloop
  endfacet
  facet normal -0.112004 -0.707136 0.69815
    outer loop
      vertex 40.6475 16.6062 5
      vertex 39.6184 16.7692 5
      vertex 39.1293 12.8975 1
    endloop
  endfacet
  facet normal -0.698713 0.156189 0.698144
    outer loop
      vertex 53.8714 -4.20347 5
      vertex 54.0987 -3.18664 5
      vertex 50.0916 -3.23297 1
    endloop
  endfacet
  facet normal -0.402444 0.592138 0.698149
    outer loop
      vertex 44.4657 -10.9763 1
      vertex 46.5733 -14.26 5
      vertex 45.1412 -10.5172 1
    endloop
  endfacet
  facet normal -0.402093 0.59237 0.698154
    outer loop
      vertex 46.5733 -14.26 5
      vertex 44.4657 -10.9763 1
      vertex 46.5568 -14.2712 5
    endloop
  endfacet
  facet normal -0.473479 0.537036 0.698148
    outer loop
      vertex 48.274 -13.0236 5
      vertex 49.0556 -12.3345 5
      vertex 45.7865 -10.0167 1
    endloop
  endfacet
  facet normal -0.156179 -0.698715 0.698144
    outer loop
      vertex 40.733 12.5916 1
      vertex 41.7035 16.3714 5
      vertex 40.6866 16.5987 5
    endloop
  endfacet
  facet normal 0.284311 0.65708 0.69815
    outer loop
      vertex -43.7405 -15.7076 5
      vertex -42.2856 -12.0871 1
      vertex -43.0351 -11.7628 1
    endloop
  endfacet
  facet normal 0.283757 0.657311 0.698158
    outer loop
      vertex -42.2856 -12.0871 1
      vertex -43.7405 -15.7076 5
      vertex -43.7222 -15.7155 5
    endloop
  endfacet
  facet normal -0.156179 0.698715 0.698144
    outer loop
      vertex 41.7035 -16.3714 5
      vertex 40.733 -12.5916 1
      vertex 40.6866 -16.5987 5
    endloop
  endfacet
  facet normal -0.242488 0.673637 0.69815
    outer loop
      vertex 41.5172 -12.3637 1
      vertex 42.7419 -16.0684 5
      vertex 42.2856 -12.0871 1
    endloop
  endfacet
  facet normal -0.243526 0.673278 0.698135
    outer loop
      vertex 42.7419 -16.0684 5
      vertex 41.5172 -12.3637 1
      vertex 42.7231 -16.0752 5
    endloop
  endfacet
  facet normal 0.112004 0.707136 0.69815
    outer loop
      vertex -39.6184 -16.7692 5
      vertex -39.1293 -12.8975 1
      vertex -40.6475 -16.6062 5
    endloop
  endfacet
  facet normal -0.327343 0.636701 0.698183
    outer loop
      vertex 43.7628 -11.392 1
      vertex 45.6251 -14.8208 5
      vertex 45.6428 -14.8117 5
    endloop
  endfacet
  facet normal -0.325048 0.63791 0.698151
    outer loop
      vertex 45.6251 -14.8208 5
      vertex 43.7628 -11.392 1
      vertex 43.0351 -11.7628 1
    endloop
  endfacet
  facet normal -0.402093 -0.59237 0.698154
    outer loop
      vertex 44.4657 10.9763 1
      vertex 46.5733 14.26 5
      vertex 46.5568 14.2712 5
    endloop
  endfacet
  facet normal -0.402444 -0.592138 0.698149
    outer loop
      vertex 46.5733 14.26 5
      vertex 44.4657 10.9763 1
      vertex 45.1412 10.5172 1
    endloop
  endfacet
  facet normal -0.59204 -0.402601 0.698141
    outer loop
      vertex 51.76 9.07325 5
      vertex 48.4763 6.96575 1
      vertex 51.7712 9.05678 5
    endloop
  endfacet
  facet normal -0.592132 -0.402463 0.698143
    outer loop
      vertex 48.4763 6.96575 1
      vertex 51.76 9.07325 5
      vertex 48.0172 7.64121 1
    endloop
  endfacet
  facet normal -0.402418 0.592151 0.698152
    outer loop
      vertex 46.5733 -14.26 5
      vertex 47.435 -13.6744 5
      vertex 45.1412 -10.5172 1
    endloop
  endfacet
  facet normal 0.712769 -0.0674083 0.698152
    outer loop
      vertex -50.4743 0.816277 1
      vertex -54.271 2.09861 5
      vertex -54.3691 1.06131 5
    endloop
  endfacet
  facet normal 0.506249 0.506267 0.698144
    outer loop
      vertex -46.9766 -8.89911 1
      vertex -49.0705 -12.3213 5
      vertex -46.3991 -9.47659 1
    endloop
  endfacet
  facet normal 0.506259 0.506259 0.698143
    outer loop
      vertex -49.0705 -12.3213 5
      vertex -46.9766 -8.89911 1
      vertex -49.8213 -11.5705 5
    endloop
  endfacet
  facet normal 0.402418 0.592151 0.698152
    outer loop
      vertex -46.5733 -14.26 5
      vertex -45.1412 -10.5172 1
      vertex -47.435 -13.6744 5
    endloop
  endfacet
  facet normal 0.438786 0.565732 0.698151
    outer loop
      vertex -47.4507 -13.6622 5
      vertex -45.1412 -10.5172 1
      vertex -45.7865 -10.0167 1
    endloop
  endfacet
  facet normal 0.439307 0.565338 0.698142
    outer loop
      vertex -45.1412 -10.5172 1
      vertex -47.4507 -13.6622 5
      vertex -47.435 -13.6744 5
    endloop
  endfacet
  facet normal 0.715619 0.0215666 0.698158
    outer loop
      vertex -54.4018 -0.0199091 5
      vertex -50.5 0 1
      vertex -54.4024 0 5
    endloop
  endfacet
  facet normal 0.715601 0.0225303 0.698145
    outer loop
      vertex -50.5 0 1
      vertex -54.4018 -0.0199091 5
      vertex -50.4743 -0.816277 1
    endloop
  endfacet
  facet normal -0.438806 0.56572 0.698148
    outer loop
      vertex 47.4507 -13.6622 5
      vertex 48.274 -13.0236 5
      vertex 45.7865 -10.0167 1
    endloop
  endfacet
  facet normal 0.199761 0.687516 0.698152
    outer loop
      vertex -41.7226 -16.3659 5
      vertex -41.5172 -12.3637 1
      vertex -42.7231 -16.0752 5
    endloop
  endfacet
  facet normal -0.715601 -0.0225303 0.698145
    outer loop
      vertex 50.5 0 1
      vertex 54.4018 0.0199091 5
      vertex 50.4743 0.816277 1
    endloop
  endfacet
  facet normal -0.715619 -0.0215666 0.698158
    outer loop
      vertex 54.4018 0.0199091 5
      vertex 50.5 0 1
      vertex 54.4024 0 5
    endloop
  endfacet
  facet normal -0.56571 0.438819 0.698148
    outer loop
      vertex 50.5236 -10.774 5
      vertex 51.1622 -9.95074 5
      vertex 47.5167 -8.28651 1
    endloop
  endfacet
  facet normal -0.242503 -0.673634 0.698148
    outer loop
      vertex 43.7222 15.7155 5
      vertex 42.7419 16.0684 5
      vertex 42.2856 12.0871 1
    endloop
  endfacet
  facet normal 0.439307 -0.565338 0.698142
    outer loop
      vertex -47.4507 13.6622 5
      vertex -45.1412 10.5172 1
      vertex -47.435 13.6744 5
    endloop
  endfacet
  facet normal 0.438786 -0.565732 0.698151
    outer loop
      vertex -45.1412 10.5172 1
      vertex -47.4507 13.6622 5
      vertex -45.7865 10.0167 1
    endloop
  endfacet
  facet normal 0.112026 0.70713 0.698153
    outer loop
      vertex -39.936 -12.7697 1
      vertex -40.6475 -16.6062 5
      vertex -39.1293 -12.8975 1
    endloop
  endfacet
  facet normal 0.111294 0.707255 0.698143
    outer loop
      vertex -40.6475 -16.6062 5
      vertex -39.936 -12.7697 1
      vertex -40.6672 -16.6031 5
    endloop
  endfacet
  facet normal 0.592163 -0.402403 0.698151
    outer loop
      vertex -48.0172 7.64121 1
      vertex -51.1744 9.935 5
      vertex -51.76 9.07325 5
    endloop
  endfacet
  facet normal 0.592132 0.402463 0.698143
    outer loop
      vertex -48.4763 -6.96575 1
      vertex -51.76 -9.07325 5
      vertex -48.0172 -7.64121 1
    endloop
  endfacet
  facet normal 0.59204 0.402601 0.698141
    outer loop
      vertex -51.76 -9.07325 5
      vertex -48.4763 -6.96575 1
      vertex -51.7712 -9.05678 5
    endloop
  endfacet
  facet normal -0.707226 -0.111459 0.698146
    outer loop
      vertex 50.2697 2.43596 1
      vertex 54.1062 3.14753 5
      vertex 54.1031 3.1672 5
    endloop
  endfacet
  facet normal -0.707127 -0.112035 0.698154
    outer loop
      vertex 54.1062 3.14753 5
      vertex 50.2697 2.43596 1
      vertex 50.3975 1.62933 1
    endloop
  endfacet
  facet normal 0.0673332 0.712785 0.698143
    outer loop
      vertex -39.1293 -12.8975 1
      vertex -39.5986 -16.771 5
      vertex -38.3163 -12.9743 1
    endloop
  endfacet
  facet normal 0.064823 0.713052 0.698108
    outer loop
      vertex -39.5986 -16.771 5
      vertex -39.1293 -12.8975 1
      vertex -39.6184 -16.7692 5
    endloop
  endfacet
  facet normal 0.687519 -0.199752 0.698153
    outer loop
      vertex -49.8637 4.01722 1
      vertex -53.5752 5.22314 5
      vertex -53.8659 4.22259 5
    endloop
  endfacet
  facet normal 0.56571 -0.438819 0.698148
    outer loop
      vertex -47.5167 8.28651 1
      vertex -50.5236 10.774 5
      vertex -51.1622 9.95074 5
    endloop
  endfacet
  facet normal 0.1998 0.68751 0.698148
    outer loop
      vertex -41.7226 -16.3659 5
      vertex -40.733 -12.5916 1
      vertex -41.5172 -12.3637 1
    endloop
  endfacet
  facet normal 0.198108 0.687977 0.69817
    outer loop
      vertex -40.733 -12.5916 1
      vertex -41.7226 -16.3659 5
      vertex -41.7035 -16.3714 5
    endloop
  endfacet
  facet normal -0.111294 0.707255 0.698143
    outer loop
      vertex 39.936 -12.7697 1
      vertex 40.6475 -16.6062 5
      vertex 40.6672 -16.6031 5
    endloop
  endfacet
  facet normal -0.112026 0.70713 0.698153
    outer loop
      vertex 40.6475 -16.6062 5
      vertex 39.936 -12.7697 1
      vertex 39.1293 -12.8975 1
    endloop
  endfacet
  facet normal -0.362518 -0.617357 0.698177
    outer loop
      vertex 43.7628 11.392 1
      vertex 45.66 14.8016 5
      vertex 45.6428 14.8117 5
    endloop
  endfacet
  facet normal -0.364453 -0.616248 0.69815
    outer loop
      vertex 45.66 14.8016 5
      vertex 43.7628 11.392 1
      vertex 44.4657 10.9763 1
    endloop
  endfacet
  facet normal 0.715596 0.0224697 0.698153
    outer loop
      vertex -54.3691 -1.06131 5
      vertex -50.4743 -0.816277 1
      vertex -54.4018 -0.0199091 5
    endloop
  endfacet
  facet normal 0.712786 0.0673289 0.698143
    outer loop
      vertex -54.271 -2.09861 5
      vertex -50.3975 -1.62933 1
      vertex -50.4743 -0.816277 1
    endloop
  endfacet
  facet normal 0.713063 0.0647258 0.698106
    outer loop
      vertex -50.3975 -1.62933 1
      vertex -54.271 -2.09861 5
      vertex -54.2692 -2.11844 5
    endloop
  endfacet
  facet normal -0.198108 -0.687977 0.69817
    outer loop
      vertex 40.733 12.5916 1
      vertex 41.7226 16.3659 5
      vertex 41.7035 16.3714 5
    endloop
  endfacet
  facet normal -0.1998 -0.68751 0.698148
    outer loop
      vertex 41.7226 16.3659 5
      vertex 40.733 12.5916 1
      vertex 41.5172 12.3637 1
    endloop
  endfacet
  facet normal -0.688029 0.197916 0.698173
    outer loop
      vertex 50.0916 -3.23297 1
      vertex 53.8659 -4.22259 5
      vertex 53.8714 -4.20347 5
    endloop
  endfacet
  facet normal -0.687513 0.199788 0.698148
    outer loop
      vertex 53.8659 -4.22259 5
      vertex 50.0916 -3.23297 1
      vertex 49.8637 -4.01722 1
    endloop
  endfacet
  facet normal -0.637927 0.325028 0.698145
    outer loop
      vertex 52.3208 -8.12506 5
      vertex 52.7938 -7.19671 5
      vertex 49.2628 -5.53513 1
    endloop
  endfacet
  facet normal -0.616906 0.363309 0.698164
    outer loop
      vertex 48.892 -6.2628 1
      vertex 52.3016 -8.15996 5
      vertex 52.3117 -8.14281 5
    endloop
  endfacet
  facet normal -0.61626 0.364435 0.698148
    outer loop
      vertex 52.3016 -8.15996 5
      vertex 48.892 -6.2628 1
      vertex 48.4763 -6.96575 1
    endloop
  endfacet
  facet normal 0.364453 0.616248 0.69815
    outer loop
      vertex -45.66 -14.8016 5
      vertex -43.7628 -11.392 1
      vertex -44.4657 -10.9763 1
    endloop
  endfacet
  facet normal 0.362518 0.617357 0.698177
    outer loop
      vertex -43.7628 -11.392 1
      vertex -45.66 -14.8016 5
      vertex -45.6428 -14.8117 5
    endloop
  endfacet
  facet normal -0.537036 0.473479 0.698147
    outer loop
      vertex 46.9766 -8.89911 1
      vertex 49.8345 -11.5556 5
      vertex 47.5167 -8.28651 1
    endloop
  endfacet
  facet normal -0.535888 0.474747 0.698169
    outer loop
      vertex 49.8345 -11.5556 5
      vertex 46.9766 -8.89911 1
      vertex 49.8213 -11.5705 5
    endloop
  endfacet
  facet normal -0.537036 0.473479 0.698147
    outer loop
      vertex 49.8345 -11.5556 5
      vertex 50.5236 -10.774 5
      vertex 47.5167 -8.28651 1
    endloop
  endfacet
  facet normal -0.325013 0.637933 0.698146
    outer loop
      vertex 44.6967 -15.2938 5
      vertex 45.6251 -14.8208 5
      vertex 43.0351 -11.7628 1
    endloop
  endfacet
  facet normal 0.198108 -0.687977 0.69817
    outer loop
      vertex -41.7226 16.3659 5
      vertex -40.733 12.5916 1
      vertex -41.7035 16.3714 5
    endloop
  endfacet
  facet normal 0.1998 -0.68751 0.698148
    outer loop
      vertex -40.733 12.5916 1
      vertex -41.7226 16.3659 5
      vertex -41.5172 12.3637 1
    endloop
  endfacet
  facet normal 0.0674083 -0.712769 0.698152
    outer loop
      vertex -38.3163 12.9743 1
      vertex -38.5613 16.8691 5
      vertex -39.5986 16.771 5
    endloop
  endfacet
  facet normal -0.637906 0.325059 0.698149
    outer loop
      vertex 48.892 -6.2628 1
      vertex 52.3208 -8.12506 5
      vertex 49.2628 -5.53513 1
    endloop
  endfacet
  facet normal -0.637085 0.326618 0.698171
    outer loop
      vertex 52.3208 -8.12506 5
      vertex 48.892 -6.2628 1
      vertex 52.3117 -8.14281 5
    endloop
  endfacet
  facet normal -0.0673332 -0.712785 0.698143
    outer loop
      vertex 39.1293 12.8975 1
      vertex 39.5986 16.771 5
      vertex 38.3163 12.9743 1
    endloop
  endfacet
  facet normal -0.064823 -0.713052 0.698108
    outer loop
      vertex 39.5986 16.771 5
      vertex 39.1293 12.8975 1
      vertex 39.6184 16.7692 5
    endloop
  endfacet
  facet normal 0.199761 -0.687516 0.698152
    outer loop
      vertex -41.5172 12.3637 1
      vertex -41.7226 16.3659 5
      vertex -42.7231 16.0752 5
    endloop
  endfacet
  facet normal 0.673638 0.242489 0.698148
    outer loop
      vertex -49.8637 -4.01722 1
      vertex -53.5684 -5.24188 5
      vertex -49.5871 -4.78562 1
    endloop
  endfacet
  facet normal 0.673039 0.244219 0.698123
    outer loop
      vertex -53.5684 -5.24188 5
      vertex -49.8637 -4.01722 1
      vertex -53.5752 -5.22314 5
    endloop
  endfacet
  facet normal 0.325048 0.63791 0.698151
    outer loop
      vertex -43.7628 -11.392 1
      vertex -45.6251 -14.8208 5
      vertex -43.0351 -11.7628 1
    endloop
  endfacet
  facet normal 0.327343 0.636701 0.698183
    outer loop
      vertex -45.6251 -14.8208 5
      vertex -43.7628 -11.392 1
      vertex -45.6428 -14.8117 5
    endloop
  endfacet
  facet normal -0.637927 -0.325028 0.698145
    outer loop
      vertex 52.7938 7.19671 5
      vertex 52.3208 8.12506 5
      vertex 49.2628 5.53513 1
    endloop
  endfacet
  facet normal 0.535888 -0.474747 0.698169
    outer loop
      vertex -49.8345 11.5556 5
      vertex -46.9766 8.89911 1
      vertex -49.8213 11.5705 5
    endloop
  endfacet
  facet normal 0.537036 -0.473479 0.698147
    outer loop
      vertex -46.9766 8.89911 1
      vertex -49.8345 11.5556 5
      vertex -47.5167 8.28651 1
    endloop
  endfacet
  facet normal -0.325013 -0.637933 0.698146
    outer loop
      vertex 45.6251 14.8208 5
      vertex 44.6967 15.2938 5
      vertex 43.0351 11.7628 1
    endloop
  endfacet
  facet normal 0.325013 0.637933 0.698146
    outer loop
      vertex -44.6967 -15.2938 5
      vertex -43.0351 -11.7628 1
      vertex -45.6251 -14.8208 5
    endloop
  endfacet
  facet normal 0.284349 0.657068 0.698145
    outer loop
      vertex -43.7405 -15.7076 5
      vertex -43.0351 -11.7628 1
      vertex -44.6967 -15.2938 5
    endloop
  endfacet
  facet normal -0.707136 0.112005 0.69815
    outer loop
      vertex 54.1062 -3.14753 5
      vertex 54.2692 -2.11844 5
      vertex 50.3975 -1.62933 1
    endloop
  endfacet
  facet normal 0.402093 -0.59237 0.698154
    outer loop
      vertex -46.5733 14.26 5
      vertex -44.4657 10.9763 1
      vertex -46.5568 14.2712 5
    endloop
  endfacet
  facet normal 0.402444 -0.592138 0.698149
    outer loop
      vertex -44.4657 10.9763 1
      vertex -46.5733 14.26 5
      vertex -45.1412 10.5172 1
    endloop
  endfacet
  facet normal -0.242503 0.673634 0.698148
    outer loop
      vertex 42.7419 -16.0684 5
      vertex 43.7222 -15.7155 5
      vertex 42.2856 -12.0871 1
    endloop
  endfacet
  facet normal -0.712769 0.0674083 0.698152
    outer loop
      vertex 54.271 -2.09861 5
      vertex 54.3691 -1.06131 5
      vertex 50.4743 -0.816277 1
    endloop
  endfacet
  facet normal -0.064823 0.713052 0.698108
    outer loop
      vertex 39.1293 -12.8975 1
      vertex 39.5986 -16.771 5
      vertex 39.6184 -16.7692 5
    endloop
  endfacet
  facet normal -0.0673332 0.712785 0.698143
    outer loop
      vertex 39.5986 -16.771 5
      vertex 39.1293 -12.8975 1
      vertex 38.3163 -12.9743 1
    endloop
  endfacet
  facet normal -0.112004 0.707136 0.69815
    outer loop
      vertex 39.6184 -16.7692 5
      vertex 40.6475 -16.6062 5
      vertex 39.1293 -12.8975 1
    endloop
  endfacet
  facet normal -0.364467 0.616241 0.698148
    outer loop
      vertex 45.66 -14.8016 5
      vertex 46.5568 -14.2712 5
      vertex 44.4657 -10.9763 1
    endloop
  endfacet
  facet normal 0.715619 -0.0215666 0.698158
    outer loop
      vertex -50.5 0 1
      vertex -54.4018 0.0199091 5
      vertex -54.4024 0 5
    endloop
  endfacet
  facet normal 0.715601 -0.0225303 0.698145
    outer loop
      vertex -54.4018 0.0199091 5
      vertex -50.5 0 1
      vertex -50.4743 0.816277 1
    endloop
  endfacet
  facet normal -0.199761 0.687516 0.698152
    outer loop
      vertex 41.7226 -16.3659 5
      vertex 42.7231 -16.0752 5
      vertex 41.5172 -12.3637 1
    endloop
  endfacet
  facet normal 0.687519 0.199752 0.698153
    outer loop
      vertex -53.5752 -5.22314 5
      vertex -49.8637 -4.01722 1
      vertex -53.8659 -4.22259 5
    endloop
  endfacet
  facet normal 0.687513 0.199788 0.698148
    outer loop
      vertex -50.0916 -3.23297 1
      vertex -53.8659 -4.22259 5
      vertex -49.8637 -4.01722 1
    endloop
  endfacet
  facet normal 0.688029 0.197916 0.698173
    outer loop
      vertex -53.8659 -4.22259 5
      vertex -50.0916 -3.23297 1
      vertex -53.8714 -4.20347 5
    endloop
  endfacet
  facet normal 0.673636 -0.242498 0.698147
    outer loop
      vertex -49.5871 4.78562 1
      vertex -53.2155 6.2222 5
      vertex -53.5684 5.24188 5
    endloop
  endfacet
  facet normal -0.565869 0.438602 0.698155
    outer loop
      vertex 48.0172 -7.64121 1
      vertex 51.1622 -9.95074 5
      vertex 51.1744 -9.935 5
    endloop
  endfacet
  facet normal -0.56573 0.438785 0.698152
    outer loop
      vertex 51.1622 -9.95074 5
      vertex 48.0172 -7.64121 1
      vertex 47.5167 -8.28651 1
    endloop
  endfacet
  facet normal 0.156179 -0.698715 0.698144
    outer loop
      vertex -40.733 12.5916 1
      vertex -40.6866 16.5987 5
      vertex -41.7035 16.3714 5
    endloop
  endfacet
  facet normal 0.473483 0.537031 0.698149
    outer loop
      vertex -46.3991 -9.47659 1
      vertex -49.0556 -12.3345 5
      vertex -45.7865 -10.0167 1
    endloop
  endfacet
  facet normal 0.474746 0.535887 0.69817
    outer loop
      vertex -49.0556 -12.3345 5
      vertex -46.3991 -9.47659 1
      vertex -49.0705 -12.3213 5
    endloop
  endfacet
  facet normal 0.473479 0.537036 0.698148
    outer loop
      vertex -48.274 -13.0236 5
      vertex -45.7865 -10.0167 1
      vertex -49.0556 -12.3345 5
    endloop
  endfacet
  facet normal -0.687519 0.199752 0.698153
    outer loop
      vertex 53.5752 -5.22314 5
      vertex 53.8659 -4.22259 5
      vertex 49.8637 -4.01722 1
    endloop
  endfacet
  facet normal 0.592132 -0.402463 0.698143
    outer loop
      vertex -51.76 9.07325 5
      vertex -48.4763 6.96575 1
      vertex -48.0172 7.64121 1
    endloop
  endfacet
  facet normal 0.59204 -0.402601 0.698141
    outer loop
      vertex -48.4763 6.96575 1
      vertex -51.76 9.07325 5
      vertex -51.7712 9.05678 5
    endloop
  endfacet
  facet normal 0.616248 -0.364463 0.698144
    outer loop
      vertex -48.4763 6.96575 1
      vertex -51.7712 9.05678 5
      vertex -52.3016 8.15996 5
    endloop
  endfacet
  facet normal 0.637927 -0.325028 0.698145
    outer loop
      vertex -49.2628 5.53513 1
      vertex -52.3208 8.12506 5
      vertex -52.7938 7.19671 5
    endloop
  endfacet
  facet normal 0.698713 -0.156189 0.698144
    outer loop
      vertex -50.0916 3.23297 1
      vertex -53.8714 4.20347 5
      vertex -54.0987 3.18664 5
    endloop
  endfacet
  facet normal 0.698509 -0.158099 0.697918
    outer loop
      vertex -54.1031 3.1672 5
      vertex -50.0916 3.23297 1
      vertex -54.0987 3.18664 5
    endloop
  endfacet
  facet normal 0.698714 -0.156135 0.698155
    outer loop
      vertex -50.0916 3.23297 1
      vertex -54.1031 3.1672 5
      vertex -50.2697 2.43596 1
    endloop
  endfacet
  facet normal 0.506249 -0.506267 0.698144
    outer loop
      vertex -49.0705 12.3213 5
      vertex -46.9766 8.89911 1
      vertex -46.3991 9.47659 1
    endloop
  endfacet
  facet normal 0.506259 -0.506259 0.698143
    outer loop
      vertex -46.9766 8.89911 1
      vertex -49.0705 12.3213 5
      vertex -49.8213 11.5705 5
    endloop
  endfacet
  facet normal -0.688029 -0.197916 0.698173
    outer loop
      vertex 53.8659 4.22259 5
      vertex 50.0916 3.23297 1
      vertex 53.8714 4.20347 5
    endloop
  endfacet
  facet normal -0.687513 -0.199788 0.698148
    outer loop
      vertex 50.0916 3.23297 1
      vertex 53.8659 4.22259 5
      vertex 49.8637 4.01722 1
    endloop
  endfacet
  facet normal 0.657082 -0.284308 0.698149
    outer loop
      vertex -53.2076 6.24048 5
      vertex -49.5871 4.78562 1
      vertex -49.2628 5.53513 1
    endloop
  endfacet
  facet normal 0.657202 -0.284021 0.698153
    outer loop
      vertex -49.5871 4.78562 1
      vertex -53.2076 6.24048 5
      vertex -53.2155 6.2222 5
    endloop
  endfacet
  facet normal 0.325013 -0.637933 0.698146
    outer loop
      vertex -43.0351 11.7628 1
      vertex -44.6967 15.2938 5
      vertex -45.6251 14.8208 5
    endloop
  endfacet
  facet normal 0.364467 -0.616241 0.698148
    outer loop
      vertex -44.4657 10.9763 1
      vertex -45.66 14.8016 5
      vertex -46.5568 14.2712 5
    endloop
  endfacet
  facet normal 0.707136 -0.112005 0.69815
    outer loop
      vertex -50.3975 1.62933 1
      vertex -54.1062 3.14753 5
      vertex -54.2692 2.11844 5
    endloop
  endfacet
  facet normal 0.707226 -0.111459 0.698146
    outer loop
      vertex -54.1062 3.14753 5
      vertex -50.2697 2.43596 1
      vertex -54.1031 3.1672 5
    endloop
  endfacet
  facet normal 0.707127 -0.112035 0.698154
    outer loop
      vertex -50.2697 2.43596 1
      vertex -54.1062 3.14753 5
      vertex -50.3975 1.62933 1
    endloop
  endfacet
  facet normal -0.364453 0.616248 0.69815
    outer loop
      vertex 43.7628 -11.392 1
      vertex 45.66 -14.8016 5
      vertex 44.4657 -10.9763 1
    endloop
  endfacet
  facet normal -0.362518 0.617357 0.698177
    outer loop
      vertex 45.66 -14.8016 5
      vertex 43.7628 -11.392 1
      vertex 45.6428 -14.8117 5
    endloop
  endfacet
  facet normal -0.439307 -0.565338 0.698142
    outer loop
      vertex 45.1412 10.5172 1
      vertex 47.4507 13.6622 5
      vertex 47.435 13.6744 5
    endloop
  endfacet
  facet normal -0.438786 -0.565732 0.698151
    outer loop
      vertex 47.4507 13.6622 5
      vertex 45.1412 10.5172 1
      vertex 45.7865 10.0167 1
    endloop
  endfacet
  facet normal 0.657072 -0.284342 0.698145
    outer loop
      vertex -49.2628 5.53513 1
      vertex -52.7938 7.19671 5
      vertex -53.2076 6.24048 5
    endloop
  endfacet
  facet normal -0.474746 0.535887 0.69817
    outer loop
      vertex 46.3991 -9.47659 1
      vertex 49.0556 -12.3345 5
      vertex 49.0705 -12.3213 5
    endloop
  endfacet
  facet normal -0.473483 0.537031 0.698149
    outer loop
      vertex 49.0556 -12.3345 5
      vertex 46.3991 -9.47659 1
      vertex 45.7865 -10.0167 1
    endloop
  endfacet
  facet normal -0.506259 0.506259 0.698143
    outer loop
      vertex 46.9766 -8.89911 1
      vertex 49.0705 -12.3213 5
      vertex 49.8213 -11.5705 5
    endloop
  endfacet
  facet normal -0.506249 0.506267 0.698144
    outer loop
      vertex 49.0705 -12.3213 5
      vertex 46.9766 -8.89911 1
      vertex 46.3991 -9.47659 1
    endloop
  endfacet
  facet normal -0.0674083 -0.712769 0.698152
    outer loop
      vertex 39.5986 16.771 5
      vertex 38.5613 16.8691 5
      vertex 38.3163 12.9743 1
    endloop
  endfacet
  facet normal -0.0224698 -0.715596 0.698152
    outer loop
      vertex 38.3163 12.9743 1
      vertex 38.5613 16.8691 5
      vertex 37.5199 16.9018 5
    endloop
  endfacet
  facet normal -0.112026 -0.70713 0.698153
    outer loop
      vertex 39.936 12.7697 1
      vertex 40.6475 16.6062 5
      vertex 39.1293 12.8975 1
    endloop
  endfacet
  facet normal -0.111294 -0.707255 0.698143
    outer loop
      vertex 40.6475 16.6062 5
      vertex 39.936 12.7697 1
      vertex 40.6672 16.6031 5
    endloop
  endfacet
  facet normal -0.657072 -0.284342 0.698145
    outer loop
      vertex 53.2076 6.24048 5
      vertex 52.7938 7.19671 5
      vertex 49.2628 5.53513 1
    endloop
  endfacet
  facet normal -0.707127 0.112035 0.698154
    outer loop
      vertex 50.2697 -2.43596 1
      vertex 54.1062 -3.14753 5
      vertex 50.3975 -1.62933 1
    endloop
  endfacet
  facet normal -0.707226 0.111459 0.698146
    outer loop
      vertex 54.1062 -3.14753 5
      vertex 50.2697 -2.43596 1
      vertex 54.1031 -3.1672 5
    endloop
  endfacet
  facet normal -0.565869 -0.438602 0.698155
    outer loop
      vertex 51.1622 9.95074 5
      vertex 48.0172 7.64121 1
      vertex 51.1744 9.935 5
    endloop
  endfacet
  facet normal -0.56573 -0.438785 0.698152
    outer loop
      vertex 48.0172 7.64121 1
      vertex 51.1622 9.95074 5
      vertex 47.5167 8.28651 1
    endloop
  endfacet
  facet normal 0.243526 -0.673278 0.698135
    outer loop
      vertex -42.7419 16.0684 5
      vertex -41.5172 12.3637 1
      vertex -42.7231 16.0752 5
    endloop
  endfacet
  facet normal 0.242488 -0.673637 0.69815
    outer loop
      vertex -41.5172 12.3637 1
      vertex -42.7419 16.0684 5
      vertex -42.2856 12.0871 1
    endloop
  endfacet
  facet normal -0.637085 -0.326618 0.698171
    outer loop
      vertex 48.892 6.2628 1
      vertex 52.3208 8.12506 5
      vertex 52.3117 8.14281 5
    endloop
  endfacet
  facet normal -0.637906 -0.325059 0.698149
    outer loop
      vertex 52.3208 8.12506 5
      vertex 48.892 6.2628 1
      vertex 49.2628 5.53513 1
    endloop
  endfacet
  facet normal -0.56571 -0.438819 0.698148
    outer loop
      vertex 51.1622 9.95074 5
      vertex 50.5236 10.774 5
      vertex 47.5167 8.28651 1
    endloop
  endfacet
  facet normal -0.537036 -0.473479 0.698147
    outer loop
      vertex 50.5236 10.774 5
      vertex 49.8345 11.5556 5
      vertex 47.5167 8.28651 1
    endloop
  endfacet
  facet normal 0.156137 0.698714 0.698155
    outer loop
      vertex -40.733 -12.5916 1
      vertex -40.6672 -16.6031 5
      vertex -39.936 -12.7697 1
    endloop
  endfacet
  facet normal 0.158417 0.698476 0.697879
    outer loop
      vertex -40.6672 -16.6031 5
      vertex -40.733 -12.5916 1
      vertex -40.6866 -16.5987 5
    endloop
  endfacet
  facet normal -0.616248 -0.364463 0.698144
    outer loop
      vertex 52.3016 8.15996 5
      vertex 51.7712 9.05678 5
      vertex 48.4763 6.96575 1
    endloop
  endfacet
  facet normal 0.158417 -0.698476 0.697879
    outer loop
      vertex -40.733 12.5916 1
      vertex -40.6672 16.6031 5
      vertex -40.6866 16.5987 5
    endloop
  endfacet
  facet normal 0.156137 -0.698714 0.698155
    outer loop
      vertex -40.6672 16.6031 5
      vertex -40.733 12.5916 1
      vertex -39.936 12.7697 1
    endloop
  endfacet
  facet normal -0.712769 -0.0674083 0.698152
    outer loop
      vertex 54.3691 1.06131 5
      vertex 54.271 2.09861 5
      vertex 50.4743 0.816277 1
    endloop
  endfacet
  facet normal -0.713063 -0.0647258 0.698106
    outer loop
      vertex 50.3975 1.62933 1
      vertex 54.271 2.09861 5
      vertex 54.2692 2.11844 5
    endloop
  endfacet
  facet normal -0.712786 -0.0673289 0.698143
    outer loop
      vertex 54.271 2.09861 5
      vertex 50.3975 1.62933 1
      vertex 50.4743 0.816277 1
    endloop
  endfacet
  facet normal 0.362518 -0.617357 0.698177
    outer loop
      vertex -45.66 14.8016 5
      vertex -43.7628 11.392 1
      vertex -45.6428 14.8117 5
    endloop
  endfacet
  facet normal 0.364453 -0.616248 0.69815
    outer loop
      vertex -43.7628 11.392 1
      vertex -45.66 14.8016 5
      vertex -44.4657 10.9763 1
    endloop
  endfacet
  facet normal -0.243526 -0.673278 0.698135
    outer loop
      vertex 41.5172 12.3637 1
      vertex 42.7419 16.0684 5
      vertex 42.7231 16.0752 5
    endloop
  endfacet
  facet normal -0.242488 -0.673637 0.69815
    outer loop
      vertex 42.7419 16.0684 5
      vertex 41.5172 12.3637 1
      vertex 42.2856 12.0871 1
    endloop
  endfacet
  facet normal -0.199761 -0.687516 0.698152
    outer loop
      vertex 42.7231 16.0752 5
      vertex 41.7226 16.3659 5
      vertex 41.5172 12.3637 1
    endloop
  endfacet
  facet normal -0.0224698 0.715596 0.698152
    outer loop
      vertex 38.5613 -16.8691 5
      vertex 38.3163 -12.9743 1
      vertex 37.5199 -16.9018 5
    endloop
  endfacet
  facet normal -0.0674083 0.712769 0.698152
    outer loop
      vertex 38.5613 -16.8691 5
      vertex 39.5986 -16.771 5
      vertex 38.3163 -12.9743 1
    endloop
  endfacet
  facet normal -0.284311 0.65708 0.69815
    outer loop
      vertex 42.2856 -12.0871 1
      vertex 43.7405 -15.7076 5
      vertex 43.0351 -11.7628 1
    endloop
  endfacet
  facet normal -0.283757 0.657311 0.698158
    outer loop
      vertex 43.7405 -15.7076 5
      vertex 42.2856 -12.0871 1
      vertex 43.7222 -15.7155 5
    endloop
  endfacet
  facet normal -0.284349 0.657068 0.698145
    outer loop
      vertex 43.7405 -15.7076 5
      vertex 44.6967 -15.2938 5
      vertex 43.0351 -11.7628 1
    endloop
  endfacet
  facet normal 0.707136 0.112005 0.69815
    outer loop
      vertex -54.1062 -3.14753 5
      vertex -50.3975 -1.62933 1
      vertex -54.2692 -2.11844 5
    endloop
  endfacet
  facet normal -0.715619 0.0215666 0.698158
    outer loop
      vertex 50.5 0 1
      vertex 54.4018 -0.0199091 5
      vertex 54.4024 0 5
    endloop
  endfacet
  facet normal -0.715601 0.0225303 0.698145
    outer loop
      vertex 54.4018 -0.0199091 5
      vertex 50.5 0 1
      vertex 50.4743 -0.816277 1
    endloop
  endfacet
  facet normal -0.438786 0.565732 0.698151
    outer loop
      vertex 45.1412 -10.5172 1
      vertex 47.4507 -13.6622 5
      vertex 45.7865 -10.0167 1
    endloop
  endfacet
  facet normal -0.439307 0.565338 0.698142
    outer loop
      vertex 47.4507 -13.6622 5
      vertex 45.1412 -10.5172 1
      vertex 47.435 -13.6744 5
    endloop
  endfacet
  facet normal 0.112004 -0.707136 0.69815
    outer loop
      vertex -39.1293 12.8975 1
      vertex -39.6184 16.7692 5
      vertex -40.6475 16.6062 5
    endloop
  endfacet
  facet normal 0.111294 -0.707255 0.698143
    outer loop
      vertex -39.936 12.7697 1
      vertex -40.6475 16.6062 5
      vertex -40.6672 16.6031 5
    endloop
  endfacet
  facet normal 0.112026 -0.70713 0.698153
    outer loop
      vertex -40.6475 16.6062 5
      vertex -39.936 12.7697 1
      vertex -39.1293 12.8975 1
    endloop
  endfacet
  facet normal 0.284349 -0.657068 0.698145
    outer loop
      vertex -43.0351 11.7628 1
      vertex -43.7405 15.7076 5
      vertex -44.6967 15.2938 5
    endloop
  endfacet
  facet normal 0.713063 -0.0647258 0.698106
    outer loop
      vertex -54.271 2.09861 5
      vertex -50.3975 1.62933 1
      vertex -54.2692 2.11844 5
    endloop
  endfacet
  facet normal 0.712786 -0.0673289 0.698143
    outer loop
      vertex -50.3975 1.62933 1
      vertex -54.271 2.09861 5
      vertex -50.4743 0.816277 1
    endloop
  endfacet
  facet normal -0.616906 -0.363309 0.698164
    outer loop
      vertex 52.3016 8.15996 5
      vertex 48.892 6.2628 1
      vertex 52.3117 8.14281 5
    endloop
  endfacet
  facet normal -0.61626 -0.364435 0.698148
    outer loop
      vertex 48.892 6.2628 1
      vertex 52.3016 8.15996 5
      vertex 48.4763 6.96575 1
    endloop
  endfacet
  facet normal -0.592163 0.402403 0.698151
    outer loop
      vertex 51.1744 -9.935 5
      vertex 51.76 -9.07325 5
      vertex 48.0172 -7.64121 1
    endloop
  endfacet
  facet normal -0.59204 0.402601 0.698141
    outer loop
      vertex 48.4763 -6.96575 1
      vertex 51.76 -9.07325 5
      vertex 51.7712 -9.05678 5
    endloop
  endfacet
  facet normal -0.592132 0.402463 0.698143
    outer loop
      vertex 51.76 -9.07325 5
      vertex 48.4763 -6.96575 1
      vertex 48.0172 -7.64121 1
    endloop
  endfacet
  facet normal -0.673636 -0.242498 0.698147
    outer loop
      vertex 53.5684 5.24188 5
      vertex 53.2155 6.2222 5
      vertex 49.5871 4.78562 1
    endloop
  endfacet
  facet normal -0.715596 -0.0224697 0.698153
    outer loop
      vertex 54.4018 0.0199091 5
      vertex 54.3691 1.06131 5
      vertex 50.4743 0.816277 1
    endloop
  endfacet
  facet normal -0.707136 -0.112005 0.69815
    outer loop
      vertex 54.2692 2.11844 5
      vertex 54.1062 3.14753 5
      vertex 50.3975 1.62933 1
    endloop
  endfacet
  facet normal -0.657202 -0.284021 0.698153
    outer loop
      vertex 53.2076 6.24048 5
      vertex 49.5871 4.78562 1
      vertex 53.2155 6.2222 5
    endloop
  endfacet
  facet normal -0.657082 -0.284308 0.698149
    outer loop
      vertex 49.5871 4.78562 1
      vertex 53.2076 6.24048 5
      vertex 49.2628 5.53513 1
    endloop
  endfacet
  facet normal 0.687513 -0.199788 0.698148
    outer loop
      vertex -53.8659 4.22259 5
      vertex -50.0916 3.23297 1
      vertex -49.8637 4.01722 1
    endloop
  endfacet
  facet normal 0.688029 -0.197916 0.698173
    outer loop
      vertex -50.0916 3.23297 1
      vertex -53.8659 4.22259 5
      vertex -53.8714 4.20347 5
    endloop
  endfacet
  facet normal -0.698509 -0.158099 0.697918
    outer loop
      vertex 50.0916 3.23297 1
      vertex 54.1031 3.1672 5
      vertex 54.0987 3.18664 5
    endloop
  endfacet
  facet normal -0.698714 -0.156135 0.698155
    outer loop
      vertex 54.1031 3.1672 5
      vertex 50.0916 3.23297 1
      vertex 50.2697 2.43596 1
    endloop
  endfacet
  facet normal -0.698713 -0.156189 0.698144
    outer loop
      vertex 54.0987 3.18664 5
      vertex 53.8714 4.20347 5
      vertex 50.0916 3.23297 1
    endloop
  endfacet
  facet normal -0.715596 0.0224697 0.698153
    outer loop
      vertex 54.3691 -1.06131 5
      vertex 54.4018 -0.0199091 5
      vertex 50.4743 -0.816277 1
    endloop
  endfacet
endsolid OpenSCAD_Model
